{"version":126,"hash":{"type":"Buffer","data":"EnUGDcMFr5WzuZ7xmLE1xY06IuL1u28xdbqcpMOvpd/LB+/SIxdy81+39rRxm59MeoGWQelWKB5vI9MpSCgMp405zjYKfB8Uw5SNZnLnj8bocvoQgLNSdMFMCJpVrvYU0nW8Pl+kbkgmomLqDmZVSWm95l4U63Y8N497x584fws="},"indexValueMap":{"Aa6BLquoLMG9rMkwegehrl9BQSxT+/y1MEt2UikAYs4=":{"valueMac":{"type":"Buffer","data":"Zh1JCH/gSYalAaTDy4F98TchX9vg2OXkYTH3EeMTdzQ="}},"AlZTe24gb88vlMAGuzYFXeU1uF0/VlFhfyGBxOwsj2s=":{"valueMac":{"type":"Buffer","data":"PqWH23/CSTFS0yNMW214wY7kaffPVlrg0KpY0rbIkCU="}},"BKBlCJX2807lZmgAMYpEqALxk9RcORSQmwFScIXNtJM=":{"valueMac":{"type":"Buffer","data":"MGLWbc6ckT+a6gWhoI3i6brDUcO5C2nkVoJCAN2w6hg="}},"CWcQRY3KQdmkTAoG+GgT/Nc0GeDGK/ocPkrKJOYMOOs=":{"valueMac":{"type":"Buffer","data":"jxlC3vg+ZkTjN5pFsGCbgwBnos5Y4Ugygcr2XJ/m7ts="}},"CnNLWymsbDRKdce7uYYX1q3BLXCMtLSOAVJGyM5UZCk=":{"valueMac":{"type":"Buffer","data":"5un5y77HgyL//fAr1aWwd0DDHHQzYezoHyMsxfXC/AM="}},"C/N3reWoFyTrGANZD2qQmh5KIMYCPWoyDCUEF8IFDmw=":{"valueMac":{"type":"Buffer","data":"eXXVugTXM3iI4/s3R0Qo5FDUivMgWR2K6siMgnbHurM="}},"DqhkeaSBrxpAUjMzS51OvKmUgGavkn88aVijedfyqok=":{"valueMac":{"type":"Buffer","data":"Smqoufpve4KwZX01wOCBYvsU4ZPFNKf2U2O7rDR6DiY="}},"D7mqGbttyyQTdk5gEnj79RoGElGrfVbvlu7LP+B31rM=":{"valueMac":{"type":"Buffer","data":"vVWibXIQt/irfxz+q/9phEYP2xx97JPHnYFyLCj+SYk="}},"EWlIQ/C8M/1GPqxePFJeh5UFw2OBLMPPQ/9N9VBY7vI=":{"valueMac":{"type":"Buffer","data":"AZhPQUU7Jvviv33/7LZY10UKavyyuR7tXUvOZdg0D2w="}},"FvC8dUs2MjZTIuaiIENoDhlQtpjaDgCeqPlI7JjLkBM=":{"valueMac":{"type":"Buffer","data":"5yzq4Cx+WZAh0aJ2U4UtfE4iyneQ0azZToDuS6QqCos="}},"GX3y2Wa4nsDcbAf8kTmw76Cc9w9XjFAAfte2uv41/T8=":{"valueMac":{"type":"Buffer","data":"12EF961SWiuCZc7bLOxxyfC5svhOoiZeFZHt5DT11YM="}},"G9uKRGXhRbuG6Dt4qeTwFQKQfvd8uHo9pLoRtaIZ6sc=":{"valueMac":{"type":"Buffer","data":"ZmJd5BmV4v22yn24nnBbxsjDmn1m3rI8PTj6Ai+Re7I="}},"HKqXU68D8oKN/tkNSveNBjKjXsYziZbNGRw2Ls5d6U8=":{"valueMac":{"type":"Buffer","data":"4m8LKDf8yeFfWcYlqW9ODZ8bOu5MI0IU3xgyFDlLtc4="}},"IfLZlhYmlL07BhISPJfLKFUdIzPHXckttAfMLVBLxcM=":{"valueMac":{"type":"Buffer","data":"NmNdXPu5pHmLLykbsG55F4eBZz7FawJch/vQQmYE9D4="}},"KjPZz7gudVn5IkUt2ltSrm+e8NVceIPhRdkmm41oKY4=":{"valueMac":{"type":"Buffer","data":"bCLt6oP+JbB1DRFVwU2cp4x6S2wDvmyw4G+Ol1sb6EY="}},"KyCB5xyZ5Oqqwz80XMb7McqHm2P2l8Y7Tia1PqeUBRo=":{"valueMac":{"type":"Buffer","data":"E+gNmZSkfzLgesvsmHPK9ae9hEmAWSGoTdkVBsEUGcg="}},"L6TCQ5/22RLCMsrzjjcMEq96v2vimZItZTuJqB2MRV4=":{"valueMac":{"type":"Buffer","data":"v7vIypqYtxvzgRrFbG/IDzC8FpKKbacyKCG+iG/qF4U="}},"Mg84/sAtTxn6393fyD4dxv+sZG8O9WEjUtZVs6oUCz4=":{"valueMac":{"type":"Buffer","data":"q5n2s8tv9J+sDG0wZUEak82mHHJE3ssRdDv/QK3VOeA="}},"NvU6v3B+mZwF3W/dCP8+vw3ksderUqi2RM8c5Fbmc3k=":{"valueMac":{"type":"Buffer","data":"ljfbaSNLKt6u1FXpppxMro0RMLzLl2CSJQFKxcdQg5g="}},"O4H8z4H1UH4lfJJBvckhBzTOnIRAu8abgbX0B9TqZrM=":{"valueMac":{"type":"Buffer","data":"peAR5h4avLuwdrk49KDVB9reNkBZzfa+CJawYB+qiDw="}},"PAOY+C/dAg+6PlGNJyOIHdFo6FYFCvFm2KAHsnKmqDA=":{"valueMac":{"type":"Buffer","data":"7RgpY7yzvCWJnYhl+6drrBJPE4m2DVsuLSBi5OZmlZs="}},"PoI4QcEuctySh0QpNVdEqdDF6tD/M4rHr/4JOVuFyZw=":{"valueMac":{"type":"Buffer","data":"BdFh0b2czXTN6FT8uiPOaheh54rVD5d+E3zLqM9wZgg="}},"Px+Y86glzJyRqN2rjxapW/CzBrTrDObHTXdEWkQ6Ckk=":{"valueMac":{"type":"Buffer","data":"vwCBaHmvUqzfxQgSYcLYyUkkJAOsVMfieovvh12EDzY="}},"P4zeIXBRazpV5VcubIN7VSNDeAspu0wFc2R+3WOSwEg=":{"valueMac":{"type":"Buffer","data":"r/wtQpSDlrrY0WQW16DVPKr/l62P+hHzKQm7stk6o4w="}},"QHdqHndNgHqwKi+YG42SdPbJaOq5Gc+UvdSx81zUWhY=":{"valueMac":{"type":"Buffer","data":"TOEVKcK2+YatCYznlx3H1++VHUzDNn/ALC4GMBLMIXI="}},"Qt0p6gO6WD7/1ydOlbE81qta/0oULBoCJe7O4lG7h8Y=":{"valueMac":{"type":"Buffer","data":"2SHm4ir2zcYlj87OccDFcjj9awYGXbjIheBjMgzj+E0="}},"ReycZX+JRVDaKMBB9RZAtHx/hQgLG9k4lFNZtBshzkc=":{"valueMac":{"type":"Buffer","data":"jrZg4UgY8MOselpVDKZZVNO/MqaZy/aqVpmajvkq6gE="}},"SfDPGvjW0Wjvuyw1aXZk/8fqrWS7NY26Ymi35hjfsOY=":{"valueMac":{"type":"Buffer","data":"R7+dDBeqO4CXkX7KBr4gBZZvaH77jXPC94xZnnRLlkU="}},"TyN7EKDWJyIBszTUAt37enWnFeI1MKBzqX/HwzP8o3U=":{"valueMac":{"type":"Buffer","data":"/yMeSVFw2iVYsIEGGSKlAUwED9OQqCFlhO7hGyCWQt0="}},"UqaO1oDWdph85dyvzcmq88MtcKWINZXal55qZ0x+2kQ=":{"valueMac":{"type":"Buffer","data":"ynHbaQwAXssycDjYEa8NTOdfBORa1EDUvtJVl5CnIO4="}},"VdNoUWpc38y0NkfokwtORtlrzqRncjv1+U8pQuR5+sQ=":{"valueMac":{"type":"Buffer","data":"JKNJFqS04/bXCW8WVyehgFM4fvjsAN8wbXeS9iHg7XU="}},"Wj3uQcwPbZvtDoR4WULhm4uiUxBeopl1aftlmUNFivA=":{"valueMac":{"type":"Buffer","data":"zvfpr26NIO1Cz5K8tgDTqVIVh3NKXv3rP/hXHdSIZC0="}},"XsDBa3sPgczc/qo+Hdybg56vUQdlAakHrsBWu+D8nRc=":{"valueMac":{"type":"Buffer","data":"RLgUaJtGVggt4gyfYjw4IEcDilPDTFP/VNvxH5e6O5c="}},"Xu/beuMSc988rovARjvWwKBju4Nwakrfn0EFVhTXRPA=":{"valueMac":{"type":"Buffer","data":"HrLkU0CXQYNpxkZfREoE77UZm0HtMvmh2TDrhfoaos0="}},"X8zlGxCjhOTWot/ORNbM8fG6wW+Cku5q1bpsQ7RJG9E=":{"valueMac":{"type":"Buffer","data":"W5Sfpuo22dTNQ65bN7ZRtKZA05QdAfSrMDW/hwUwynQ="}},"ZvIB/s2s+iOxLumEM+ots+LHyZ1N5adQNUhsW6FT5Gw=":{"valueMac":{"type":"Buffer","data":"hSZZ46H53V170rbFGLiAA8OrhL3FTKExMnV4aBcohcM="}},"ZxW0RZlWe4iEbvG/8epQhLqtij+JLtNCImgbnyEJKHU=":{"valueMac":{"type":"Buffer","data":"VjCEop7/GozkviL2GEGLp9IW3Kb8c2sWUVPb9CZ5ZbI="}},"apRQ/DmGEY/LKTYUvrmgx3j1JvP3awZ9WoIzx1zJN+Y=":{"valueMac":{"type":"Buffer","data":"HKwERvWFGsEMcCGcnIFRQLnleMQsM3daSoYUTC6xmWo="}},"bOsOpMUFNIrulOFywxCMMu6zJShBwJxSCzBlCYzrquY=":{"valueMac":{"type":"Buffer","data":"QVJd+K7iKL4WBguQ48aD/hdvNPNxtvNbiqSyPP7UiNE="}},"bolw6hveWx1HMi/YJ5baXenHZbAmtkFJNnSn5WuCYM0=":{"valueMac":{"type":"Buffer","data":"++BDmE5Ib8D0cdjCd856d0AFWag3K0rTvt+ZaS4q1y0="}},"cyfda1raqdDhh2n4Nncf6/lwxu+1t2bqcbrp5tBZV3E=":{"valueMac":{"type":"Buffer","data":"NuGYS64o21OM3AVnYHy6KPYiOiRpGoHlAyqYB5Y5XN4="}},"eewGjMMDn4mUlGubmxp3FSUc4W1dm33hlrRYGmMdI2Y=":{"valueMac":{"type":"Buffer","data":"5PIXPPvDNBtH9WeAd0bXvrg3TRIWtbkFrFoqy1n2S7Q="}},"fHkeacFXxOJuDkM48nYcwrNIWntR088ClvJgEhPCbOM=":{"valueMac":{"type":"Buffer","data":"XsndDozDs6PUS7HAM5aw8TWJxah9Ah77iAVDr0ql9Vo="}},"fciqXuyyJa0uHUQ7/9KuKOmi36vMse1VKPECcuJtAWo=":{"valueMac":{"type":"Buffer","data":"tE490jRllgWC2ecXe0eudAd8RagccJCN3uLNJOwQfZ8="}},"gigH/FjtctsA/8mYzKH7F/N2pw+IhyMA7PQde55Z1Es=":{"valueMac":{"type":"Buffer","data":"T2PtYeeFKB+U9aoKHoQgeh6CcP14M2wFnJcDPgI/s5o="}},"g95cB6fal65IN1634BZKrAr8iHH4S/eZym6FKCHN/Ok=":{"valueMac":{"type":"Buffer","data":"TfcAE8hnoQgzs124hkI+Ur9cNqSe0odd/PiF7z7bR+o="}},"hKmHb3y5WXU5zDjAi24Wk2CHadGNlY0jKaVf/tzjHGM=":{"valueMac":{"type":"Buffer","data":"V5fm/GbSsxCm3DuGJiGxQHzcuYThS4gtkoKCQhf7R9s="}},"h/XdKqz8qo+kBkpL/VM3L/Pnb0grIVd6GJNbbvkXsyA=":{"valueMac":{"type":"Buffer","data":"RKb9iRmsdwBntl5/pf9wLc2HKrDFlofdI17gFEJIhYQ="}},"i6oOcRBWHP/Sh7QWRAEO3jRGGFZFishW3xhtUDC5SA8=":{"valueMac":{"type":"Buffer","data":"JfFl5/JdcW+B71azBeb2usLavMythjcIcqvBMENHneY="}},"jbDbXdFPsVQ/IsebgQbjnV1PtdxLgKc+Ugz5xfJgVYk=":{"valueMac":{"type":"Buffer","data":"96zCk1AxaHvntf9liC4qSl0w/LopuVRn734bGy1R0aM="}},"j4b+EiptEYus2sLuO1wr7f4tfQn59vBisYadEquSR80=":{"valueMac":{"type":"Buffer","data":"1EhLrHSp+MtUCBPr0o9c7E/ECayzR8Rj5sTSz0bSUdk="}},"kXomvcxnDyi4IFxwIGKBzaUuCXrhfsvvnFa0pQIOMnQ=":{"valueMac":{"type":"Buffer","data":"ZLuvkO11oICMcUGg9rsocRkBKm/NX30JWpSJ6WyPbfg="}},"kkXrXpYqKXldkyEcVcEJguybHg+Ucf320UnLwZag8fo=":{"valueMac":{"type":"Buffer","data":"9to9rJHqSfFUd270yBXfPzp3Jm3WxWNhvQzZGp2eSeo="}},"kraZicCii8NuuUwSFKcWMFoCH+mMaPJfV5BrsHrg/mQ=":{"valueMac":{"type":"Buffer","data":"Qd78qyp7dN6jkLJa0PIFgQzRTzg5mQeVaHGaXwywE/Q="}},"ktFBejpz5rcZ+y9Ul6+Or7Ew5NO4m9+9CG6Db00yDa8=":{"valueMac":{"type":"Buffer","data":"P8Pd7wa9j3QX70wMWAPzF2Bd4WPaJ/ArwM7KI77khUg="}},"k/g6x6XLXQxrJwoQVsG4LiOqjv7z5l/QpRwk7if+ceg=":{"valueMac":{"type":"Buffer","data":"RiLWdYeLAQYt8yLYyRMPRez5NmBoaR9mui1LLXBjDyA="}},"lMDTtYAWlXqEky0WBfNmNYuNWBceKiFLKjjLrK1pkqA=":{"valueMac":{"type":"Buffer","data":"sZRwo+FjgVy/2V5krHVFuo1RJzQy4RkJwXZlbSZIWR8="}},"lZhaBCI8PyT+NxMEQUJO1yiIrejttDBpurfUthSrV3o=":{"valueMac":{"type":"Buffer","data":"7+ZVBBi7fsa32Uafzd4KjKTCzuxOHfrXhWIknJnwoZQ="}},"m9elX6hlY3f1BtDfFspgtC889ENa5uDotekaUOm+KbE=":{"valueMac":{"type":"Buffer","data":"Q1X9vBkb+qY79lGb9Nbp/a3/I37Q/eckKnWkA5vwxF0="}},"nv4VaooFRlBXiOmZp0ELaxycRW7BB0mD8mvXHVW/A7o=":{"valueMac":{"type":"Buffer","data":"XP66VAKZ324A3uKkvusZZtyy3RqamzXclxzYXjD5QoI="}},"oO73F1JIjXyOl3CoV3Hx39Tacp2nMZRwNf/Sb/v50WM=":{"valueMac":{"type":"Buffer","data":"9jBOnAcczxCi8uf4nFYKb8btQV3uYTdkLvLvOyrLyyM="}},"oZjw5gqleTc8Qa0+VRa8t10Xeg3LugvonDlDOpshdAY=":{"valueMac":{"type":"Buffer","data":"MEoa5bBFPvGJU7n+gIAMAdrOPxJ19/iilrC5LXbkmGQ="}},"ohuL7ppaIACWU5H95iR+WE5yMW8CFpTX0jPQRDpt/90=":{"valueMac":{"type":"Buffer","data":"H+IV6tU3NHIDqOsKNv3Os7yhdy43hRKrGf9t9f2ynSE="}},"plH9VWW64C/muIQa/MJ/0wssliV3+RyJiZYpuXy66ZA=":{"valueMac":{"type":"Buffer","data":"mcz/jZAPezUFj2DILeoy4NZzlPIL8NelmRaEXQACTJo="}},"rMgcOgmwIfMWxOm/wTO74JPEd8ZVsNrxBrE2m2ds6/Y=":{"valueMac":{"type":"Buffer","data":"x10SAtyME4i5KZuTK/q4GpHM4rHmVqX3RQHozSdGQCY="}},"tj6A2vfhmi/VVYZ3spP2IxNhBe4/oVlBV4JsjgM3bKg=":{"valueMac":{"type":"Buffer","data":"TJqfwA8cruE6mcP7vRn5LF+v87DydBkHU030XtW3J5Y="}},"t1S0Uhhv7UdtveqlHx89q4oEjrbHmTF+3tFMIfZ+96M=":{"valueMac":{"type":"Buffer","data":"VdFfYnJXHQEFi8Ddp7rTWl6i/hFmRc8b9dzkon5HMWc="}},"uY49WLxTMz0efZsy7Kok+9tDbwqYMi5/EnMIrGJ5NFw=":{"valueMac":{"type":"Buffer","data":"e44Hw+IclUhYyYbPTWJ1l+kiQPcSKFgBpHWYkTIxGxc="}},"upwPfG/LdMIPrJv3UN9UvxxQ/+kUPHPUQrM1RPInkro=":{"valueMac":{"type":"Buffer","data":"ttCvi437/DHk4ZNv2+E1pIIIHEMFyfAE8OQB+i7FIiM="}},"vK7LTErbb0vHgH2U69JZLUE2ybT9pJIp3x/DiRIQR+g=":{"valueMac":{"type":"Buffer","data":"ScYgqoRr3l9uJO/G2jHdzfd+gCTXE0NXjOOQ+KDDtXI="}},"vL9gGbLC9i8uou/oXOAAxSepJDYT8TAfR4ZK5DhhX48=":{"valueMac":{"type":"Buffer","data":"Gn8tYCIS/9gNqPoF89pO7ts+18H1qtt0LOVbKFNyGyM="}},"wUOMYOvlgshNiioLajwVwg0Ed1sCWPqHSlLXTUaXBOk=":{"valueMac":{"type":"Buffer","data":"XPl/KobO3uslo9t82gQ3DqiFr8zGGct7bbOHcak0e8s="}},"xiPy3FuAMNXB2C1r4rT8hBvRf7lRcWv43jT/1WfHxAQ=":{"valueMac":{"type":"Buffer","data":"s+8CJkhlCm7h0DhnCPvdrnFt9u7nPEP76c08XZwxVhI="}},"x5v8dHhhdts9zpMaJNtJf8S77n+npBFhb47L54Hl6s8=":{"valueMac":{"type":"Buffer","data":"ayEu/oXLcc5DAEDAGdDy9e/5EZGLgF8lHVacnEhXjr4="}},"yBxU6UBfZNshYdK88TrzzmyHZlipXOnCpWe4QENg/zw=":{"valueMac":{"type":"Buffer","data":"wNld9FLJKPrz6FS30h27hNC05lo8NOacYNxAmoKgduk="}},"zhHJbQbE7IlSSXn/ZnWuzAr8UZQqR7eZ3hnYJXop+Mw=":{"valueMac":{"type":"Buffer","data":"gFLFYFQt+nWBjSdkkAE0fVFHpYvWctBWvRNizrWzRjI="}},"ziBS9h6vC66BaneE+kexW/jV09vjkxJ4Pe9aGxekKfU=":{"valueMac":{"type":"Buffer","data":"EDv1IQcQ13/0/TPo2HyW6dDobg2H4njTRxvmbYc1FZQ="}},"3I0dhSs2GXXF2vPvOh6RWgKaeILF7efKAh8u0zM7VIA=":{"valueMac":{"type":"Buffer","data":"cwyjQTPI453SuZ44DV94z4uYTQC56VbSJKOWVvfO+Iw="}},"3P9VEZwLEI9qpMP4AO1zWP0QFjbiC+HXwF91jxqyFGQ=":{"valueMac":{"type":"Buffer","data":"HJoLabwgYd4B4uSIPUZY1f44m24HM7liG9Ev+udnoBQ="}},"3Udey3KAwUVOP30818/3JmiTToqBcbYCK0650A8EMQ4=":{"valueMac":{"type":"Buffer","data":"QVhBzvsm6lWv2ROe1isZOpXaU7qXR5iSNQx2QVHCyp0="}},"3WYvLaQg9a283cxAtglBpRuV0vKHA0VtiXnG8kFUQ+c=":{"valueMac":{"type":"Buffer","data":"ImUPA+WlwJxuJ2h6DAQiHgXRvj6T3uJ8iQFNjrdQrpY="}},"484SoJs3g6TfxIDNZLSA5NuZpWYPZnpCrfMDxjqhIwk=":{"valueMac":{"type":"Buffer","data":"lXolxbq9YVSYOaXE3CLGNV0qbx3hojcHbWb46YTSp68="}},"5+hrW6UAVWvJONC9K7D+RPdYgMBYBgO1f2ktee0amDc=":{"valueMac":{"type":"Buffer","data":"HYxbYJv2Cs/MhcfIPy43DVq9kthD+5y7m7Gxlh/IL48="}},"6CVN8arcYpc2Jq55h0lqdGI5g+ivXdrfTN8fXydINpM=":{"valueMac":{"type":"Buffer","data":"1rYQ9x2YhZDykMavS1Z/RKfAhwKppiw4EKMKpdP58HM="}},"6RH9Mzt3Pz+JsDtyJZBbeSztkY1nfaxf1ZwG//whAU0=":{"valueMac":{"type":"Buffer","data":"zngRon1wSRxbWb8PN5ouLGBacm4plRBGnT8B7I5mHMM="}},"6YGEAwoDhmdgoFw0EhGAQTm1c4X0dodmbETrpmYZhJA=":{"valueMac":{"type":"Buffer","data":"0JeJkDQZsZzn9XWMF/poSWe3Q0lxMAj6n0l5avRJj1Q="}},"6eAXwrLP4JzJwWEXXmSON8BhyRpWzl9Ae+olnNl3yac=":{"valueMac":{"type":"Buffer","data":"3YgLtDjpMNxfRSXUp1OFg/nO1eEJx6Uq9qlNEbk/Tlg="}},"7wRjto8BaCz8yYaDTa/xlK9vRGd7JuPP4XMnP18WhgM=":{"valueMac":{"type":"Buffer","data":"xxH+pD5KDDHxugEVJMBc9K1cpIPj1ZH8NNeRnqAbAEQ="}},"77OlFnRyGltvOeajQKTSy7rQk3cLg7Y7b7AnMJLwCVQ=":{"valueMac":{"type":"Buffer","data":"ECcBmsuKV2sNgJCZROOAomK+IPOOPpM4WXZCxdHPwKk="}},"9TRM7Pbj16Wu6WEVdwJYWfo8PiNzyFqG13UVrXZIxN4=":{"valueMac":{"type":"Buffer","data":"NC3Crsgtgvmr7B2LEMNwXVCaGCxJVzt38RU1jSgF61s="}},"/55hEym8CeOGi8WaCPIVBPaQNCUjVPQFMkHn9MaBAvI=":{"valueMac":{"type":"Buffer","data":"Y2ERQ7TpJQAzavJccMfvFqoKQNSmQ7YhzZmse1xUEes="}},"eL9Wtn3pZaT6aFtmkQYIwKLDhR92pEg9VGeosFbosRk=":{"valueMac":{"type":"Buffer","data":"JptTs5nQG5NtXNMnMQ6cDg1cWPAiqOBJ5C59fBxCNp0="}},"P8/RBowt4qM5RG+ZRXSYbPgYADgfWjI7WfplJ29d9Mo=":{"valueMac":{"type":"Buffer","data":"iIPfL9EIOPnJBosUz3OaQwuHIF43M/h//L8nw0froVA="}},"axKpO+afwqUB+gv/fSxpIfhlc+e1ifCsNFB/HBccBfE=":{"valueMac":{"type":"Buffer","data":"MS4HLeXaWHh8w3xr5Ek1epWbvmpkFL2RxXHI09X+3TY="}},"3L4RSoNvUt8Om/KfvGxkAezW8NK7ZIjA2jiEvRsHO/k=":{"valueMac":{"type":"Buffer","data":"TQKeMEacEf6WPVVWdat3K7rPe4BMuDgjwLuJHP3AOkY="}},"4PXnhOWkeIFEaLSGeixuzITP6poG04YfaYvU/bcWBLY=":{"valueMac":{"type":"Buffer","data":"kiZ1s+kRXSSKKxyu7DYjcrrewXn6Xl+UGhoVAr7dpSY="}},"qTNEDhOLDQrTacjwAEOf3BRZT0LRrQNZHrpe3CELTZg=":{"valueMac":{"type":"Buffer","data":"i+5UN1QkE4Um4mYJlcWW2YztwhmNOM/YEIIV1G1g1Ek="}},"i+nG9t1HMphxxOr1EsA92Gr4GFPjw0fbg+TNHTfp5ss=":{"valueMac":{"type":"Buffer","data":"L036jfgo/n3RL59WRVLFCVwqMCArbwuVuAMHzMSNfTE="}}}}