{"version":29,"hash":{"type":"Buffer","data":"kEcUGLsfactz2oKSsGLUdn2s0lCM4saB3o3Aj8+38WkVKFBdbQ3g+0YTSu8m/iKjekaACvUZ6M3Am9UncKj/UoILIpZQBAL4OoIcpEyxAJdJAkq8oBEfW3lyyeVbh+VtUT3Nb0WAnvLwM6MVFoHLyGDuzkN78Jug4HcEuFjNja8="},"indexValueMap":{"CMIXMxNdq0hHDJNIfAYk8hBOzuorTdesYuosDKeepB4=":{"valueMac":{"type":"Buffer","data":"JcF175D6S9iy5Q0hD4pcexBuhEvXf2KN8F7TUzjlhQU="}},"CpZGnZ5b324zOJ7+gEFmS1OWdUHefRJmHB/E6n7Nkos=":{"valueMac":{"type":"Buffer","data":"JxtuNhHJRmfexsxleUY7dG6Y86Oz9A7xcQV4XMdDeCs="}},"JkqI2NZiAp4Jgu8+J9QvmUyBaf4jLApfJ+5b73G4Jzk=":{"valueMac":{"type":"Buffer","data":"9NQcYY8sEzrTjq+GODr0bQl9tUA4KmGskA1ctNXXLPw="}},"JtjDeNZjen1TrLp9Nwk0VNnzHM7m8Pg3DxRXbngp4hw=":{"valueMac":{"type":"Buffer","data":"SztvxOUBNpezTADQ4dAdT8zMiwY4cmZppIXU4j+SI44="}},"JxNTBokaNS3TZ0QMsi6MNzCUegk2h0Nl5hpodPqt6qo=":{"valueMac":{"type":"Buffer","data":"cB6/1DZQnrVP2lD3oNfauRzQ0IHqbWoWPrgtN/S7M9A="}},"KgtXVvaL6qb21tLlXpjqFavP3SAHLP28+oH0GB/ZT5Y=":{"valueMac":{"type":"Buffer","data":"PHM+CHE1NBzyZFCAPWPAf1VbWqGpFAvDo0GTpVaWAmo="}},"NHSGutrz74WLgXKmYWHe7HzgU2qAOwGg9Cqg5qht13g=":{"valueMac":{"type":"Buffer","data":"ZxKuVMzs2wWa1tTBecZtVH80gfkx4s399sT0FH0GLug="}},"NcQRbBZcKJ5AbeJt8d3b39Cp30oyrgdxOkr2Xks91xg=":{"valueMac":{"type":"Buffer","data":"4iFvjExnAj8Euq9jstGcgxvP9l5d30jDOm60cSQbSt8="}},"Pi2sl3wfNlf5RBJI5hwdHM1iei5y6yPSWVGNJ09GkKo=":{"valueMac":{"type":"Buffer","data":"VE8G4WpkeNcHfKwqV0GNePBAk+Vk9zHiC7UvgyN/q+8="}},"QP1lCPpHVzFsIzHqG+AQ7kDpFCEVHC9Kf7HheB+QCu4=":{"valueMac":{"type":"Buffer","data":"jqB5DBLDc8ih0fqearubN9B56wRL5H032atHp3NkZ8E="}},"Rizelnb0Mcah+Vz3OKthKkp5PJc6M+yBPpNsoBn8+7I=":{"valueMac":{"type":"Buffer","data":"g2OEq/JprYpeR325K3XBCMMIZUtkpLpoaQRj+zxUu7E="}},"SNPF+r6+5migVO4BCawd15XwGnkizoetgjDKMiDM+N0=":{"valueMac":{"type":"Buffer","data":"uHaP8vhv1tDGkHsxM0Zfk2cXdHDxHVkHKdWCaq0i2jw="}},"SYS0dmUrtxK2mpeufIt5oj+uABK0lzm7IlVfWnPlImk=":{"valueMac":{"type":"Buffer","data":"Nafg0ot2LcVu3Rjyx/uDkl/3rn8EvthPrvw81cuPaRg="}},"S4bzQA7hpjcR9Fjuo8MDst3Ut7A2/n3uKk23JAA17W4=":{"valueMac":{"type":"Buffer","data":"ZiIQZ3Gp1gpz3ioTBpyuo29wN9thcjOgrmUhE+WLs8Y="}},"T9+3osZN3BN0kdYaudLmsEHyyKkj37iITQvoT1e+2cA=":{"valueMac":{"type":"Buffer","data":"L5GIeLJxE4V4bd40D3I7YQKtQgYwTWEAhTZsYZLMHVQ="}},"WE38LNZJhHHjCqorhiqOXxUM3JRIuWI1XufeS/fE5VE=":{"valueMac":{"type":"Buffer","data":"o0Ldb7bXrQ65KDQAg3zOg7Ed46V+KIH/6OqGF3EXigA="}},"WFupZRHhWMk+hWs3t2im1siJhYljOHF2lyfTpPTQlew=":{"valueMac":{"type":"Buffer","data":"M84bq8LfwdkWCtlUbXFsdFXJkFqA0kWN8fgZMoIZFGg="}},"Yn2G4YuEEd0nZnKNksTBcBcEpiFG0mX4H78uhScps5E=":{"valueMac":{"type":"Buffer","data":"Aen0xl/mnHm1pOtOKzd+j45X0d+28E3/2+FriCCJUCI="}},"YpgVzjElkL/lVMOScXV3DKA2siuK5VJBCTISmhXUpD0=":{"valueMac":{"type":"Buffer","data":"K9XVkGjBzb5xLw+DSx/R7eOpIKN48omASTSEB4oh3UU="}},"cVSWHxuEIOsYcQfaZ/z3vNnMKDNDKXz9KvWAoPOp9qw=":{"valueMac":{"type":"Buffer","data":"H628ZEXxKjD6fSJy3YgXZ4IYlpnKXw2JDqbULrCP0fo="}},"dD7niDQJDQchwPnfftRRVZZGE0SZVL0KGAgmAGDGAOs=":{"valueMac":{"type":"Buffer","data":"OVYzRwu8VrHREby+9Ax0AmK58S7YWQPFeNml+wt+rhI="}},"eKDH+J0/p0NPpRA9Or+/pG3oibZKHnCCwpaw+2kYZ6M=":{"valueMac":{"type":"Buffer","data":"P+wCzKEb2mquA6Fla/uvwxu0DzLvMjOw+AX2VoaW4fw="}},"gzM7xfAdcdbfvrzKYvaV08uvHWHDY5niTo3MM5IRTw4=":{"valueMac":{"type":"Buffer","data":"AQxONkCJnDwZjs/+XN2G8unLlLOWtV8OzThKS5R+sL0="}},"hrcuIzFHYohnc/czjvmyjERbj3WQWF9IiAwwnXKNbrE=":{"valueMac":{"type":"Buffer","data":"1+cV9WRWi+pviQxET3iQVIm4/mJeS85CNgkJyXXBNwY="}},"i7OywmrnhK6znLyezLM7DoeFk9y6OEgWKenmgySzd5s=":{"valueMac":{"type":"Buffer","data":"tnw7ZTAntUnPPpl1LQiTKk4HzYArRBWnwjGbBqCQg34="}},"kYqE73MekcB4edahDfEUf3SCrhozPqxz7JuOMy0bXiU=":{"valueMac":{"type":"Buffer","data":"CdCApsr+K7fLYvJKzJBPDityvb6e/FZTSD7R/SyKmhU="}},"lTlOjtSq0rjGTYHTS135DWfY7ceoqT3sdxDVZgFYyvY=":{"valueMac":{"type":"Buffer","data":"0UrzGyThp9CoZV1jLx+164OOCbI1QYso4l9kPG5m4yc="}},"lUYFRzUgDxtE0kDMJzBP/MMh/n+r9ycv3yftsHkeo0Y=":{"valueMac":{"type":"Buffer","data":"gX83DGjUYHOtdRq3hOsGlKGWWju1K2lQGsWa+sfnJwc="}},"l6prGdoQOVGwwdef24E2LiWVm3KP96IHXFYccaYNstc=":{"valueMac":{"type":"Buffer","data":"vkMxt6Uuzfmw1FIfTPGIwD8GQORTkQbvRkj1zPVqiPA="}},"nObPeUpbtDydFRlgCLRZz4euSfPnwXm7Wq1INOjbcr4=":{"valueMac":{"type":"Buffer","data":"t/qZY1H/3eabuDQNtK2T8BPwUWArzQy75dqXvMdbO6w="}},"ppee18OLt2QDIcogxB8GOz0TmQEy9bTqLh0ryrhrs3U=":{"valueMac":{"type":"Buffer","data":"ulTF8PSxQ5s6gqLomoKr31SvKQEDIfV38247cFDitkA="}},"p76IoCn91qQIOg6T/Wmb4tUr81BzySB/jtaj7ikQqI4=":{"valueMac":{"type":"Buffer","data":"VWXpW80QkYLEpavYpqu4uSuGO8+KAiL32Q5tSrF918M="}},"smHEh/tQAlB0aTmoRGgvJuAx8zFkXwJtPvEuES5TUvE=":{"valueMac":{"type":"Buffer","data":"mZ+8eSYUKnHaKxlDMi/VKBqo1uYfp+bhAYwzwDSkl60="}},"s0fa9833V+8cMNCQMcJ6hw6sNRwPLBZx4vvI56J9Wc8=":{"valueMac":{"type":"Buffer","data":"kMS6mUMHihLE0GWxZoFUfJ/jKDvnyJ+R5ipTkAKCFWA="}},"uRYOuiPPHqP3PhHNW2Mm3E4CwTlL7iD8rRTHLjH96ow=":{"valueMac":{"type":"Buffer","data":"rdk3WAe39mxTLWto/J4k5c6dpehdoEl9JXWseRuhj4o="}},"u39e+ArUkKoQGkUamiP170wuZ5XfrUDoVDIe8qZzRsA=":{"valueMac":{"type":"Buffer","data":"PMZF3vjhLorq8G6Xj1vzGilLSBrHy4Bos7iGkh5D7qI="}},"zcBYlOuTUkl8pPN8ozALZbHqRQa07+K5DRtEtBdZBWE=":{"valueMac":{"type":"Buffer","data":"DpINmada0RTAchDVAYnFk8YAZJaz+ygYbTofAXayPbc="}},"0isNBYXGagpw9L+0sFbE7GQoYR8xloyLDbQymQivgHo=":{"valueMac":{"type":"Buffer","data":"FRxjDElBUuijqe3gIqyq+vjx7hZ7EV8nZhMLONLv09w="}},"218LwaguOAp2ubX5r7rmoVwLyIR1L/prT+sxE1tgxgU=":{"valueMac":{"type":"Buffer","data":"xhwZBi9XQ0fMxxnPYgqZ5YnD06BsDoJAhLo1HPJts0w="}},"5fXeVCQHbpo1XtBE+WdCJYRZ/jBkrVSvcBXo+l0njtE=":{"valueMac":{"type":"Buffer","data":"0pFSVEAssPIunL85MwJqK1aVWtI6/hnXGKG3hzSBsWk="}},"5pI8HCwTzmVF6TuyeWZa4Y4714HQ37fmmxZ20RgxILE=":{"valueMac":{"type":"Buffer","data":"h74FcimmejR6tVXh85ovV9sF9DHutkealffgK6Mx/C4="}},"9LWcWzLXhY4U+MPDaQ0P0uGfuFLutpFqQ0PN4EhbJ78=":{"valueMac":{"type":"Buffer","data":"+RfUTVqFyL+AVV3ZEmWuHoYTD+tMQrUR7/W5Pg8U3CQ="}},"9WfNkljnE2sIeKnTyWGn8uhJG81Z/H5xLiq5uToKNbQ=":{"valueMac":{"type":"Buffer","data":"lGvimOJ5+juJ6dgwe0m75RPPUGM8XbmVPGU/tbj0xYE="}},"No6zY1bA1LGLrC0zZ4Ij5XEF9xkN1F1K55OAgKWVi5A=":{"valueMac":{"type":"Buffer","data":"mpYi3Ns2TCqJAsStxBISI+sLqTzVmW13MfBVlmLZrq0="}},"W4lQQ4sxyeAY6ljqLrOH/Ndew0NdT5hAMhsBlQHEWZ4=":{"valueMac":{"type":"Buffer","data":"8DXcdnWeawj/kFxKR3+v6CH/fn7X5kNz2aZ0xaxZiqA="}},"kJqs+uV/34wS2AikIUiFtJAzQvWG9m2VyjS9+HZdK8s=":{"valueMac":{"type":"Buffer","data":"MOCIXQymm3hxRFgvj5GIl0Qpu8ZSXDR81HPNJSEsfI0="}},"YcAasqdcvpiiIWyBTaUqMAWzuV7S0GbGUpD5FAr8HBM=":{"valueMac":{"type":"Buffer","data":"Gp94jCDGVLpV5646BreCDyv8dJZerNjBvFQWzJdIJ+U="}},"+LnKcgJQkMMD5L4ulTDrH9XSHCBPxGCgDII/LyjlIbI=":{"valueMac":{"type":"Buffer","data":"Bw76zBBxyzuSDN9SUp3b/LTxd0mXzFH8Lt73gaH62E8="}},"iHGMadLksaqNsW/LPBkFKONLSXK4sSh00LShK26pgP4=":{"valueMac":{"type":"Buffer","data":"s5oSnsA1lFURhz8MGO5K/VGfiDTEdoOPAl18qpN5FyE="}}}}