{"version":35,"hash":{"type":"Buffer","data":"DvO+xO6eC0Z0VNdwwbVTfa4JVRI7PTwFBGxHLKUWqtNdqnb+xKaBIkjTLqFV5B5M0fNKRVAE64OQZcc7b9KpZJCbfYD7UC4FbxwCaj5H1IgZ3nfzU80NPAI5UCrenKihHPl6vU5mfn1Cj4SynPseI7qSAVWesYBdSn27mRG+fxg="},"indexValueMap":{"AzVt0gfb5LmN0HvwF+q8XqQ0U0IZs5tu2Cs5oG/yQK4=":{"valueMac":{"type":"Buffer","data":"PwwOdeZtXCkS+RcWxpkh2TVFek7rEMfMOX258ENxBys="}},"B6Rcp5grDpDum2QNummkVhb8gT+7bECRDJoVRdhIuIo=":{"valueMac":{"type":"Buffer","data":"u/QQg3GIWJG4f7wKKuZHjDjrAHvm/bZVOdvOIXAPbMY="}},"CY63I7V7q3Y+JUHKkVQ+blh0kMxnNcgSkynPTiE8YB0=":{"valueMac":{"type":"Buffer","data":"ins7JXzNHmD4VthrGpTV9zTr4HhlUgVuJsokMRmQaAo="}},"DvOfwLKjecB8NeS98aJVVj58OI98Y2TtxJERIFayOfE=":{"valueMac":{"type":"Buffer","data":"USaLWlHNvVAx4gvutTenqHsTbFRlbc9RNVrROPd13Es="}},"Nvvt11d2cYaCREQn4oDXBtcyWZoIyv6QKKWXJcxk27Y=":{"valueMac":{"type":"Buffer","data":"qFKDH0PErf2dOhwmJEPLJ+5aijfDjUgjqT23ZHuSDXQ="}},"N7j9WHxLyiYOo82MIBIDsbs5i2VnS9KNudrAfbg9yFM=":{"valueMac":{"type":"Buffer","data":"ZWidcW4HzyrhJ9BchrpbSTDetZ3ZUH/7kb9+HQHab6s="}},"SlBrGhJzlGbvSPX/5MCo4SwDVva5f0W5LgRrREKn+QQ=":{"valueMac":{"type":"Buffer","data":"IVGmh8C318FIkGc4HIOedLKOHSEPgho3P4UWJMNTwc0="}},"ULy4Zm045SsnsaEUK3v3XOqLIgqkFjnu7y0b1wJFlZE=":{"valueMac":{"type":"Buffer","data":"9wwB09XgRyhNNH/0SUxysGZEO+XUs/QLALBvobp1qQs="}},"UmZpqyIoZcEwc9m6fonsIkCdCLtsumiyzym1BJQlGaA=":{"valueMac":{"type":"Buffer","data":"rGxJ4GmIQuJDvzXm+7++1DIjZLk6azFlyRJNniCD7QE="}},"Wx/L3Ge9q7fY6ZdOvCHXrVH7GMqtD9toWMoJ1YEapn0=":{"valueMac":{"type":"Buffer","data":"dKqV54FUMTXuVK41W2ldFg6PrZpZ81zrP4xtd9jZB3Y="}},"a9eKUlOV6EDfHv5sUP6zmgn2zJNJB6wEEyNNROKsVxs=":{"valueMac":{"type":"Buffer","data":"O9pOMmABMCLk4lqrSWQk+KsX7vWTzYeVCSE4Wo7erEQ="}},"d3+UkjlHUtoMiKDjM/tzLisviK/6JW5cmwoNhurI4+M=":{"valueMac":{"type":"Buffer","data":"gZaOx1GhTgZnChgb5L4rvZ3a3I3OKnmfiB6vsHOZUn4="}},"g/bkJOuCRB1OyzDdb5Hnl8/Bz+exsnlczlgMjSUaaRs=":{"valueMac":{"type":"Buffer","data":"9X6BHYwTE7pixGum1EQMujuDrTDcCZnPP/wBMvPA1F4="}},"lfxMfKRT5GYH+j0KyPm3+ZzB/R4Lb5pOn5qGdkeZMF0=":{"valueMac":{"type":"Buffer","data":"UJQ/HYd/+2OBZkRcSawGl01gpigTMZIeHcukveNwQII="}},"sEaIVY9iGakz2lpVZDdouCXJWxMMjNdykddjFpbppKg=":{"valueMac":{"type":"Buffer","data":"HjSurLzgeiO5CIloZkCLn+fBbYXJnwYfY4LrDMa1ckI="}},"tLAYt2h7rk2j1hqbhnbttGXWFgOAqVvjIZH/tpNSeho=":{"valueMac":{"type":"Buffer","data":"8lIx5x0YyEeRb/JxT/TwCzncwDyDRolMwjZtpo2UVks="}},"vs8DLAOEXL0hCYZLEw2UA0O5nGTHR4rsCdu/teSY1ME=":{"valueMac":{"type":"Buffer","data":"+ap5nl2CJLDXev0XiL/EKyJ5fWwVWZaVaItGPX+czkU="}},"x7qybjXyTWgzQqXoatM+MeepNPnHQmx8OLznhpCt7a0=":{"valueMac":{"type":"Buffer","data":"9dU98tHF9F61zfPTgW1qpZmerkoYFyKuaY/ujjLAyxE="}},"ywLAs+H2Leek80oOVQZQp1Iy4uKQ1PUDAfHdtrrDPH4=":{"valueMac":{"type":"Buffer","data":"CsIg0k40P9sAQ5J1O6zsGmOlEmTBfp+QsBsHjW8eRBQ="}},"0pIo0ZNWXiB1bl9DErzGzmCtiQHmGZEbix6NBtOie2M=":{"valueMac":{"type":"Buffer","data":"AkecG6Q7z8EEluFr6WsZxwndA+CW5CCTpVC7sKVvf3E="}},"1GHBsKbi0Ql60cebgfA1ka4gVF+SNkbysigHO/ZcV6A=":{"valueMac":{"type":"Buffer","data":"tiV3/A9TKQNGdpRE3fd5nan1DFSzj+ejRgU1THYeGgo="}},"5KTiWgOGrZ0rzeOXqwIQREWjHK5X9z7S9Je5wSZngbs=":{"valueMac":{"type":"Buffer","data":"dxz5UNTRXnno+JBbxI6V11IYTxkov2uUgnlmEKStHsw="}},"7K4UOm5grxv68vqwH+v8jlvHPueOIOte9jCI2IZO6VI=":{"valueMac":{"type":"Buffer","data":"hOaOXcE2Mtj7ycrlDS4NDtSKS5JoFTsNwt/YkxHcfEw="}},"8V66jyIE7l6u3WapEFVaFxshjEsUd82eu6hhGqg90Qw=":{"valueMac":{"type":"Buffer","data":"eobiNoAL0EFWxMUvURWjXr6UAQuPlrQC8VeivKAsFBw="}},"9P3qXM+93vZBQ6o8ln+0QYZ+Jy7twTlZh74J+JPsKkE=":{"valueMac":{"type":"Buffer","data":"igE+Fd8x1fxupLruyC9bdKy8uVUMK7U1V8dgjebNYNo="}},"+o8JJTD2gVzgOKrUxdVPoYL3HCChMCNbxJN7rqSkCNo=":{"valueMac":{"type":"Buffer","data":"ROO47YXDSnl1ziytcjgsjg6XPGRocfbXDgt4kWOxNG8="}},"+txW7KYufIZnteiOfDrG15s6z7INbTjk1+mdkR79eZ0=":{"valueMac":{"type":"Buffer","data":"FthF671s7zYOY8DQBwgmimNL4f58tGPclvIZrl8iJaw="}},"+5fNbqaw9ccGpjMuEl34DJfIdh18hEqPJHyY9fWr9PY=":{"valueMac":{"type":"Buffer","data":"2kV1zsfktF6w0PpvpbBwAKnRQC7yAbZSmcv+ky7z1jg="}},"bjx50qnzh093CO6nnaJtxA3XH3GbUDsXuQYxu3c5iXA=":{"valueMac":{"type":"Buffer","data":"sPfVa5MuvPGOk+I4NuUq3AwNq06MiSvxWk6NbBC6hNs="}},"rIiXcyixFGYOF2sepkUvx7ExMVs8kJMC10ngB87OJgg=":{"valueMac":{"type":"Buffer","data":"PUJfBDdsVOI4RZJDJXr1O+ajX2Llt2oQWw3lrdUdRFg="}}}}