{"version":127,"hash":{"type":"Buffer","data":"ePezc3oTJ+jXXXMGD1mzHygglhlTXoMqXxdTugwiPcD7KV4SOHkvYH/ajKpHHwBkk6RPleG7lmEwKRFIug51FYSm0CL65/ydc5xXTFr8VIc7kluFIA9rKP2xru25BXq6kpoiEIn+3vL2MeVweop8fupaAlJ19btycWMb0GMJ4ZM="},"indexValueMap":{"BJQQP98vcukdEA71LrRdo2Fej0QI0qL5cwGmApqMZcw=":{"valueMac":{"type":"Buffer","data":"aZcRyi3e/FG2Yb/95SnlRuSr+66J+1t54xdU3XA22hw="}},"BWrUpBPGkqTceh+i6MMw9yCm67qgA8isbrVPkqvLFfM=":{"valueMac":{"type":"Buffer","data":"HjT/dbFKvtCEz392sJu6LCOnN+wlTHAMbbXehJ+uPBs="}},"BnvRssBSkpHSxiRTmweNUn8UAjU7rN2WBA29NwWCyVo=":{"valueMac":{"type":"Buffer","data":"LTnXLxVb4hKmOhrN69vgslfjifyIsIzaLoiUjJQ9KQM="}},"BtbEbAissHDxATZrBbgiyxzfLqQrOQaB7ngDAWSnxT4=":{"valueMac":{"type":"Buffer","data":"vnOvlB/mlIsoLPajaOV+qQm60im6o7QY+tDq13GgkEY="}},"B0OP3aUdCXM31i6aaP/7PrlZcWJm/MZc2vd5tuFJuOE=":{"valueMac":{"type":"Buffer","data":"ACZo+thUA83dxrJnfC4AfxZNggl6E4Ob0cWFaKeLTJw="}},"B8arg5FYLuDjpMF2z0hRn1Q6paTnJdzqqhbBJ8LxtSk=":{"valueMac":{"type":"Buffer","data":"NL5MAKUR8gP667JmktN4HAhgV1nOa7Mfw94GkzsZqOA="}},"DMuvIgkL+IbKMFj0rY99+MYoJmrbn5/lEq0pi7MdxkM=":{"valueMac":{"type":"Buffer","data":"1IyBis8+lNa85w7ijwl5PX62VWRviM4slWUUX41m51U="}},"DRHOtCsUrbHw7y6NyUn9LxdVYhv/gzwc5iePGGVpPnc=":{"valueMac":{"type":"Buffer","data":"1XuuTRigsEhybppvaBQ2bf1+HTjtoguAfWnTj3n7fjU="}},"EuxvS+Uof554BhUgWZ+eD27BTU+nXA3q0mQQgw2wGQU=":{"valueMac":{"type":"Buffer","data":"72On3sTK1ep1vdOByPbfS62EyAHQ4C6nVOwEeTBM+uU="}},"ExDFN42b3VKDBjKSSGjEyJbnzGhpWox2/zReYfpBlYw=":{"valueMac":{"type":"Buffer","data":"nSXZYRtTaochoDEt9y5NbwcRufIG8WqZnjVdSPUjOws="}},"FEmEoWFPC69FOr/qvHp1Hv3AxRw2kT3yDLEtCHwBAcs=":{"valueMac":{"type":"Buffer","data":"7eYPaBwnmCsJJNsfVOWnGkcORRBXb+U4ARRcm0LNBgk="}},"FjZ5astoI+yYXLihJKeBGLxPZHN3u6KwDiJgHXOJ3Zs=":{"valueMac":{"type":"Buffer","data":"4W6aFgW8EszgkgUVl3xlQjugAkLPZ0a3suiHQ+DszNQ="}},"GkGI2bpLaoAECJcWeiRRKHACiwHlD5syu/17sT3lfHk=":{"valueMac":{"type":"Buffer","data":"oykRTjFDv6qnvdM0gHgF3wap6ahh/LF2u3o03YRCJdo="}},"G5/CGE2AIltrB+2TWNpBKj3OY6kmg4Fy8dYV+hKCPJ8=":{"valueMac":{"type":"Buffer","data":"3sLsmZ/ZupCje7XoeCYZWb69c2qHT8jbFRFLEEcQiDU="}},"G8ku9iZz+RppbKvjDxAgI4R5TB90grUOx7tp/iddlNg=":{"valueMac":{"type":"Buffer","data":"iH+l+VJZPHWyjncmC0x/nkf5AzT1CRKO9m6tRFaZJhI="}},"G/hLlO35ie27jPCE+uXx36BZtcitWJXqoH6JVJD9ya4=":{"valueMac":{"type":"Buffer","data":"aP5l6YTHC1CLx8VVqI0E/9r2j2g2sHLhRxV2uwnoFx8="}},"Hm8I/S47ierhKQNgcKNpjG3OEibyzBu50P5qGBfuvEM=":{"valueMac":{"type":"Buffer","data":"4Qg/kRzVGp4nd2Inl3SqrS1CRJ54F+6NiFWWTkVPR1s="}},"Hw5aFGBVtWLuLPGnpaxRdC5iKrNKowvK71N9hDgaSt8=":{"valueMac":{"type":"Buffer","data":"8XqQGGripT6LH2bvxFzsrZ0ZiMiEFp4BrnCPh0MmL70="}},"H/DIDTdOmT3qiI4mtZTiNft9BqWjCUzPD9wFN0gm0yU=":{"valueMac":{"type":"Buffer","data":"P4l61PIio7x+WuFdFxcUNI7J8eDYzJTnFz4RX5iKXWM="}},"KYCk4bhKZ7U9vVhOe+4Oi8jfQJLc0qIiJjg1gEobkbs=":{"valueMac":{"type":"Buffer","data":"UMsuZVQDwlrsdk389MUhioFbli02plLr5N3nHA92NLs="}},"KY76hEDEAQWbuPWHtJvSm4kfbDXxIkuOttn9lcPMzTk=":{"valueMac":{"type":"Buffer","data":"mfvcUg8j1iSbLZH44QxwifTjSbiWEhKBW+1NTca1+f4="}},"Ko4TNerYodVXsmXNtdEulKTAmvQPggGkb8hjqjfkx8g=":{"valueMac":{"type":"Buffer","data":"oGztJgska2u/n/DT+L2QTONGQDDW49KNcyZSegtaQCU="}},"K7NUIIcO2NbhCsAB8nzsp0oFwvzVl22tw5pLbKKY/jI=":{"valueMac":{"type":"Buffer","data":"K8g9YLvoDkeiKAasMQ4rAQ1oOa1gjlzm9W5vGT3m0y0="}},"LGzhAae6zHNgMxBpU9jVdKeJosDUdK20aYcoMi1XOhY=":{"valueMac":{"type":"Buffer","data":"hBt3BX7p7bAn7tKiPlD7pUWUHyUFaAZPHynNEVEcTyc="}},"LOyfxd/O3zh1bZcjY0sTpAoFlQJTGRNP7VURxvgM/Ww=":{"valueMac":{"type":"Buffer","data":"2Vct258qaqHYedzN6axkWnCCQygZpmzf2yi0a2gnr8Y="}},"LO0f14SaTjPs/tT9VTKvw+gVYo5vugoA7tBAyLVUAVw=":{"valueMac":{"type":"Buffer","data":"ednhddk4Hne4L4lFnN3gRr6zgvsKMh+QU/MhnYgCDDA="}},"LY5n9HXQAK0GiFadVxHkGPh9VYwoTpmi0+MoXw/Rb4Y=":{"valueMac":{"type":"Buffer","data":"wHUkEWIA+rZnwpMTaY9Z/6RZndT7PZ5133H9Cd76eM0="}},"LZiurQ6yIhU8I7ZPuL9+PD65JE0+q/K5ZkqSahqAxh4=":{"valueMac":{"type":"Buffer","data":"SCYkxdFTNBJHpZQ85oftc6RpP/SrcFnohiH0jwgH2VE="}},"LatGVKY0kJVd0eplTo/WO8v4d8tQXToqg1WrWis1Qn8=":{"valueMac":{"type":"Buffer","data":"SiZI4cDy+GHfXkh7+i2ODIy4O7FiPcayrQSmAhQKIMw="}},"MAPDxmwhFL8lF4kWg64uOKWwNxCwjRAwNhfX6zjAoMQ=":{"valueMac":{"type":"Buffer","data":"Twa5+c85Gx+eb+JbVmoOY5SEg5YDrKl8a6W6UOEP8C8="}},"M4PwEW1vKA3KuAzJrJwBQDRFoKKwI7YKpOHBm66MFdc=":{"valueMac":{"type":"Buffer","data":"DqyXWJUrHRyo4z86qv6Z7H9Ftjb2tTTm/Cjei93CFL4="}},"Ok742k9922UVT/vUErmrdWpLuNeTrR/JOeB45BB11cg=":{"valueMac":{"type":"Buffer","data":"OUA8BcTAHVSl63shlKw+4k+IMCWC+ZkSSpwUsLnu39Y="}},"PGA4uVAjmZjDlZ427a+VqcW12HQftsKN+o302HNqVhI=":{"valueMac":{"type":"Buffer","data":"IqS1SxraxF622NIHVeVI5QpYyljRHlgBIElu7Ew8xXI="}},"PYgGw4QHjDZi0GQNBxhzrObTlH2g71KQMLJWRD0uAFE=":{"valueMac":{"type":"Buffer","data":"dykBpagyl7dp7KaBUxME1IzqtmquHkPck3B4PzwcgQs="}},"QO1oWm/ikgn9X38dskZSw+9do6I4s2VqaGAZ5EYOrFQ=":{"valueMac":{"type":"Buffer","data":"JAkAPWGOE044t2XmU5Oy/OEhiJpJy0ra/XnuCbEbXKU="}},"Qe3vYbjCa6Dmixz/M3EbG2oVbc1MnLYFgZ8T4yJ7RqI=":{"valueMac":{"type":"Buffer","data":"LlVqLaxGm1h7gIyVOpsEPMYhqXAZxD6JokPFgvvkP4E="}},"Qjn5Ly3eYqui74ESAjYNoUtugM5VndBH28DD6uGbD6k=":{"valueMac":{"type":"Buffer","data":"0pPOYG33C5wXd1NtUG8CJSmGKcIEXTvQRWqPHRa9Mf8="}},"RKeWg65wvrQqDoSwcezORHnDHICxCdziDfIR28YQndU=":{"valueMac":{"type":"Buffer","data":"Vqy+h1hu/OxjDsfs/2eapvUGXgYb4urZtmMiXk194QY="}},"SBHds0JxbYN48G+bqk2VLa9FAxa/+ru8bRFaWamH1As=":{"valueMac":{"type":"Buffer","data":"PWj0cz7kLor+o+HRqytlF0WWhVAubLg8NfOsX2GCRfk="}},"SUtBeSPrICFjsCK4WK1waDxvULSkwU04RjSdlkFfh3g=":{"valueMac":{"type":"Buffer","data":"8gx5JLKkulkoXOkhkbJT8MD36fk7pbVr40uQhA6XTCw="}},"SY9K6hUttQy34ERJvIUb5PcPd2quMwCuntnY87LQhdw=":{"valueMac":{"type":"Buffer","data":"L2RPMejDbq55NU2FmQdITlt+dQn2+6SYJtviXScM09U="}},"SbevPXYWq+e5TuWRaKVpEl1a+qAiYjkluPxkczNi1M0=":{"valueMac":{"type":"Buffer","data":"RYvxXqL1MTY0lEjS6mtyAEbEYIgBXv3lBDBV+IVbXRI="}},"S1MW0KLwfoJwz4wdrpZBwkURdDtDfTJj6kfJMxTB6x4=":{"valueMac":{"type":"Buffer","data":"KdGmf2as5ldAGe4cWjMiembXESVvxYaE9mIqiWM3v58="}},"TsycSRzMIIbsNYvuxnGJTfX5YYWB3E/22djhZC2hTjo=":{"valueMac":{"type":"Buffer","data":"y+noi0iGM+IvfBm0f8Xl31vaAPxN+zmQpoEVENMlgUw="}},"UAmPZFVLM0errSWbp56pDAb1jDqYfeKuLOccEfvxkeo=":{"valueMac":{"type":"Buffer","data":"tFg5Jzg2uARhjBwI076x4wszhADqdgwsq2QWLFCGlp4="}},"UUvMZEwR8hfZILWq77nVw2DbCuNB59ff2QAWX2YBHiA=":{"valueMac":{"type":"Buffer","data":"lwxNu9C4+QFNDbe43TSU/HZOKzhSaSPWj1O584Z2wQo="}},"UbDUobVq/WJfC4+wd91pUK+iZX0m5479SxnAKUDfCVQ=":{"valueMac":{"type":"Buffer","data":"4o5NjHNhS2YdH/U0ag20WXSekxhWGm7+yRS/MZQPy30="}},"UzDILOGym6AR18i7fe1Fx7WvTJ+2AmOVj9taS41gS+k=":{"valueMac":{"type":"Buffer","data":"88fx3Me02IkzfdQjsWLGoQSnZa3hkevhdF4Oi6SDvXs="}},"VRL62JhlkezGcw3SjfQptlTPPNGRhM26/JuLaSV17Pg=":{"valueMac":{"type":"Buffer","data":"AZMOin4/DuwzgNyNDP5+KtYTi4DVuMhdzIcVJ8X1gQc="}},"V/lCO6Z3jb0VZLVTZZZgQiZmGW3G0C9aE41RuopOE8A=":{"valueMac":{"type":"Buffer","data":"J71wIL7t4QUUHhEagJIZDIW5i6hfGCcmjT7vwnMt2uw="}},"WWU+6NmAY1LeTzIT3SGs0ijIDq5xohBQ3YXiy4LZGOk=":{"valueMac":{"type":"Buffer","data":"uLoa3neobR4xI4Yq1ooyXWp8XvyDqjqT/WJENa/zXns="}},"XH+mIzSN4Rcj4laBRhQjXmlt+yukUbhYHI+lV1f8eug=":{"valueMac":{"type":"Buffer","data":"DABnLE+daJIcwYLMl7fa5oo64xj0VwHjxHjUaEvXvPw="}},"XyNm58FgnoYkmSQCBer0ZxS+Vi6ZG1gHECWSduErpWU=":{"valueMac":{"type":"Buffer","data":"qmNleOAMu24CH6ue5Zaj8gN5LdKaJXbjNEMjhOcCsiE="}},"Yp2BF5xTA3AKQ6gFxtSqwjRl8IXAEIjx4fkYzvLm29U=":{"valueMac":{"type":"Buffer","data":"HcLbn4TKVVkWhrEVvBqdO0RcgKwfzfQAmrYiYW4xDz0="}},"Ys7e1TuVc3meczeSBqoIU26sOViChdpF5CaAC2T+N2M=":{"valueMac":{"type":"Buffer","data":"+YyFBxT9mhPYEa9ryoKKEukA1ThJ8uGQdnwgt9GaasE="}},"ZJ1fm2nMnQXFwtIMhvYBhiBIQBr/yr0Qn6W2xXhmgFE=":{"valueMac":{"type":"Buffer","data":"cPYY7LeGqSDlR9I4ziTfMfEtoSBJSTv4wIfF/zbVBxg="}},"ZKzHYM200Z3zwOm+UvjEm0B37iYlVf2Pd7zyoQSOH1U=":{"valueMac":{"type":"Buffer","data":"spb6C86t2Fm0ZYbGjYTH+vrgBzzRiJFWB/rJ4KSfvxo="}},"d2OAMi1Ymm8bTTA2VYkIkh/fAD58JT96pJYJcjgTc4Y=":{"valueMac":{"type":"Buffer","data":"g4egxxbjSlcdCoYcTKlC+8ap9VmmUERzCyTeg3wA6TM="}},"eNxPu5j9ZqTkCm5QjNCwYpbRnohbCjLk5NjTbcyf27A=":{"valueMac":{"type":"Buffer","data":"VHykR1TzaAlrXILLrkDciyrCrINwcnmAWLR0D8ScZZc="}},"edZPL0/wuNCo01lVTalQXmp1ksi11U/oM/q40BCrYHY=":{"valueMac":{"type":"Buffer","data":"18V+kd6FwZUDhgLqJWsHEE/WH+vUhk+OtxEGhElxK+g="}},"eskG+5ZWdbK/uoYKr9KHz9JpZMLDpBth0T+rxOsK/2k=":{"valueMac":{"type":"Buffer","data":"jlENx9wraHSJeVTgktciuyM25k5u4qpUK7pIXMZVDXY="}},"fiac4NvBQt2h2gjqvUbKSbO9YT3ha/97+sAjUxXct3s=":{"valueMac":{"type":"Buffer","data":"oGzsRXrZZ2jidd1pcb2nK7SgASfAavBm/xcOWNqN7Nc="}},"fr/anpie9EFAgAojWSX1KcAtQ7/ZujJXWLUFfTfpDI4=":{"valueMac":{"type":"Buffer","data":"0qZjFALobLEMqX9HkmhvBZAQyZ4UrU7qGULnJWuucvk="}},"fu3wuWRC8npZcduOMWc079fckj490G8nGHI6GtfGnqk=":{"valueMac":{"type":"Buffer","data":"0BtnofgBCW7peb0YfMiGIDHXIrrNH3gHXvj5RzDo0Ts="}},"gCdxVvSIgMixHCkUvY1DTq34kS2fK9WE+huqfJNMyNE=":{"valueMac":{"type":"Buffer","data":"9jR8L45IuN6x3ZElFVeuC015VHAMTfhCf9xhMxNMc80="}},"gfgc/MRzJm1FmN6w2tBu3aQrzPiTrMxgqP8Rgm6SDz8=":{"valueMac":{"type":"Buffer","data":"t1bJIr0l49BWjw0AuIh+V3ElXvLfdJc9V6qrYXjARLo="}},"g5pT5G0kVZh/m8KZvHqu6Y717I3HTT5SgySqdzFvRwc=":{"valueMac":{"type":"Buffer","data":"U+ekYUFw+y/hlQk+IZPMy+kO3ekbKK7txsTn+/xYWTw="}},"hMyuJ2og/9sM+wg0h4yyIbKD5coYBM2dR8zs+ioUrnI=":{"valueMac":{"type":"Buffer","data":"hVb7fz2FaBd8clfUBXspfaocTCt3vtwd6UIt2nkkwR8="}},"hY73ZGFQLP31fXSMs9O9V9HsKcxJ/De59VAfYqLAZHU=":{"valueMac":{"type":"Buffer","data":"rbasMxZ++8IYG4uLV6mam0aHQL9H2jTJaY66ciGro1I="}},"hbID/HwOAnoBw13ynbV3TVkg1qwv0MJV+5ROuziBqvU=":{"valueMac":{"type":"Buffer","data":"c1Ao66uzHsCPEreIgYFd/+36fDUlRGrm2UeZRpi1FzU="}},"h8kLjfKtVroGPQQI4bTU0g0G8YARIQks07T1Q6+Fe9Q=":{"valueMac":{"type":"Buffer","data":"uSE0R0Brc4DUj7ght3IQJVCvTcnaRljYULnLfcTdCvg="}},"iHKTaiJANggJZByFUgPmBFpakceumVGyIONgfGSd4hA=":{"valueMac":{"type":"Buffer","data":"BrC6EjFl8Eg6Wr1+LveNVS4JH0Xb3nBpGGkwlza0SRY="}},"iZFEHaj4LKsjDPIXEPZc5/Jb1WeP6Ku2Ug49b4zuLQ8=":{"valueMac":{"type":"Buffer","data":"ONhLDhrR1NkWMcJsW25Fdqu1HTJAwSi0bmNpQHzn8uM="}},"jZngP4LP07ciMVS8SfShYU1118JguJV6WD3uoqbcwX0=":{"valueMac":{"type":"Buffer","data":"ZdKPPikdRy2FZyOq30rtEL74tSaFPqw4wEMvtY8NDNc="}},"j/HVVMJe4T0iFK1QD6eQFAy5CBskhbAqUsgf5+WMyjk=":{"valueMac":{"type":"Buffer","data":"KPPVBE9b6WtGc7J1rg9Eyg0M8RG9lTlmdnc6Ntq8nBo="}},"kKPy0VdgOLU2VJXCL9awWhwombmZkWzmF1lpHSMoTOs=":{"valueMac":{"type":"Buffer","data":"WuCDnnkZFOVnEywE2vYwroIMpAPb9d2uy8HLPlDJgfE="}},"kdH3f/i4h/99lLO6D1vAV6YJ0DZpDtIzW7qYrE8B/kY=":{"valueMac":{"type":"Buffer","data":"c88k30PDjRClIJmltIilK3v8m0uOHlirDvRATIUdUZ0="}},"lYX6yTfN3CP9ihN6NbR7rWrMktpv+IVUXuGBRrsdAMY=":{"valueMac":{"type":"Buffer","data":"Rv0VypLtk8j/L7a7vdHFCmOGcm9KH8O/2Dc7SSbJgzU="}},"lcxvRgcBzKsss87/+tfjVD425lGDt5ZvV24TZVP5kkY=":{"valueMac":{"type":"Buffer","data":"Rk4bkx2ZYVHvakfZ1U4LlzNX0onhaaNRKCLPUzQHOcU="}},"ld2Cu4BJwK9tz5nu8bO0GRHlzd2+KmsSwADhUGuLOgI=":{"valueMac":{"type":"Buffer","data":"Brb1H6/RyQ7M5D++G7PEpRyPbH+1jM8tuUcyb+nFPdk="}},"mTW0p2MZ3Tz3SjMRlixAIb0czxpSweJyM6KrZlYI+U8=":{"valueMac":{"type":"Buffer","data":"U8PQjhSkzWWezCQtui0NSQAyvwmjsDBVPAQ1/dIR/g4="}},"m0VAoh501jDxtdRfwpIbxOXzLH+0kaNBYV+9uHw81s0=":{"valueMac":{"type":"Buffer","data":"97HX1Em0v6MYHVzCtNzAyEkgLCxBgOoGFJEbykU3eE0="}},"m5Td8fpe2jls+Irj5NuzFUyJf8bWvI31dO0vx1IlOJI=":{"valueMac":{"type":"Buffer","data":"CuZaUzf/xoG/kouiMnbxrjFi3e1EL+MbXIg/ebh31Vs="}},"niDiy3jDG8XRXdLVKiPsZDbeQB0D0KzzsWyrv3Qq0fU=":{"valueMac":{"type":"Buffer","data":"j8sa6/S8DSeuHTfRoaeoPJS2JDnqFR5E3ZDsjfNuVSg="}},"n9n9MnhbnXuN4siXNgcNYFIQ6rHyDHOxBZYl03bUPDg=":{"valueMac":{"type":"Buffer","data":"ew41o3h94fdU5NLHYppTWrmgM5Gu2/AmCHY4u0lvmGU="}},"o04RL6NFSbb91X6L68oiYh8qt/ruMEAJgcpdcL1lsWY=":{"valueMac":{"type":"Buffer","data":"3tEIqDEV+WZMhvagq2p2V379T3OyCd5YxM/zkt1aaW8="}},"pPkHPeXUkXL7xeYAD5v5MWPRdWkH5jqV1hrHsDHaXmc=":{"valueMac":{"type":"Buffer","data":"fIv44OuQvqE+Mq1CUJGxLi6GEpOmdptJIsEIfqqQqMU="}},"pRTvmvjsrjaNfjTnrjop2DzYw5mL4e63KGABlzLbH6w=":{"valueMac":{"type":"Buffer","data":"CViYH2kiXoXsp3h+q3O0WjDmR7CYHNJ38/VVrzomu9I="}},"pbxpF/UDVKOte6JC7/+i0srb2qmvxSnGWHbAVA1QNgY=":{"valueMac":{"type":"Buffer","data":"CrC8jJbXNwSGE85niEgdKhQ5hGUcap/KbiZTt7b6/4g="}},"pnNJ4lljvvT53iQ7B13Ir61C+H+bkgMR6LarF9gBAQc=":{"valueMac":{"type":"Buffer","data":"pbKjzVVZ3Kr/UBrOo/PDe/gaQ8GY+wcI7kQauliqzyo="}},"rHPh23JG0f4eYNucGAxmc5kc7IVoh6Pydqy7opmtkR8=":{"valueMac":{"type":"Buffer","data":"eT13UZgGQato7Am0SPrKN+4HupiwlrqEFQkFcsUMKDk="}},"raCgx6AKJmwP/4hqzIV1Wxm0tSV9prCM7iNvRAai/mE=":{"valueMac":{"type":"Buffer","data":"5aXJnc4DnQjI7GhfRCoZ+8ABSTzaYJvISKc8jDEHz7I="}},"rjM62TItV6WbcJ6MlA2P0ZfyJWckfHyXyoW1QfMnosY=":{"valueMac":{"type":"Buffer","data":"wLTtGPPhKjSzbfbkc03ngF5fx2LrSqZs9MWlrP0wfx0="}},"rkXnhsHIVZrHxKrUGmLNmYwzoouGn7BFn3cYUKAdhSg=":{"valueMac":{"type":"Buffer","data":"GuoXAxEZP05wzUNu2s7m5Eovfow0wOQFGJcBsabmDOk="}},"sgsSIy6hQwvfD3DxXmJSJOBMOk9QHNvIVVW+O0dAXb0=":{"valueMac":{"type":"Buffer","data":"646BRcwR0egC+/WnnTRpdUGr7S+evgU2U0+Hco9Vm3M="}},"tIo6GKmOAcHOuyAgcBsija9GykTlIYxJ90ZWuFJEQI0=":{"valueMac":{"type":"Buffer","data":"pUt05X9ghlDYLvrJWzN3b2MIj5bNdgFt04c8j7tfou8="}},"tb02eoVR8PcdSdWzcq4DOiSCekZJKlRFChmfMwow8A8=":{"valueMac":{"type":"Buffer","data":"w9mKPYFz0Yk2HHyZgs8KRcxWMiIcOXDwCz69icBKWa0="}},"ttAP4HMfrO2MostjuzCI0ZV6Gp9DyZnMwk5FHP/iTyc=":{"valueMac":{"type":"Buffer","data":"aPwSh3IVigC7jolHLLyUwHnB5sVhB/Y+t7DI1ffxz9A="}},"uQ+EWUYh/Mq7ReNaf7/R/jfwpd/CbORPu+1DG5tEhIk=":{"valueMac":{"type":"Buffer","data":"gRaBM+gACiwg4IcKyClnqongdG+humGNxkg1XelRjOQ="}},"vM3c/4bg0OMJHdmLNhFcKmzvC8hWJo+sDhN/FANTRhM=":{"valueMac":{"type":"Buffer","data":"er3StWzZnwgja7M96zqbqjL/VV17h+1grCosPvlZbqw="}},"vR4J8i+Tc00gVo7Sy2G9s4OoNpqSSTc90qcUe2sItuQ=":{"valueMac":{"type":"Buffer","data":"+iw7JKrVS6J7zzXcI8ikIcBcWCwPYrA9YhrIt4IC2IU="}},"vTIX3fwthpCS/gYb7+RbIIUUyxxW7+HMMiSochyPd74=":{"valueMac":{"type":"Buffer","data":"iHPqCzD5/QFhuBxE+xNSsSL8KKiEvzn79WbLH/Thib4="}},"vh2Mz2veY9sMbz8IwrpGC5Yy9GdzMPGx7725fS1gbdQ=":{"valueMac":{"type":"Buffer","data":"ZCsjz/qT13vrMb56fJDoB1wwF7sE6tZ3H8mWnAEI9GQ="}},"wOZ5C6E+E9gob0QJ6ZcLgHR6KeG4USOTQsrXipEKvsc=":{"valueMac":{"type":"Buffer","data":"WbSnDaNXwtg+k4GmA5QLY9ihQryOgRsjW45DhwQSOtM="}},"ynhNsDt5D3NpRTzqhzZYxJmpw0sw9Ck6OdCnZRKKbW4=":{"valueMac":{"type":"Buffer","data":"YFChrfkCH7f4ixmvBLDY6HC3RJCtj3BH1ok6+RzWkww="}},"zpkVIrO1Es+OVoW4+u3gyruQXojkv93RxP2H+bIITnw=":{"valueMac":{"type":"Buffer","data":"nbVYI/SycoCOKjcglQmCuCq9LMs69kzX3deMXHk2fw0="}},"0K2Qk/dQGx2yAD7azfKjVc7q4f3fByu2hV/2NzLAsRs=":{"valueMac":{"type":"Buffer","data":"YKZSR2gyh4TyIeYUzH+/f4DW+48UW1whKJUyGzbF9oc="}},"0lG4/NwmAgpK8FLW880R8Q49mzsd532uaw12GTe1tT0=":{"valueMac":{"type":"Buffer","data":"kCp+eYbA7V1oa/pLA1tOQFhLEaMDEVj94OlN57AgmqY="}},"0ypFY450mZRQyHeKbl24lpePoCCbuYaO2fNmfgedLq0=":{"valueMac":{"type":"Buffer","data":"ZbVmQzjzE3XuW0e+qHMwTl8Aqhh2VJm6Hk/wEUGMYoM="}},"134pb5b7hf9qQ++2u+WG91X1XAYva3D5wgITbOLDxWM=":{"valueMac":{"type":"Buffer","data":"6idaWKx2U8MJ5p0+pNsIL8UBIJyEwhgloDgWyrqosT0="}},"18niqSsKiN/5Ud10RrL+07jZfENp5mNvPsjrhG/W1CM=":{"valueMac":{"type":"Buffer","data":"gN1lyvV2Oii8Y40PcRl7po0E+99gpuRQBg1rLazrdQY="}},"3S5AzRKRlzO2DUs9QsB8M1EihpFUWh17bvwQ8Vf66r0=":{"valueMac":{"type":"Buffer","data":"s9RuWQQMe0Cg6oEwglCC9CdfX9mj8MUMH1mTgayDkE8="}},"3xKwpTObBIvSwN8/Su6Fte83h3c4MlTpGwTh1jT5EZc=":{"valueMac":{"type":"Buffer","data":"BF5I6ybpf5Rduo1LL81gc8QNFlBnN2F8o1lBNl/hCVQ="}},"4b4QblYzpvPgbgUKwxexLO85wHXU57kaPimYMwce/Ks=":{"valueMac":{"type":"Buffer","data":"SJfWdQDJaV5YmIqF1UL5tIQo+WTfWAtRpc7YhZctLeM="}},"5ZmFKEV3hCYHRc7EYfxWbrBrxLyNr5zBEbUOuSotu34=":{"valueMac":{"type":"Buffer","data":"XBL+D4EITTVsRacYkYxUDmr7QdDKRt2blCMMZUSGj5I="}},"5e4Jpdc2GKw0viDY/tFVvU7HLeXlUZY0Z9jFmrKM3WM=":{"valueMac":{"type":"Buffer","data":"sQiJd72qR3ls4NLGamQ+A34sepRcRXZFkFoX2aMTp0Q="}},"5jAzWLX74TsNfhm8P6d1HW3SdC5f+i1o8ONi8cMk11A=":{"valueMac":{"type":"Buffer","data":"zEr3TAQfkmGnDmJZsi46gpS0L50YpHebR4cF8mSnwoY="}},"5kHNvcY+SIMo02vGtVBDU6jhYmNxuUNMeNEBSzx+48k=":{"valueMac":{"type":"Buffer","data":"NKGdETvSmTRo28IGqcF2O40Lo5sE9uMdu8zaiegS3kU="}},"6SOgSnmi/sHSbPLvR2MjEWxPeyICzEr1nYGZ8E+QWNQ=":{"valueMac":{"type":"Buffer","data":"qK/LL0aiL7/kLC4Qa/iOltC4iuqTRHZWZavZz9KfuHM="}},"6+5+fdiNk2D84Y3OfJ5vmYL9nJ19pKN6j3tGe8h+NV4=":{"valueMac":{"type":"Buffer","data":"dMo0p35TEASWhvjJ0TODMeJjYMuRe+Qno3priM70vFY="}},"6+7ooy1tXLinmKtrsdsu9biQ+mGIHWw3e+KboBiZlR4=":{"valueMac":{"type":"Buffer","data":"d2PtJG9dfmnS0FA9oXH1zaCtk4rDSdxva2trFnbkoJY="}},"7hVTjPxssHQJg3UB48ojBKOSyoccv2HIOZESRoX1kGw=":{"valueMac":{"type":"Buffer","data":"0qv8j0eq4gKtl/gCUzRgatWuvgFpl/flKOV3GxlTac8="}},"7/X/nWVW3Jfz2ON9k7RS/A8ogXX5LbqTUVagUPhd+A0=":{"valueMac":{"type":"Buffer","data":"sHsSxI4rjVFpfUa7m+Oik4ZwPRFN2xzuFI/uaLpEWnM="}},"8IgHoTAvPZkECy0AxSLdwGwf2l185MRHTiJT19yUpus=":{"valueMac":{"type":"Buffer","data":"0ZUegcjTE2M5a0OhFV/9EEUvbvaCc/oaAP3hmV2eRIA="}},"8dtCyaVR5LCZ5Y7G+4qT3UgNxiaENw4LWJDuTJm31bE=":{"valueMac":{"type":"Buffer","data":"HMxTBH7b/Xv+rM6Wmp/ApueynQ3Aqze+RWL2yLsj41g="}},"86AlHZiN1uVEQnndXVM7xWTO1GWeEI2Jge6n4jfxaT8=":{"valueMac":{"type":"Buffer","data":"/aDbRG5uJwcwrZF+o0A1ZkGQlNH6G3PuH6EQD0uVE04="}},"/TGaH4Lt3Sg0dhWtzYOSFXE7ELPNef6sNFRSAM7RhKU=":{"valueMac":{"type":"Buffer","data":"sj/oSn3r+wLfAPXYFkvO8pyriYnWTe3mWg+PC/1Rfog="}},"0drUvjUNdTULyNgnFp94DEXUP8fj2lIaZHDB8PUYbiQ=":{"valueMac":{"type":"Buffer","data":"z4xyRZFORVwxIO2qU1cv18xTa0d7yQafKN3dM6Gf6qo="}},"pYwKlHvXFA8LxrEAJcEIQ2hlF5TFwl5dcQXGXyR/aBc=":{"valueMac":{"type":"Buffer","data":"/+8TgzhiFSVLL2XxkjCFnIiIkSsNADviir+6P2en0VI="}},"hZ+nB4bAEP9Do53ruYh3bd2PhoomDv1cbFi1yQMsfDI=":{"valueMac":{"type":"Buffer","data":"iOlNYasmiwce6KRO/Zr4HnFTbK00l0yynG5oYIQzAgU="}},"e9GBV+n+XMJ/byqSVx0FKDcD2UOSQTa4QiSDGAKiKPY=":{"valueMac":{"type":"Buffer","data":"hpxE05dBcvIpyXyluggfjeatG4g9NJc1g+2TNy6YVNM="}},"AxEUs2EusnTwt2Q9wN7nUf7e4cp8LulKjT+oZ6nxBuo=":{"valueMac":{"type":"Buffer","data":"Fp3R5gnKe9w58cs+TJVOJWJaEgn86WKbDgbea1PowOk="}},"yf9IEs0Ts4sSEHZ8s0fPLIPnWgbQQiIYYzB9T1OJIkE=":{"valueMac":{"type":"Buffer","data":"oW0IsjewKgMDhNkagkJT03Qeu+boP41jXWQ0sbholKo="}},"s1bBvrjWHwJkcFWZrLhXT+JCtMcX5By6gRTW32/E0nU=":{"valueMac":{"type":"Buffer","data":"Ltj+GlaD3WyhYtH8sbklaoiEnZPh63isDZEScb29FBU="}},"vK1qqcF/fRVrlpWgvL68VZae4LbPri+WXPWnchqLE7Y=":{"valueMac":{"type":"Buffer","data":"HHhYa+RV+eEHgrwTzUDaSzlKx+DTQUugF5EyBFHcDVs="}},"v8kCZp4mQ3q3TmkVj7Hw9jjuDd3sEqQP32YD/aWMPHE=":{"valueMac":{"type":"Buffer","data":"c1kT/+BMFs/kiSbQEIJIMtpQ1sy6aKITGqDyctZ6YXQ="}},"PxMWNir0/O22kwSBqNUta0uE5EPSkXDWDqTaz6i9iNo=":{"valueMac":{"type":"Buffer","data":"e5wqsbbZfXKbEEluhwfgF3jxx583gn7YssWxAvR7WPs="}},"nugIyBEtccOC1EurhdwoUEIajfJRLJVda93ySjARCGE=":{"valueMac":{"type":"Buffer","data":"G9Gd1PDThPoN0FHZe22kwo0pirhOECHoIN6j32sBKsY="}},"3H1bUk/b1YwGje4t0zJp0HGF3yav0fFMNu7qxL0a1t8=":{"valueMac":{"type":"Buffer","data":"VzXHLxY/ZrHnS2jNdX0qMiapX0UhHeyI/YxNaaQca+M="}}}}