{"noiseKey":{"private":{"type":"Buffer","data":"+BIMKc2+LSEY4/jgtw+Asx1PR+5jCtfV0gqffcbAh0E="},"public":{"type":"Buffer","data":"+nz4aBDBTjMJUSMmiLCWWL2UahrpwvsBGUzcgEbeAh8="}},"pairingEphemeralKeyPair":{"private":{"type":"Buffer","data":"4HgmlbuoAdA/oNWQnxOMt/umbpgq3E3dz6vtgvjWI3M="},"public":{"type":"Buffer","data":"h6H1u8azwFRyb6RZS223yuMpNcwnmTfZikd6kSh/ZgU="}},"signedIdentityKey":{"private":{"type":"Buffer","data":"0KODhBNanHqnvPlVexI+JhPwQb3WQnWwiN6orBKE93o="},"public":{"type":"Buffer","data":"9mJUhFCUxhTv2UEbnS56kSFZoGlf/vTwv7bbGgDLA08="}},"signedPreKey":{"keyPair":{"private":{"type":"Buffer","data":"ECglsKKoHZzAgCAWPSV/59Q17E2LCU3TwfWNv/2GFlM="},"public":{"type":"Buffer","data":"eYoOVY/3X1ujMM0Nnl7z6LBIZpbh+13OAYnUjuBvQAY="}},"signature":{"type":"Buffer","data":"FBL3gx/gnInsk1qOuJ263PUXrRF74UC3IBTVjB2Eoyvrv4oDXpvrw2PS4u5q5bc7BHCB4mR1p1QpXUhKqbsWCg=="},"keyId":1},"registrationId":184,"advSecretKey":"JqCQpmpxv1u1QXb/Hxn6/gNrvk6YH62XYVxwocMm6Ok=","processedHistoryMessages":[{"key":{"remoteJid":"6283176014800@s.whatsapp.net","fromMe":true,"id":"384ED2D2D2E2CA6FAF08A40BC34BABBF"},"messageTimestamp":1748602138},{"key":{"remoteJid":"6283176014800@s.whatsapp.net","fromMe":true,"id":"28A555737FB6D8EE1A7E63B2A70240F2"},"messageTimestamp":1748602139},{"key":{"remoteJid":"6283176014800@s.whatsapp.net","fromMe":true,"id":"5D695E5EE015662DC2757FC23014BE9E"},"messageTimestamp":1748602189},{"key":{"remoteJid":"6283176014800@s.whatsapp.net","fromMe":true,"id":"5B6D5A35C71F6A04BBE4CCA498007E01"},"messageTimestamp":1748602229},{"key":{"remoteJid":"6283176014800@s.whatsapp.net","fromMe":true,"id":"FD648CAED725FEF510D4F1029059F4A9"},"messageTimestamp":1748602279},{"key":{"remoteJid":"6283176014800@s.whatsapp.net","fromMe":true,"id":"3AD315CC9B1423AA78713636D1198FD1"},"messageTimestamp":1748602308},{"key":{"remoteJid":"6283176014800@s.whatsapp.net","fromMe":true,"id":"4F857A45748443EC3BCB87775BFB55C5"},"messageTimestamp":1748602350},{"key":{"remoteJid":"6283176014800@s.whatsapp.net","fromMe":true,"id":"9163D0B002ED02A2398A64013F1317F9"},"messageTimestamp":1748602375},{"key":{"remoteJid":"6283176014800@s.whatsapp.net","fromMe":true,"id":"95C5B9228CF3A9D475BEDF4C2A53DDA2"},"messageTimestamp":1748602383}],"nextPreKeyId":36,"firstUnuploadedPreKeyId":36,"accountSyncCounter":1,"accountSettings":{"unarchiveChats":false},"deviceId":"NxoNacv5SKqIDpMhHxIh5Q","phoneId":"2d22bfe5-416b-4736-97f4-9c7ce857744b","identityId":{"type":"Buffer","data":"pFjmim9pNnNcFu90XlTk9IQqeHk="},"registered":true,"backupToken":{"type":"Buffer","data":"qO08JXTx267hD53zftqqYoTNVKs="},"registration":{},"pairingCode":"NE6WEDWM","me":{"id":"6283176014800:22@s.whatsapp.net","lid":"174857329332265:22@lid","name":"Who I Am?"},"account":{"details":"CN3o4uIDEP6Z5sEGGAEgACgA","accountSignatureKey":"myph7fntN7OLSARNRMAgC/SUdrMnzquxmG28dbiA2Xo=","accountSignature":"djP8PnWlg8CKC11q9fj2D69avMv+c6D7siAel42pDsj6Z+l1ClUsgQYKfkdJGZfvzf1QVpdmRCYdqK79ldWiCg==","deviceSignature":"f+Hi/ux47B6Q2xP+hJkuXkcd6/38oYO4GvfEj7KCCvLXsA25lWReALDi7/j7x5QB26rv00H421xslUt5gpXQCg=="},"signalIdentities":[{"identifier":{"name":"6283176014800:22@s.whatsapp.net","deviceId":0},"identifierKey":{"type":"Buffer","data":"BZsqYe357Tezi0gETUTAIAv0lHazJ86rsZhtvHW4gNl6"}}],"platform":"android","routingInfo":{"type":"Buffer","data":"CAIIEg=="},"lastAccountSyncTimestamp":1748602510,"lastPropHash":"1K4hH4","myAppStateKeyId":"AAAAALG6"}