{"_sessions":{"BeuXFwxal4gisuYjyOayQmJxAfNPpRO1NAfOHPjhAOga":{"registrationId":1154783834,"currentRatchet":{"ephemeralKeyPair":{"pubKey":"BfNhlJtVZhW9T9JRj7E0FnewbvNoC+LKivd/EFGNO009","privKey":"cEl5+MPJz+ywI65KeOgpUKaQtdOnfjP1Bze6VgArvmE="},"lastRemoteEphemeralKey":"BRUvWAmx0XPqCnFyFhYhf6AgsXAg+JR5sSxm0Ii307xw","previousCounter":0,"rootKey":"fcjjvrbwjFzl1erGsZACpakEZoTcBAhm8aQJJwq1L04="},"indexInfo":{"baseKey":"BeuXFwxal4gisuYjyOayQmJxAfNPpRO1NAfOHPjhAOga","baseKeyType":1,"closed":-1,"used":1748566372197,"created":1748566372197,"remoteIdentityKey":"BV0UDOYlQVYOsU7mkpZIJ+l1+5uZjs4Iz2QEJxSppycY"},"_chains":{"BfNhlJtVZhW9T9JRj7E0FnewbvNoC+LKivd/EFGNO009":{"chainKey":{"counter":2,"key":"YcgIyd0v2peE0uihZFfr6Zmu5b2bekvOMbtgLF1MyAg="},"chainType":1,"messageKeys":{}}},"pendingPreKey":{"signedKeyId":5,"baseKey":"BeuXFwxal4gisuYjyOayQmJxAfNPpRO1NAfOHPjhAOga","preKeyId":11058038}}},"version":"v1"}