{"_sessions":{"BdD02y6WZN/LpWuPWi1yosAvWd7eCNa6raZ1KTVHyP18":{"registrationId":1303661391,"currentRatchet":{"ephemeralKeyPair":{"pubKey":"Bf0hXcGi2qFqP/3pK3JuVRbRtNXWWtwojc/gJkWtnaUf","privKey":"cJDwBvUn23/cZIJ+rLZHUrKxEB5TfKeK9Gdy+2CD5W0="},"lastRemoteEphemeralKey":"BbGdoHRjPemFj3imVuI31nHb6UTV/hMhHRRScLRoRcsh","previousCounter":0,"rootKey":"eSM2G3nN8pvywdxpETffYnGoTQQDwaxXZAOga6LaO9U="},"indexInfo":{"baseKey":"BdD02y6WZN/LpWuPWi1yosAvWd7eCNa6raZ1KTVHyP18","baseKeyType":1,"closed":-1,"used":1748566372191,"created":1748566372191,"remoteIdentityKey":"BTTy6YelGKOyxChUIrOokao+oyD9PKSWL+sSqEYzxGRZ"},"_chains":{"Bf0hXcGi2qFqP/3pK3JuVRbRtNXWWtwojc/gJkWtnaUf":{"chainKey":{"counter":2,"key":"kVT1kvgmRkxntsEmb/Q0zFyKeN9wyI0RB28slDNFIuo="},"chainType":1,"messageKeys":{}}},"pendingPreKey":{"signedKeyId":0,"baseKey":"BdD02y6WZN/LpWuPWi1yosAvWd7eCNa6raZ1KTVHyP18","preKeyId":10073319}}},"version":"v1"}