{"_sessions":{"BT5Fup17fgmv9za75sjd0iAdWpLXyARRyou5z7V0fzV/":{"registrationId":530050705,"currentRatchet":{"ephemeralKeyPair":{"pubKey":"BbLM9yCkBzxrjPwAravJhdlGMxGLK/7VgMjHYH9KtJAw","privKey":"6GgPqL7wLOlH56Ogvzc6C7GaeXGqCMOIJAP3PluCmEE="},"lastRemoteEphemeralKey":"BVStgPFE4DdlE810TzSBaKjvRTAlbfmgiFtdmw+YVNMM","previousCounter":0,"rootKey":"PVy3W0eFDpBziYi3IjvGm3xqhCmYVkrb7gwJQdFNUu0="},"indexInfo":{"baseKey":"BT5Fup17fgmv9za75sjd0iAdWpLXyARRyou5z7V0fzV/","baseKeyType":2,"closed":-1,"used":1748567775054,"created":1748567775054,"remoteIdentityKey":"BV47IPT4ufjO6BRRhz1bQA6jLslcW8SEpFpMff+kTyw6"},"_chains":{"BVStgPFE4DdlE810TzSBaKjvRTAlbfmgiFtdmw+YVNMM":{"chainKey":{"counter":0,"key":"Gv89oZYsA0mMrD4cNbU4PFrZWvSRO0hr/aO4+TXqLjY="},"chainType":2,"messageKeys":{}},"BbLM9yCkBzxrjPwAravJhdlGMxGLK/7VgMjHYH9KtJAw":{"chainKey":{"counter":-1,"key":"FivQvTrwaFa2L/VYlH86YEB35GuWcmylyS8rN43JrHI="},"chainType":1,"messageKeys":{}}}}},"version":"v1"}