{"_sessions":{"BTWS0HIboNUhqqud9lc4dHvOeDo/gbRtlsh0juqppdIe":{"registrationId":4653,"currentRatchet":{"ephemeralKeyPair":{"pubKey":"Ba5vsQudMlCzMZrm1b+zgNo+unGOGcB69Of6oleiq184","privKey":"UMdqvsWAsHzlDceO2BtF3C/sFEoXAw6OBpXAAJbH9U0="},"lastRemoteEphemeralKey":"BY1e+boXZWEK30xy2FQM/mzMxo4Q6LflOw5z3hpW5IFA","previousCounter":0,"rootKey":"Guuneum4KHJqDaSnaRvNZjwdQp+LXhSvQwflRHio/EI="},"indexInfo":{"baseKey":"BTWS0HIboNUhqqud9lc4dHvOeDo/gbRtlsh0juqppdIe","baseKeyType":1,"closed":-1,"used":1748567563917,"created":1748567563917,"remoteIdentityKey":"BfsxLMtBOIzMii9CdZc881R4tHxGJcxJKjgAfailFlFG"},"_chains":{"Ba5vsQudMlCzMZrm1b+zgNo+unGOGcB69Of6oleiq184":{"chainKey":{"counter":0,"key":"rZQn1DLbZZrZOK/e5K2C6MO8HuR+bfXBIVObd2bMqwU="},"chainType":1,"messageKeys":{}}},"pendingPreKey":{"signedKeyId":1,"baseKey":"BTWS0HIboNUhqqud9lc4dHvOeDo/gbRtlsh0juqppdIe","preKeyId":4517}}},"version":"v1"}