{"_sessions":{"BeLR2N34LO0IFN0XS15C0yaUZ6fhcv6d31njoRri9xpi":{"registrationId":1606743660,"currentRatchet":{"ephemeralKeyPair":{"pubKey":"BUsseC07m5OepCDKogEzSXN/bZgGopxygAKB4j5mYsZm","privKey":"mNf7HEaFADVJeUrEBjsTH+j8myB7jLefpiwRqBkmYnQ="},"lastRemoteEphemeralKey":"BewxfQMAXu02+Xx98ZSXe28plwjGdi7SBDnMHORcp7YD","previousCounter":0,"rootKey":"j9LItGBCzDZU/wGBYiYksRLUuWm3rKgag8r/u9Pay4s="},"indexInfo":{"baseKey":"BeLR2N34LO0IFN0XS15C0yaUZ6fhcv6d31njoRri9xpi","baseKeyType":1,"closed":-1,"used":1748567564327,"created":1748567564327,"remoteIdentityKey":"BTvfX61egRxy5ULMhXixorUGaEjlPD33jZoeC98Yf5sz"},"_chains":{"BUsseC07m5OepCDKogEzSXN/bZgGopxygAKB4j5mYsZm":{"chainKey":{"counter":0,"key":"EunDWottWp+Dk6JVNqTkW4dmYLV+sz+wuiyZdc5krKM="},"chainType":1,"messageKeys":{}}},"pendingPreKey":{"signedKeyId":7,"baseKey":"BeLR2N34LO0IFN0XS15C0yaUZ6fhcv6d31njoRri9xpi","preKeyId":13300445}}},"version":"v1"}