{"_sessions":{"BbQwTrtoJTCqYpmjOaGdr0N5hBU0H1wCV4qdf/Eom5RH":{"registrationId":1997871179,"currentRatchet":{"ephemeralKeyPair":{"pubKey":"BRFDvmTwxlL9C9xayIEIVju7EI2ilzFpX1HIh4WzhN0S","privKey":"oKUwVTH/9+UsyuGgBjTpJVG+aImPBFbbz2vox+T+N2s="},"lastRemoteEphemeralKey":"BQkKx5FuC9mkIRJYmZ1jnFH6Vi9FD55zRJXbfGFpLfom","previousCounter":0,"rootKey":"COngXlXoTIZ9LNy6z7VQYgTKL+EBTIJy6i1Vb+ajoGs="},"indexInfo":{"baseKey":"BbQwTrtoJTCqYpmjOaGdr0N5hBU0H1wCV4qdf/Eom5RH","baseKeyType":1,"closed":-1,"used":1748566372280,"created":1748566372280,"remoteIdentityKey":"BRRqcHHFz1e9yRU8KH+4G35ojLcRw4PliKrpggGDI5MO"},"_chains":{"BRFDvmTwxlL9C9xayIEIVju7EI2ilzFpX1HIh4WzhN0S":{"chainKey":{"counter":3,"key":"EmZzRH/MZqC7mwrn35u+rtzpOWtnt+KOyHMOFY+jzvA="},"chainType":1,"messageKeys":{}}},"pendingPreKey":{"signedKeyId":1,"baseKey":"BbQwTrtoJTCqYpmjOaGdr0N5hBU0H1wCV4qdf/Eom5RH","preKeyId":9440509}}},"version":"v1"}