{"_sessions":{"BQV5Mwx8O9rgQTX8cr4OH10Ov/cYF0PNBcCD+3DPYTZq":{"registrationId":1910812522,"currentRatchet":{"ephemeralKeyPair":{"pubKey":"BRFs9s0xrkO0ODMPE2UQ8T3xIiOb5nFAy3/lhRrS27o6","privKey":"AD9SpWwAO1lquTm0wzGJh8JLyw2bx1Zbv5FOnhYEpWo="},"lastRemoteEphemeralKey":"BTriJfFYYPEDMLk3ktyQFk1XWHe2guSgOEKcWN95SXo2","previousCounter":0,"rootKey":"9PVuy8x3EFl1yBna2d+YN1EExNhDON5TD2JnkGQSV4o="},"indexInfo":{"baseKey":"BQV5Mwx8O9rgQTX8cr4OH10Ov/cYF0PNBcCD+3DPYTZq","baseKeyType":1,"closed":-1,"used":1748566372608,"created":1748566372608,"remoteIdentityKey":"BRiRo/vfgkTpsoJcWOqTli6ZER7BZkqM7IBAiL2Vuu94"},"_chains":{"BRFs9s0xrkO0ODMPE2UQ8T3xIiOb5nFAy3/lhRrS27o6":{"chainKey":{"counter":3,"key":"V2Iptgx9/QHz/kCUtNuH2utUUl3FaAlWldAjDQLO9aw="},"chainType":1,"messageKeys":{}}},"pendingPreKey":{"signedKeyId":1,"baseKey":"BQV5Mwx8O9rgQTX8cr4OH10Ov/cYF0PNBcCD+3DPYTZq","preKeyId":1946769}}},"version":"v1"}