{"_sessions":{"BfbUhJjUszeYEQr9ijEStV7bpBQvhM7BbOKWXC88PZty":{"registrationId":386272588,"currentRatchet":{"ephemeralKeyPair":{"pubKey":"BXBMdSbyW3HR5W0O7DgFrP8dYtV3wmYqo97o7kqbKHF/","privKey":"KP5dFR/D0l/JzKg2aHzgZ8G0ejSBqnGQmzI0EIboYmI="},"lastRemoteEphemeralKey":"BfJwz6JRApmaHEyPKAe9/0za5DNjvmSHeSREDCocTYp4","previousCounter":0,"rootKey":"HuGCHAGu9IGKqSwRkNNvA2g1i3yZ0ONayPyf4ZDb3J8="},"indexInfo":{"baseKey":"BfbUhJjUszeYEQr9ijEStV7bpBQvhM7BbOKWXC88PZty","baseKeyType":1,"closed":-1,"used":1748567564389,"created":1748567564389,"remoteIdentityKey":"BQcoQSrANdi1RZOnbIPua3krONmp4vdts2oZSRRiVz8c"},"_chains":{"BXBMdSbyW3HR5W0O7DgFrP8dYtV3wmYqo97o7kqbKHF/":{"chainKey":{"counter":0,"key":"CufZi4nLLUjhHv7VPuhfMixQb5HPA1F6G8Baiq+NII8="},"chainType":1,"messageKeys":{}}},"pendingPreKey":{"signedKeyId":0,"baseKey":"BfbUhJjUszeYEQr9ijEStV7bpBQvhM7BbOKWXC88PZty","preKeyId":9285538}}},"version":"v1"}