{"_sessions":{"BdS7+jSyxM+LeHqyWP9CFkz9YMNLvZpcNpOxmqJAPFcQ":{"registrationId":417151194,"currentRatchet":{"ephemeralKeyPair":{"pubKey":"Bcn2LvRBfNS68ct74CSauBmRSFlzkjEAGLLxy7Q/k4R0","privKey":"SDNj3ZXa+OzrX2IOSwLny2WU9hbV1+hN/1uMBGctaGc="},"lastRemoteEphemeralKey":"Bakiqwj1ZqGecCs9UQOkHNhj1LxpRuho3ixRc0SbiDpc","previousCounter":0,"rootKey":"T+3TENkQUjslJ7ZX7ypnouVLCUKTYJShA6BQII4pE+c="},"indexInfo":{"baseKey":"BdS7+jSyxM+LeHqyWP9CFkz9YMNLvZpcNpOxmqJAPFcQ","baseKeyType":1,"closed":-1,"used":1748566372478,"created":1748566372478,"remoteIdentityKey":"BRmfE/gah1LL1aquWuBevK2jA8vHATJiMACXEwKhOkg5"},"_chains":{"Bcn2LvRBfNS68ct74CSauBmRSFlzkjEAGLLxy7Q/k4R0":{"chainKey":{"counter":2,"key":"/go9+cOWuk4aGeY0WFLdoV8Io4rnovNONrsDLu5JlBw="},"chainType":1,"messageKeys":{}}},"pendingPreKey":{"signedKeyId":11,"baseKey":"BdS7+jSyxM+LeHqyWP9CFkz9YMNLvZpcNpOxmqJAPFcQ"}}},"version":"v1"}