{"_sessions":{"BYqB7EB11GyV5j6Llz0QRrX8Zy73R13KFeMbuWPcucUh":{"registrationId":1490736038,"currentRatchet":{"ephemeralKeyPair":{"pubKey":"BSuupNtgniqk12Sa635AEHTxNGssoovxK1IBUT2Peuco","privKey":"qJxCKJCU2HoIdfHydcUe8iSTfoAiXur+TjcXQ4PeB1Q="},"lastRemoteEphemeralKey":"BbEbmTFb48ry3ox6DvbP0ZUS0tL4ozW0NwG8Eg9owu9L","previousCounter":0,"rootKey":"/wA311O+GUIVVNJziZ0VzzUQAQCUPplkJpe2ACLFDRA="},"indexInfo":{"baseKey":"BYqB7EB11GyV5j6Llz0QRrX8Zy73R13KFeMbuWPcucUh","baseKeyType":1,"closed":-1,"used":1748566372395,"created":1748566372395,"remoteIdentityKey":"BcFQL4QxhQpivrBZSAo8cD1Us1hzMvPboRKBk0GK/fkD"},"_chains":{"BSuupNtgniqk12Sa635AEHTxNGssoovxK1IBUT2Peuco":{"chainKey":{"counter":2,"key":"ENrNbnbfT39McTcM2EuQWin6TR7OjtG8q7W/CnnxNSc="},"chainType":1,"messageKeys":{}}},"pendingPreKey":{"signedKeyId":3,"baseKey":"BYqB7EB11GyV5j6Llz0QRrX8Zy73R13KFeMbuWPcucUh","preKeyId":7380951}}},"version":"v1"}