{"_sessions":{"BYV7AW5GgdDE+9gdjzBveKwUy9svfQYN3BMiAK/RloJI":{"registrationId":389621590,"currentRatchet":{"ephemeralKeyPair":{"pubKey":"BfyrjeOqXO0uFhw5AZ8etssvFXzYGsKBWklQlwokLXQy","privKey":"yOfOGUrpUF9b4QP8Yum7N/5psofD/JcENrLLVtVAu0M="},"lastRemoteEphemeralKey":"BUdIC3YIfYOIwPqcJpLI3DWHeynyHkilI8+wnWND5Xtj","previousCounter":0,"rootKey":"s4W9s/678ZL0eXCNhEddojbOoHW1v9Sc6DCz+VLgneo="},"indexInfo":{"baseKey":"BYV7AW5GgdDE+9gdjzBveKwUy9svfQYN3BMiAK/RloJI","baseKeyType":1,"closed":-1,"used":1748566373035,"created":1748566373035,"remoteIdentityKey":"Bajaw/xks52nlBZhXuWQwabEg10CUwaA9QSlOIPAmBF7"},"_chains":{"BfyrjeOqXO0uFhw5AZ8etssvFXzYGsKBWklQlwokLXQy":{"chainKey":{"counter":2,"key":"OfzIdkrCgVK3X1N4qOXqn821MUiT5inDH/exuUPU0xI="},"chainType":1,"messageKeys":{}}},"pendingPreKey":{"signedKeyId":5,"baseKey":"BYV7AW5GgdDE+9gdjzBveKwUy9svfQYN3BMiAK/RloJI","preKeyId":11114394}}},"version":"v1"}