{"_sessions":{"BamU0aAWscyXDgtvpo/LEPqDoDG4vS5onqK2EYcdgaN6":{"registrationId":1283814877,"currentRatchet":{"ephemeralKeyPair":{"pubKey":"BcZz2fkJFJd/34rIbuulRItH/SNMA8Gx92qm8Ljc4AZU","privKey":"8JFmYPG4g4PUJFZGqe58O3rYJCBrQRlGYfLMiER4A0k="},"lastRemoteEphemeralKey":"BRDKRH3asTMQh0KWGqaGol4hEPmnxmO7z+tBQbWJPdIR","previousCounter":0,"rootKey":"SKbRITQOneqpuyEUXYVO0OZz9qt7Y0WPjSDTml2f3YI="},"indexInfo":{"baseKey":"BamU0aAWscyXDgtvpo/LEPqDoDG4vS5onqK2EYcdgaN6","baseKeyType":1,"closed":-1,"used":1748567564361,"created":1748567564361,"remoteIdentityKey":"BRt/Ersvyai4XkXjxO5iq6Hojz2mboM7B7CGO2em4lQD"},"_chains":{"BcZz2fkJFJd/34rIbuulRItH/SNMA8Gx92qm8Ljc4AZU":{"chainKey":{"counter":0,"key":"cOY2PPxO2NPwdk7PUUxR2Vj5Lv9TgRFJjCw8ODjcBik="},"chainType":1,"messageKeys":{}}},"pendingPreKey":{"signedKeyId":3,"baseKey":"BamU0aAWscyXDgtvpo/LEPqDoDG4vS5onqK2EYcdgaN6"}}},"version":"v1"}