{"_sessions":{"BZg4X50cgB8PhkLNsm013Dt5iRs+Y2Pp12/zbUgV0r9e":{"registrationId":1201431501,"currentRatchet":{"ephemeralKeyPair":{"pubKey":"BWRoEsjb7exS9SeEnMVtLFCouJryobvHJeXrTxbIuDsM","privKey":"AP9Rs3rxiOB3hcrwLgibEHHvWcERxNQJA7v84ahDAHE="},"lastRemoteEphemeralKey":"BbgVvNvFTW1YsCm5jA+swfYlrhbnQGw0SKFRh36IIItS","previousCounter":0,"rootKey":"U4EjOpTmniouhgCNhduuj6yJsBAIVb1zClkmV8uf3Aw="},"indexInfo":{"baseKey":"BZg4X50cgB8PhkLNsm013Dt5iRs+Y2Pp12/zbUgV0r9e","baseKeyType":1,"closed":-1,"used":1748566373270,"created":1748566373270,"remoteIdentityKey":"BQuJRcZJPQTI1x1P2VL9fa4UDVDSFeg/ISbqkIB/r7wG"},"_chains":{"BWRoEsjb7exS9SeEnMVtLFCouJryobvHJeXrTxbIuDsM":{"chainKey":{"counter":2,"key":"oxkC1t8jgytjTBAQos9WXRx6shySKIMsNMrtNKL1BSw="},"chainType":1,"messageKeys":{}}},"pendingPreKey":{"signedKeyId":0,"baseKey":"BZg4X50cgB8PhkLNsm013Dt5iRs+Y2Pp12/zbUgV0r9e","preKeyId":9181227}}},"version":"v1"}