{"_sessions":{"BYhcU1sBP5lXLAkhWlo4lvMCIsyapJ11cF4vixSiGGhh":{"registrationId":492219335,"currentRatchet":{"ephemeralKeyPair":{"pubKey":"BRcQ3ati+2v7Dv7jcDw6i91czK5rtvWGX9+Wv+i8uEJf","privKey":"6J7qlTPlKInM9soTdBktunw66fLV5IH0FMmXa3AcV3Y="},"lastRemoteEphemeralKey":"BSaErMq91PvHyVuwctWpnP9hIVxBDR3nQzh8YN6BFDAB","previousCounter":0,"rootKey":"Vf5vQ3EEXS0DpqhoJ2cucFSBrwQ5e4Ew7qnpRn7t3SU="},"indexInfo":{"baseKey":"BYhcU1sBP5lXLAkhWlo4lvMCIsyapJ11cF4vixSiGGhh","baseKeyType":1,"closed":-1,"used":1748566371737,"created":1748566371737,"remoteIdentityKey":"Bb7kTF+yy98zH5NV17dAxMAc4RkTCuVzq4ow1VTfOJVP"},"_chains":{"BRcQ3ati+2v7Dv7jcDw6i91czK5rtvWGX9+Wv+i8uEJf":{"chainKey":{"counter":3,"key":"TeKxa1IncDMELDDypVChgGkJHy4mXSvOc8ae+xbWh0M="},"chainType":1,"messageKeys":{}}},"pendingPreKey":{"signedKeyId":0,"baseKey":"BYhcU1sBP5lXLAkhWlo4lvMCIsyapJ11cF4vixSiGGhh"}}},"version":"v1"}