{"_sessions":{"BYafmSWdSQlGQEfNK8/8+9Y0gRbNHiwlPzl1S6B9RGwp":{"registrationId":1856714195,"currentRatchet":{"ephemeralKeyPair":{"pubKey":"Bbs3PvealBkPmLaLeh4a/y4p9MZUbUp62s2+jFxPPKwa","privKey":"gOi8uL8SdTd1FER1kmg3LPKvZ3fT750UAzhSzInVLFc="},"lastRemoteEphemeralKey":"BXXCSeflfB/82G7UsB+0wx0fLfaEU12KqSCTy+OPcDNj","previousCounter":0,"rootKey":"3lwmkW5Uxp8ERrS+KdHxYwsZRW3KVVkCtkcxHGs7sEE="},"indexInfo":{"baseKey":"BYafmSWdSQlGQEfNK8/8+9Y0gRbNHiwlPzl1S6B9RGwp","baseKeyType":1,"closed":-1,"used":1748566373120,"created":1748566373120,"remoteIdentityKey":"BVAO3nPgMV7nvTiltN8Ql31KA4XqwUkKFhJ5JvXSrfpQ"},"_chains":{"Bbs3PvealBkPmLaLeh4a/y4p9MZUbUp62s2+jFxPPKwa":{"chainKey":{"counter":2,"key":"jA2peXHigNXULYF4tkQihv2NkGU+0My+xw2a/YgqIQU="},"chainType":1,"messageKeys":{}}},"pendingPreKey":{"signedKeyId":26,"baseKey":"BYafmSWdSQlGQEfNK8/8+9Y0gRbNHiwlPzl1S6B9RGwp","preKeyId":16529937}}},"version":"v1"}