{"_sessions":{"Bc3mmPSpsan219XkVkL4/tkvEzGFY0mCC8B+loUYZgVD":{"registrationId":1870349442,"currentRatchet":{"ephemeralKeyPair":{"pubKey":"BXQEl2OBaYcMwf03HY9PwA9m4zp97SV/KK8G3Ub+0HZB","privKey":"GPA6PY9i/jVb7dE3tD/vxvH7J3PcfDXN6zy9AilpiV4="},"lastRemoteEphemeralKey":"BX7TQIopSxaKcM+Acem2ERncAlLgcM7JkpsiesN4zM9u","previousCounter":0,"rootKey":"1bT5Tq5Zcls51QKnZb/W4ebQIeVhlJRIN+fZrD0aWcY="},"indexInfo":{"baseKey":"Bc3mmPSpsan219XkVkL4/tkvEzGFY0mCC8B+loUYZgVD","baseKeyType":1,"closed":-1,"used":1748566372614,"created":1748566372614,"remoteIdentityKey":"BcVOrmHfr5iO2uy6g4sjn37pj3WcWf7Vkp7Y1vZAxatY"},"_chains":{"BXQEl2OBaYcMwf03HY9PwA9m4zp97SV/KK8G3Ub+0HZB":{"chainKey":{"counter":2,"key":"sDB/bzvjgvQkBF+psvbPs0/5Q12yR9pT6Jc1XCyUyDY="},"chainType":1,"messageKeys":{}}},"pendingPreKey":{"signedKeyId":1,"baseKey":"Bc3mmPSpsan219XkVkL4/tkvEzGFY0mCC8B+loUYZgVD","preKeyId":1844530}}},"version":"v1"}