{"_sessions":{"BYaAoHLqWqscqWFGjSOtVWMQidc53aCFWrQxdRIYtupl":{"registrationId":1421275213,"currentRatchet":{"ephemeralKeyPair":{"pubKey":"BbzG4qs/eHkumchU9UY/KdeGpk039aEM0ZKL3tD9VKYQ","privKey":"4N9FcOiOqw8rlWad6x4W90EhK2M+2k+5iXiVWh1i6Hg="},"lastRemoteEphemeralKey":"BTYtKE78SHEHX7bLqfwkkFk4oGFrI0GHQ1ZsCHxw45wZ","previousCounter":0,"rootKey":"Po1klo8VpTmt0HZUAfAA5cUmOJU52X9sXmWupEKovMo="},"indexInfo":{"baseKey":"BYaAoHLqWqscqWFGjSOtVWMQidc53aCFWrQxdRIYtupl","baseKeyType":1,"closed":-1,"used":1748566372467,"created":1748566372467,"remoteIdentityKey":"BYpSdA57q8AoYto5jlJM60w/b9no+A1GT0TvrA2m6tNw"},"_chains":{"BbzG4qs/eHkumchU9UY/KdeGpk039aEM0ZKL3tD9VKYQ":{"chainKey":{"counter":2,"key":"DjTTdgF4vY5AYeIfZq7oTTsRmgkSoHYfpY8jjge5N1g="},"chainType":1,"messageKeys":{}}},"pendingPreKey":{"signedKeyId":1,"baseKey":"BYaAoHLqWqscqWFGjSOtVWMQidc53aCFWrQxdRIYtupl","preKeyId":13407362}}},"version":"v1"}