{"_sessions":{"BSiN1tUx1azwPo1g7w6+8NLLZfCfETwtGnoueR1jPl80":{"registrationId":470433524,"currentRatchet":{"ephemeralKeyPair":{"pubKey":"BfzI4HP6hqd8vlH9Qts4L1uGOYtaGL/bhXCPimRPcAkf","privKey":"UKpJtYbukKsKWgoOFVCz5TPHTSoKz4k5uuU+L5goI2s="},"lastRemoteEphemeralKey":"BQNuZYGpDGs7HTKkmJnFoJGChxSE6g3wB9OUzl6xW3EJ","previousCounter":0,"rootKey":"A83gX2YIcWrykFuSTzy13LvPB5WJmi9uzWl6erWJmwo="},"indexInfo":{"baseKey":"BSiN1tUx1azwPo1g7w6+8NLLZfCfETwtGnoueR1jPl80","baseKeyType":1,"closed":-1,"used":1748567564509,"created":1748567564509,"remoteIdentityKey":"BWYtFUZCk92uv2LBihd9hrE7pehwC8AV7SB857MQoPxJ"},"_chains":{"BfzI4HP6hqd8vlH9Qts4L1uGOYtaGL/bhXCPimRPcAkf":{"chainKey":{"counter":0,"key":"rlkqBLeFpDYHLWCuH9rC3CRbDUhICYzdSQ3Qe2xkPUs="},"chainType":1,"messageKeys":{}}},"pendingPreKey":{"signedKeyId":15,"baseKey":"BSiN1tUx1azwPo1g7w6+8NLLZfCfETwtGnoueR1jPl80","preKeyId":2827994}}},"version":"v1"}