{"_sessions":{"BR/ta4LRQT/mHAyNWxTiMs7REemRRADzhnzRxoUd5Zsu":{"registrationId":577308748,"currentRatchet":{"ephemeralKeyPair":{"pubKey":"BTgJOJbGbxmuwveeIXFelUixpY3nhIRvIPHC66yCIU4a","privKey":"CE4+w5jKNrJkgazLvOs2iV3CC3Mz8Z7s2yk2jnLzmnY="},"lastRemoteEphemeralKey":"BXddmPmZUSZBYZxLzR+KF3U2/03MGnjFlxQJKIoRkGUr","previousCounter":0,"rootKey":"n4NSif8wb7SJ19pYMvCd006hvOOXryYpdL6H+ukChFA="},"indexInfo":{"baseKey":"BR/ta4LRQT/mHAyNWxTiMs7REemRRADzhnzRxoUd5Zsu","baseKeyType":1,"closed":-1,"used":1748567564675,"created":1748567564675,"remoteIdentityKey":"Bez1naPc5vSmnyZrB3FPydEsoxSZo46a+YBYXKLTj44t"},"_chains":{"BTgJOJbGbxmuwveeIXFelUixpY3nhIRvIPHC66yCIU4a":{"chainKey":{"counter":0,"key":"uFv6XwmloFjSAi+H9I1EtEaA6YmvwdR0BUmgIsg+udg="},"chainType":1,"messageKeys":{}}},"pendingPreKey":{"signedKeyId":4,"baseKey":"BR/ta4LRQT/mHAyNWxTiMs7REemRRADzhnzRxoUd5Zsu","preKeyId":15858342}}},"version":"v1"}