{"_sessions":{"BRjDUOuxQnynieXuPqNxPqUbs5dXZ64OhvY0ALI2VpN5":{"registrationId":1212999597,"currentRatchet":{"ephemeralKeyPair":{"pubKey":"BYZIGj269/iPIYSwmN4GIJlqh9i/Vm92Pot38z9jhqAn","privKey":"OLUrRafDHekULzSBwyhm3dC8KbNQSIqf9cO+CozwsXs="},"lastRemoteEphemeralKey":"BdOJ+PZH4sxha7njiCqmYd2dE0UCo0/RnZ3w6vW+VIAg","previousCounter":0,"rootKey":"gxsZKLSj93BKWq4KjvKU4I3DbEahHr5rflZp1YauV64="},"indexInfo":{"baseKey":"BRjDUOuxQnynieXuPqNxPqUbs5dXZ64OhvY0ALI2VpN5","baseKeyType":1,"closed":-1,"used":1748566373652,"created":1748566373652,"remoteIdentityKey":"BYXvUiN1GVOTSBEslqdkJ2og69n/KkEpr4fUrsyZKBoz"},"_chains":{"BYZIGj269/iPIYSwmN4GIJlqh9i/Vm92Pot38z9jhqAn":{"chainKey":{"counter":2,"key":"z7uCOH9MUF8PwjHNuBBDVyJfXXQkivQGwLmzhY3pD3o="},"chainType":1,"messageKeys":{}}},"pendingPreKey":{"signedKeyId":0,"baseKey":"BRjDUOuxQnynieXuPqNxPqUbs5dXZ64OhvY0ALI2VpN5","preKeyId":4538002}}},"version":"v1"}