{"_sessions":{"BeIzSRQaqzDNRtTsYwEmUUFCpw5zdkweLslcFMSM+8pg":{"registrationId":1375107248,"currentRatchet":{"ephemeralKeyPair":{"pubKey":"BdMkSY9Ls3Q0r28PH5sb8HwIdIBDUMBzGFjVNrCl67lD","privKey":"ePymoR+2SP6qkXdRQrEgIxmQGLpP36ifE/bkQXvun3U="},"lastRemoteEphemeralKey":"BW2AYITXOtjUNOTNwy5g/hLjYNCwtB+N0p2M9u1MzCE9","previousCounter":0,"rootKey":"8ObnlrBuNhYlci3MVlPgUSq7MWnEUEj+BDfsGpLv4PE="},"indexInfo":{"baseKey":"BeIzSRQaqzDNRtTsYwEmUUFCpw5zdkweLslcFMSM+8pg","baseKeyType":1,"closed":-1,"used":1748566373178,"created":1748566373178,"remoteIdentityKey":"BcPMarNYtMNBNGB9ubti+wLupQVJqjr4C0ZL9ZXbSLgI"},"_chains":{"BdMkSY9Ls3Q0r28PH5sb8HwIdIBDUMBzGFjVNrCl67lD":{"chainKey":{"counter":2,"key":"1vjp/9+2f9lW91bvQBILpYJMtvtmT+uKMDATXMsJEKk="},"chainType":1,"messageKeys":{}}},"pendingPreKey":{"signedKeyId":8,"baseKey":"BeIzSRQaqzDNRtTsYwEmUUFCpw5zdkweLslcFMSM+8pg","preKeyId":16342570}}},"version":"v1"}