{"_sessions":{"BWbilgsrDmhuKxd4OJcdOsBpyhhwWLPiNF6TcHoJALxt":{"registrationId":706601394,"currentRatchet":{"ephemeralKeyPair":{"pubKey":"BVnRcnvzA8DFcRUTOME0Ow6qelGUBOuqCpiOUKWvgwkn","privKey":"yP9wUXyLOF7NRtIV7SmZ5LpBaFUwsN5+MDz3X+HmBlE="},"lastRemoteEphemeralKey":"BR/mFLAjyOj3soeEOesHYR9JvSsorWVEN+Y+8ATsGQhu","previousCounter":0,"rootKey":"5Y9rrLemvgw+19DxcacI7BQEaq8cl50KPy0OhjiXw7g="},"indexInfo":{"baseKey":"BWbilgsrDmhuKxd4OJcdOsBpyhhwWLPiNF6TcHoJALxt","baseKeyType":1,"closed":-1,"used":1748566372318,"created":1748566372318,"remoteIdentityKey":"BZO5NDIhJds3jRQ34ga/Hg7j3LhZfZ+oOoZpZuokASwM"},"_chains":{"BVnRcnvzA8DFcRUTOME0Ow6qelGUBOuqCpiOUKWvgwkn":{"chainKey":{"counter":2,"key":"SAI/8zrCV4e+2P1Odi1L+P82xSudV6ybVK0htZM7u2I="},"chainType":1,"messageKeys":{}}},"pendingPreKey":{"signedKeyId":4,"baseKey":"BWbilgsrDmhuKxd4OJcdOsBpyhhwWLPiNF6TcHoJALxt"}}},"version":"v1"}