{"_sessions":{"BQmMUc5URu8d94F/Dodtr4H4p3RBKlOq/GkiiM416E15":{"registrationId":1560233967,"currentRatchet":{"ephemeralKeyPair":{"pubKey":"BTBXylRAHzEQABO3qNqeQyNqNtX1v6gsxR0CEyApMt5r","privKey":"oMBTwhSvNcgDm0w1pTFJWbmjAXz74LKdY7JIryRAI2M="},"lastRemoteEphemeralKey":"BcC0x2+wxjc3+uhImX6Qu66ihiVo7IOnmuwHnc4URnlp","previousCounter":0,"rootKey":"z1DzxVlMWuag3D/GDaz6FfKOmd7FCRTSCqobzoUfig4="},"indexInfo":{"baseKey":"BQmMUc5URu8d94F/Dodtr4H4p3RBKlOq/GkiiM416E15","baseKeyType":1,"closed":-1,"used":1748566372858,"created":1748566372858,"remoteIdentityKey":"BSSnOgkFT9SoeU+xC/K4pG+uMWFDi24g6ji/uCntDuVy"},"_chains":{"BTBXylRAHzEQABO3qNqeQyNqNtX1v6gsxR0CEyApMt5r":{"chainKey":{"counter":2,"key":"z9L9nZKzAKhwOLOjHkQELNN55c+yk7EUue2Rb2R8McI="},"chainType":1,"messageKeys":{}}},"pendingPreKey":{"signedKeyId":1,"baseKey":"BQmMUc5URu8d94F/Dodtr4H4p3RBKlOq/GkiiM416E15","preKeyId":12835822}}},"version":"v1"}