{"_sessions":{"BZN+A61djDHZ/1jpEC303zQoDDWLPOU8KGayKz6SEFR7":{"registrationId":205964120,"currentRatchet":{"ephemeralKeyPair":{"pubKey":"BaalamyIN2O4WBg7SF0VHG31YmavTKBC2MeuB1oIwa9g","privKey":"MMx3wH8hJpOGTtqA5D6iIcGRaTH1IRnTpjULPcRtFFM="},"lastRemoteEphemeralKey":"BcjR3NTOsFEpY2GPp+gvckOJNBUQCmv0vS4P3G8UpU16","previousCounter":0,"rootKey":"yrLR+C2rZE7YUB1InEUtuHBtrV5pdryE0bswZ+LVtl4="},"indexInfo":{"baseKey":"BZN+A61djDHZ/1jpEC303zQoDDWLPOU8KGayKz6SEFR7","baseKeyType":1,"closed":-1,"used":1748566372784,"created":1748566372784,"remoteIdentityKey":"Bb8uB2g+lfsZ8ENPpCejgE6RUuruqF+l/6kOXfGN+xV3"},"_chains":{"BaalamyIN2O4WBg7SF0VHG31YmavTKBC2MeuB1oIwa9g":{"chainKey":{"counter":2,"key":"EvONPK2oczcp9+9fG27Y7WihHbwh76CuHqasnk/Ntfk="},"chainType":1,"messageKeys":{}}},"pendingPreKey":{"signedKeyId":505847,"baseKey":"BZN+A61djDHZ/1jpEC303zQoDDWLPOU8KGayKz6SEFR7"}}},"version":"v1"}