{"_sessions":{"BTuFsDkmue5EZLucJVOcxb5ZaVtifyJbXQ1USMkJY4sB":{"registrationId":1821590711,"currentRatchet":{"ephemeralKeyPair":{"pubKey":"Bbq+G1X7OIwPs25aZbCVw9/A0sa/3Tc1Lo2u1HHtWzpB","privKey":"APP9tqeapsQJGeqW8K7PC5SozWKpyweyHzT3ZQ2t0H8="},"lastRemoteEphemeralKey":"BScfMSJUfxBwtDQwQaAqapDHTbVGtnZCkXvGa+IA6a0+","previousCounter":0,"rootKey":"StofDOnKnQGN3rfH4Xa5Zr+s5e3Il+mJq5TulPDaRlM="},"indexInfo":{"baseKey":"BTuFsDkmue5EZLucJVOcxb5ZaVtifyJbXQ1USMkJY4sB","baseKeyType":1,"closed":-1,"used":1748566373330,"created":1748566373330,"remoteIdentityKey":"BZrOzJP1pq1UiI4UUjG17OFDrL6AmyoK6iB7YWvmAZox"},"_chains":{"Bbq+G1X7OIwPs25aZbCVw9/A0sa/3Tc1Lo2u1HHtWzpB":{"chainKey":{"counter":2,"key":"d3Cqp8ijwghGSbMQRT/OxnsDS7PZ4cFHGKNAa2rv+pI="},"chainType":1,"messageKeys":{}}},"pendingPreKey":{"signedKeyId":9765334,"baseKey":"BTuFsDkmue5EZLucJVOcxb5ZaVtifyJbXQ1USMkJY4sB","preKeyId":35929}}},"version":"v1"}