{"_sessions":{"BXcCQiyWgkwdt050BuXjHDHhrj4DwDxZ7fKnpwnSHAF6":{"registrationId":846481864,"currentRatchet":{"ephemeralKeyPair":{"pubKey":"Bf6fT9VmGFNLD4gR3fpeaBO/fku02i+BInbyG+ZoE/si","privKey":"kP6275O6WPj261Wkvua9VgYNpep9JwReRUm9BStPZHU="},"lastRemoteEphemeralKey":"Be0ve3PQzy7teJTpEbyqygcXOt+hGTCqDQx3D+lT7GY6","previousCounter":0,"rootKey":"L3iNUP2h+vyJ7E0X8+wO6vdUUZOw93Fxkw8pX/jV9rY="},"indexInfo":{"baseKey":"BXcCQiyWgkwdt050BuXjHDHhrj4DwDxZ7fKnpwnSHAF6","baseKeyType":1,"closed":-1,"used":1748567564547,"created":1748567564547,"remoteIdentityKey":"BV3hH1xpcZKiAsC7X4itlS0KJUnguy0yoZf0vT+N5YZr"},"_chains":{"Bf6fT9VmGFNLD4gR3fpeaBO/fku02i+BInbyG+ZoE/si":{"chainKey":{"counter":0,"key":"JV1zVyb3r8oKhpcAuoNClivqu1LCvtifS96tjIYd904="},"chainType":1,"messageKeys":{}}},"pendingPreKey":{"signedKeyId":9,"baseKey":"BXcCQiyWgkwdt050BuXjHDHhrj4DwDxZ7fKnpwnSHAF6","preKeyId":4944239}}},"version":"v1"}