{"_sessions":{"BXHSsU4cv1Azcr7zss1N85DTp1V7Z5OMmG5tplQU9zFj":{"registrationId":1113059999,"currentRatchet":{"ephemeralKeyPair":{"pubKey":"BVxepeImkhb2wDxfZqNeGmyzIL4pK5IlKLkfibMFEsJQ","privKey":"QM8Q51e8HP1Zz3nb94u+7l8i/36Av+ootoNI9JOBKlc="},"lastRemoteEphemeralKey":"BQbUFb2nRIHGP4/qBHLjCGkyW7+1q1BZp96qWWZFWioq","previousCounter":0,"rootKey":"WFvVf8GuOYWgs+x/3jtrK4LprS5QrBtxVaPYnAnxXHM="},"indexInfo":{"baseKey":"BXHSsU4cv1Azcr7zss1N85DTp1V7Z5OMmG5tplQU9zFj","baseKeyType":1,"closed":-1,"used":1748566373464,"created":1748566373464,"remoteIdentityKey":"BfVJl92QUAYJtFPbjEIY+58rxbXi+r8fBqy9SgoqdOpB"},"_chains":{"BVxepeImkhb2wDxfZqNeGmyzIL4pK5IlKLkfibMFEsJQ":{"chainKey":{"counter":2,"key":"B5llxFLDnEUQlnClad3feEMhrj/hByTyoX6wzyBdsPE="},"chainType":1,"messageKeys":{}}},"pendingPreKey":{"signedKeyId":7686254,"baseKey":"BXHSsU4cv1Azcr7zss1N85DTp1V7Z5OMmG5tplQU9zFj"}}},"version":"v1"}