{"_sessions":{"BYowiTetqTk/d1dCDOdd1vAqZrweOx013/TMnlR8k5At":{"registrationId":1568828638,"currentRatchet":{"ephemeralKeyPair":{"pubKey":"BXq1O/ITA2typ4U/BuGCoikVyqLMj2SsYTStZA1nmXhg","privKey":"6D9nuN0aQnNbm4ZFaTuupKehZwcMMma965d+NvYQrkw="},"lastRemoteEphemeralKey":"BdI6AxIw9qOhm+AkswOWvOzguEWC+DXYsfilhfI2RfAx","previousCounter":0,"rootKey":"CpgmUJNok85o26Qx6DEQftLpbqcEI8Rbzk3ykODe9m4="},"indexInfo":{"baseKey":"BYowiTetqTk/d1dCDOdd1vAqZrweOx013/TMnlR8k5At","baseKeyType":1,"closed":-1,"used":1748566372696,"created":1748566372696,"remoteIdentityKey":"BWf2AWYKWMWOnl/hfaeDfIM3PlURDeNbioG4/416LMdI"},"_chains":{"BXq1O/ITA2typ4U/BuGCoikVyqLMj2SsYTStZA1nmXhg":{"chainKey":{"counter":2,"key":"r68aq7nlr3IQ6vvnOnr+tXl2f52+qpMMHwWkNC+NdfA="},"chainType":1,"messageKeys":{}}},"pendingPreKey":{"signedKeyId":0,"baseKey":"BYowiTetqTk/d1dCDOdd1vAqZrweOx013/TMnlR8k5At","preKeyId":13095635}}},"version":"v1"}