{"_sessions":{"BdXHqJr8zFEfT6ZhoINhHHljqUeq8Gj1CB0RAfi9STp2":{"registrationId":697751226,"currentRatchet":{"ephemeralKeyPair":{"pubKey":"BUuI1hvZD0WfR0hHwNvWMM1eYaAH+QkNCfTWkdRwA2QS","privKey":"0Aew/HdXzoLdP7L/yUWm2ID9DgMgkAFQMZWKCULtbkI="},"lastRemoteEphemeralKey":"BYA6x4ij9PbRSzMXv/Whko13LNOHqR3I5JWxvRWfDm81","previousCounter":0,"rootKey":"REIOwCa3V2nDOPZRf/xYOOkP23poIFUVlQUAHcliwfQ="},"indexInfo":{"baseKey":"BdXHqJr8zFEfT6ZhoINhHHljqUeq8Gj1CB0RAfi9STp2","baseKeyType":1,"closed":-1,"used":1748567564299,"created":1748567564299,"remoteIdentityKey":"BRXfGAdMOHEjbq4nQgULwBAAh56xduWIilTWB7EO0xED"},"_chains":{"BUuI1hvZD0WfR0hHwNvWMM1eYaAH+QkNCfTWkdRwA2QS":{"chainKey":{"counter":0,"key":"ByRROSBiEhZeiLm51CcAH9mhI/hwCelhWz3MXN98/HM="},"chainType":1,"messageKeys":{}}},"pendingPreKey":{"signedKeyId":3315750,"baseKey":"BdXHqJr8zFEfT6ZhoINhHHljqUeq8Gj1CB0RAfi9STp2","preKeyId":772}}},"version":"v1"}