{"_sessions":{"BVRdq+3wO/FCjmgYKv/Om8xxJPMJy1jJXkWD9x3yjoo7":{"registrationId":437798746,"currentRatchet":{"ephemeralKeyPair":{"pubKey":"BXN6h6Bw+knutgsamaWaSlQFkVidbC80QEguiJr6FIUm","privKey":"AFKZCt67ypsIiHnIiqE606Ay26tXPzqRg3SGuWp1kmw="},"lastRemoteEphemeralKey":"BYTfl2El3toGMGTDNEbN28evoaCUdQ+C0Si9SC39ecQt","previousCounter":0,"rootKey":"4Lr+/SV0VvNoWY5JNfpZs6SNx15tg1g35whLKWbAFyE="},"indexInfo":{"baseKey":"BVRdq+3wO/FCjmgYKv/Om8xxJPMJy1jJXkWD9x3yjoo7","baseKeyType":1,"closed":-1,"used":1748566373261,"created":1748566373261,"remoteIdentityKey":"BR6Xrt3nNRnJ4eMFKkGv4pjViPPISETd7crlzypNinNY"},"_chains":{"BXN6h6Bw+knutgsamaWaSlQFkVidbC80QEguiJr6FIUm":{"chainKey":{"counter":2,"key":"0MQjkPe+4exblx5QCl4m5nv/+VWoFe/o7qYgkOgP6nE="},"chainType":1,"messageKeys":{}}},"pendingPreKey":{"signedKeyId":1,"baseKey":"BVRdq+3wO/FCjmgYKv/Om8xxJPMJy1jJXkWD9x3yjoo7","preKeyId":10239967}}},"version":"v1"}