{"_sessions":{"BbrgraWhSsarXJONLQ/NN6DXPht5G0/l1uUNUvknTWlD":{"registrationId":1496834186,"currentRatchet":{"ephemeralKeyPair":{"pubKey":"BVEBergJWIZ66ZndXShwTxZ2+QdxAqhMuX+XkNUOgcZZ","privKey":"GB0ALiuyAC3+aIH+QRwRjlnxK+xgsqAIpo8bBBYOUlo="},"lastRemoteEphemeralKey":"BQW0ahKMT1bo2pLVqT/xu8Z1Mxo5Bv70+PIVVqH8gbRU","previousCounter":0,"rootKey":"5yyFMwSQJM/oPcJiG4OMHCKIYoNwlWec+zNvH0xt3vc="},"indexInfo":{"baseKey":"BbrgraWhSsarXJONLQ/NN6DXPht5G0/l1uUNUvknTWlD","baseKeyType":1,"closed":-1,"used":1748567564636,"created":1748567564636,"remoteIdentityKey":"BZZ5bq/3X+42UmKc/iJiJjlRpNytq1lPSpzm313bw3c2"},"_chains":{"BVEBergJWIZ66ZndXShwTxZ2+QdxAqhMuX+XkNUOgcZZ":{"chainKey":{"counter":0,"key":"LBHA34iVuP10bzTsDPVw8SvlnpUwOiGVDfTUdDRnziE="},"chainType":1,"messageKeys":{}}},"pendingPreKey":{"signedKeyId":9082516,"baseKey":"BbrgraWhSsarXJONLQ/NN6DXPht5G0/l1uUNUvknTWlD"}}},"version":"v1"}