{"_sessions":{"BRHjN18CLg8M5JTTRx9JDDyNjUeU7ADvyMdE+aVEHHkl":{"registrationId":1038333438,"currentRatchet":{"ephemeralKeyPair":{"pubKey":"BS/xTtBLZ/3hQuErYep5PPThTIaddlYK97HRFdar0e5p","privKey":"cO7KeKuYAK4Ykwre2HTmZWg4GLCC0PodajSu/lRrMFw="},"lastRemoteEphemeralKey":"BYFrzDE4KPjGrknu2l+JKLLpEZKhTNTy9aWgH3iEnuEO","previousCounter":0,"rootKey":"0V4pDMgQsSOFLeMmulAJ++0/Rn9FfYKyQ5a1fxq1Mn0="},"indexInfo":{"baseKey":"BRHjN18CLg8M5JTTRx9JDDyNjUeU7ADvyMdE+aVEHHkl","baseKeyType":1,"closed":-1,"used":1748566372451,"created":1748566372451,"remoteIdentityKey":"Ba3TTSZuqM1etfBeBmq6sK9AfNiN/G2IpySfspJWO1Qy"},"_chains":{"BS/xTtBLZ/3hQuErYep5PPThTIaddlYK97HRFdar0e5p":{"chainKey":{"counter":2,"key":"BCElbLGNVSEh8Rwg6Y7stPKn/WMLdELXOkR/VMUzfFE="},"chainType":1,"messageKeys":{}}},"pendingPreKey":{"signedKeyId":1,"baseKey":"BRHjN18CLg8M5JTTRx9JDDyNjUeU7ADvyMdE+aVEHHkl","preKeyId":9443257}}},"version":"v1"}