{"_sessions":{"BcsskgcTmvwBD6LriQMq/grXBEG8QTvJ0CG4dHLVC80P":{"registrationId":1205739562,"currentRatchet":{"ephemeralKeyPair":{"pubKey":"BWZvvJg/Drs9EzrV6LdyQ9AA/gwZFaWAOASmtGbtuNU2","privKey":"aC/NOpON3guityHQo/7JTIiAP1NISb9vI4xZWfz+kVw="},"lastRemoteEphemeralKey":"BV/tvHxzUU4QnPz9kMySJ5OVg9wYDYfPGpjOFsb2zhww","previousCounter":0,"rootKey":"6rQlfFAoUWEmJSEO973WGsHAFpPzk+MGjspOTZ9/q7U="},"indexInfo":{"baseKey":"BcsskgcTmvwBD6LriQMq/grXBEG8QTvJ0CG4dHLVC80P","baseKeyType":1,"closed":-1,"used":1748567564372,"created":1748567564372,"remoteIdentityKey":"BSK7NiYXkdYxKKXC1rRaHi7UdJPbbV7Q2DLtmrkWAjAM"},"_chains":{"BWZvvJg/Drs9EzrV6LdyQ9AA/gwZFaWAOASmtGbtuNU2":{"chainKey":{"counter":0,"key":"DHK3lqEnPHkqF8klU5jcU9L1LwT+oIqNKC0ypctxNLY="},"chainType":1,"messageKeys":{}}},"pendingPreKey":{"signedKeyId":22,"baseKey":"BcsskgcTmvwBD6LriQMq/grXBEG8QTvJ0CG4dHLVC80P","preKeyId":426174}}},"version":"v1"}