{"_sessions":{"Bf8dT6TLVSVXcGfCPSpqdReaWMZYe2jn26Qr+ugaLlNV":{"registrationId":8934477,"currentRatchet":{"ephemeralKeyPair":{"pubKey":"BdVW//Have1qBpJCe+CwSP+imijEeljSpdpb7OdOiOcV","privKey":"AOIKHwDKFR7oePxfDo759OSAaRji6AWqIiLuq6TjXFc="},"lastRemoteEphemeralKey":"BTLg4vh5KnweWY84TsH41dqRn01qNKmaZvyXo3x3NNcs","previousCounter":0,"rootKey":"DY+nw1lFeYgFFoleN9eivdLNQv/dD5H6n4zMAIztfLY="},"indexInfo":{"baseKey":"Bf8dT6TLVSVXcGfCPSpqdReaWMZYe2jn26Qr+ugaLlNV","baseKeyType":1,"closed":-1,"used":1748566373512,"created":1748566373512,"remoteIdentityKey":"Bd1J8XiAS4ZqJCzGe1prZVX8f+9ej8vkdO7VXbUBqj5U"},"_chains":{"BdVW//Have1qBpJCe+CwSP+imijEeljSpdpb7OdOiOcV":{"chainKey":{"counter":2,"key":"6DGejtuAxVIBqO491iQiPS5vNyEtUPNps3XybmWTCFs="},"chainType":1,"messageKeys":{}}},"pendingPreKey":{"signedKeyId":8067665,"baseKey":"Bf8dT6TLVSVXcGfCPSpqdReaWMZYe2jn26Qr+ugaLlNV"}}},"version":"v1"}