{"_sessions":{"BWFllT+Nwuk4iHQtnW9xRu6Pt9xyzfE+g9KWf6t6xslD":{"registrationId":1169685952,"currentRatchet":{"ephemeralKeyPair":{"pubKey":"BSFWSMYcf0g6oamo2cpGPdQWmFpgw0ETs8LqUj/I9g5j","privKey":"APvsUHeqC42kGELo9Tfv/iNrMqXYBOFuBVtZid1xwUE="},"lastRemoteEphemeralKey":"BchQbIo77T2uHV3BhsipmtOwzyaaZhgN4JuJ5u8j1Cg5","previousCounter":0,"rootKey":"FQGv4FMJIvmPbMjLoPCaWQYblD/TPi44XiWdpd1e0lg="},"indexInfo":{"baseKey":"BWFllT+Nwuk4iHQtnW9xRu6Pt9xyzfE+g9KWf6t6xslD","baseKeyType":1,"closed":-1,"used":1748566372650,"created":1748566372650,"remoteIdentityKey":"BXY9iKQ29RTVKTLaYtZZHi58cROoR1p2gmUAEn5azrEN"},"_chains":{"BSFWSMYcf0g6oamo2cpGPdQWmFpgw0ETs8LqUj/I9g5j":{"chainKey":{"counter":2,"key":"CuMu9bTW1/PxHqKqDWL/XmAVqDonO2OWHkzfHW8Ipn8="},"chainType":1,"messageKeys":{}}},"pendingPreKey":{"signedKeyId":20,"baseKey":"BWFllT+Nwuk4iHQtnW9xRu6Pt9xyzfE+g9KWf6t6xslD","preKeyId":11069449}}},"version":"v1"}