{"_sessions":{"BcD6llGghgmb2taIIOw93ll98Y/Rr1lvHGEZNTsLudAK":{"registrationId":1266001493,"currentRatchet":{"ephemeralKeyPair":{"pubKey":"BYOwb8jJzmJaRjQdEhGRfzj9cpu6zKyH4Z6RYi5TUANs","privKey":"uBRexs2HfE3o90fRNgQbaY/kP4OvT1KnaIwSHFQ6Jmk="},"lastRemoteEphemeralKey":"BZFicLQvWXjdL29NisvvnS6fty4aRB+mQ/ddanHJAeNm","previousCounter":0,"rootKey":"in4St5FR55sm0xrCJhTjZttD6vu4KtUA9IACoKzcUrI="},"indexInfo":{"baseKey":"BcD6llGghgmb2taIIOw93ll98Y/Rr1lvHGEZNTsLudAK","baseKeyType":1,"closed":-1,"used":1748566373041,"created":1748566373041,"remoteIdentityKey":"BZSLBPL2u22rMr2qKMMIA73iAbsMxwNY/IAhyVYvNvdT"},"_chains":{"BYOwb8jJzmJaRjQdEhGRfzj9cpu6zKyH4Z6RYi5TUANs":{"chainKey":{"counter":2,"key":"PwzeZ/e1C5UPhjPtTlw4BjDBtJV8MqchRt+lbknwAQk="},"chainType":1,"messageKeys":{}}},"pendingPreKey":{"signedKeyId":6,"baseKey":"BcD6llGghgmb2taIIOw93ll98Y/Rr1lvHGEZNTsLudAK","preKeyId":12541591}}},"version":"v1"}