{"_sessions":{"BYxW/BuCCtjvAFKskvWO+eZvObQAHk3epm36fL8i67sK":{"registrationId":208339460,"currentRatchet":{"ephemeralKeyPair":{"pubKey":"Bcza+meBQAgLXbDpJTPNCoEgrjVaSCD5EmDtANy2d05P","privKey":"2Eieohl/O+3tGutuTCHAmpEu3kXrURqfu1VZhTIzZkY="},"lastRemoteEphemeralKey":"BSxACOBM3djAQPRu4fpVKDYOkG0YKlQ49ggaYwYCRGQX","previousCounter":0,"rootKey":"9IeI18xFC9Aeql0g8oEceibqLcfepD3H3YqR7x2SSLU="},"indexInfo":{"baseKey":"BYxW/BuCCtjvAFKskvWO+eZvObQAHk3epm36fL8i67sK","baseKeyType":1,"closed":-1,"used":1748566373645,"created":1748566373645,"remoteIdentityKey":"BRTu9vqw91y1RxiWrAncfDwTp/vRFB0bGmGy4ypuqe0L"},"_chains":{"Bcza+meBQAgLXbDpJTPNCoEgrjVaSCD5EmDtANy2d05P":{"chainKey":{"counter":2,"key":"KNnMCQ2AGSW3wab7d/5i4Z8tv9b1LLz5rGbOhkXtznY="},"chainType":1,"messageKeys":{}}},"pendingPreKey":{"signedKeyId":2,"baseKey":"BYxW/BuCCtjvAFKskvWO+eZvObQAHk3epm36fL8i67sK","preKeyId":15788820}}},"version":"v1"}