{"_sessions":{"BYBgeRCiQ5s+T6onx2IbmO2z/tjCRDY1jpwftrTib21V":{"registrationId":116435196,"currentRatchet":{"ephemeralKeyPair":{"pubKey":"BYBBSdJbHr6EGIVHZIkDV7wGTV5ipWpoAsK1HC4Cvld/","privKey":"MNlMtHZum7S8M98HbhTK2/pXyvFEbXLGyQN877acO0A="},"lastRemoteEphemeralKey":"BYNsK2dbZaVrDwzZlMCBaQIKsLvXiI1Cr+AOEg2yAxhe","previousCounter":0,"rootKey":"qdJwBMeRij4APLeMdLPcybja0jXDfy5v99fvaScG2TI="},"indexInfo":{"baseKey":"BYBgeRCiQ5s+T6onx2IbmO2z/tjCRDY1jpwftrTib21V","baseKeyType":1,"closed":-1,"used":1748566372655,"created":1748566372655,"remoteIdentityKey":"BaL8eo64i89a8vSL8KRr/qnGKETFQNaHXMflzN2LJoBT"},"_chains":{"BYBBSdJbHr6EGIVHZIkDV7wGTV5ipWpoAsK1HC4Cvld/":{"chainKey":{"counter":3,"key":"B2aznNjBIzzAVywPGmprKQkv/Y2HIYqlk1aZC+soId0="},"chainType":1,"messageKeys":{}}},"pendingPreKey":{"signedKeyId":0,"baseKey":"BYBgeRCiQ5s+T6onx2IbmO2z/tjCRDY1jpwftrTib21V"}}},"version":"v1"}