{"_sessions":{"BafAyrp2ycHuaxwzYJs8jjjbPqBmFGxRRaMMbBnPZqUL":{"registrationId":14998,"currentRatchet":{"ephemeralKeyPair":{"pubKey":"BYzpLAWcswnwMItBnjsLo0OCFKKk/+RAyzagpapvzIpo","privKey":"iGwso1bJ9R/hxMAB4UdpdeiVVKALUtqumA2qg0vRnFY="},"lastRemoteEphemeralKey":"BV8/mC5wZYS1W3gch44LQ4wBICK0euI8ZonOnuyQPvQH","previousCounter":0,"rootKey":"ifNhTfSZrzS82wH8UDg+gUZltBVJJT7SlILOePOnxxo="},"indexInfo":{"baseKey":"BafAyrp2ycHuaxwzYJs8jjjbPqBmFGxRRaMMbBnPZqUL","baseKeyType":1,"closed":-1,"used":1748567564044,"created":1748567564044,"remoteIdentityKey":"Be6K9HqsRH8lvbZl8mmrAdo/gxJ+TdbEkGqKiob5ZNRx"},"_chains":{"BYzpLAWcswnwMItBnjsLo0OCFKKk/+RAyzagpapvzIpo":{"chainKey":{"counter":0,"key":"d7aDYavBn4HEeOm3AhbwGBZHwWpRXeRCsD51k0bSz2o="},"chainType":1,"messageKeys":{}}},"pendingPreKey":{"signedKeyId":1,"baseKey":"BafAyrp2ycHuaxwzYJs8jjjbPqBmFGxRRaMMbBnPZqUL"}}},"version":"v1"}