{"_sessions":{"BbY2EbPUBRY8D1mP6wy/r41dyZvhQcGKvreMrVfuSy4G":{"registrationId":1972714855,"currentRatchet":{"ephemeralKeyPair":{"pubKey":"BYdriaiGzw7fpwfFMbpHctl5sP99FZ9DWzY8U2hl4otb","privKey":"mGWPvbyHKbwMYTFs8acHF2q+yfCwe43bz7YDDwbDJXw="},"lastRemoteEphemeralKey":"Ba3BG+VGByApwMhpF0K+5dKW/vxqg8g7PNTULZ/lRmlK","previousCounter":0,"rootKey":"HQrVxVYMKTv8Xcs50OgONMAGNQzSOcxLpQR12bkeCso="},"indexInfo":{"baseKey":"BbY2EbPUBRY8D1mP6wy/r41dyZvhQcGKvreMrVfuSy4G","baseKeyType":1,"closed":-1,"used":1748566372773,"created":1748566372773,"remoteIdentityKey":"BT/oVW5F7JOUiWMMCc308YqI5EUSurx2TDiTZNMppmof"},"_chains":{"BYdriaiGzw7fpwfFMbpHctl5sP99FZ9DWzY8U2hl4otb":{"chainKey":{"counter":2,"key":"bXG1HEruN15uzor5A/yQxpVQEcCV5VMquWdy8OtXu9M="},"chainType":1,"messageKeys":{}}},"pendingPreKey":{"signedKeyId":2,"baseKey":"BbY2EbPUBRY8D1mP6wy/r41dyZvhQcGKvreMrVfuSy4G","preKeyId":8784488}}},"version":"v1"}