{"_sessions":{"BZrvWFNAgKBsRDkGsvDM7/skS/sqkXXdUfJbqCf6fJAM":{"registrationId":1370880611,"currentRatchet":{"ephemeralKeyPair":{"pubKey":"BRiOXN9g0OSWK/HLyFeD1gVwsZBaJ1+lMj84SZNutocN","privKey":"sLAWBwcBdmKmWkjmUfpk4JGLpXxMcTFVWuSWZ4yBblw="},"lastRemoteEphemeralKey":"BbkLvCubhgZLxQHlsOtv+6oAfXL0q9Aurqqetlqd0D5G","previousCounter":0,"rootKey":"HNmkmekDxIlWymLTQhjIF0HpRL3mVEiDWlrn2OKpMdk="},"indexInfo":{"baseKey":"BZrvWFNAgKBsRDkGsvDM7/skS/sqkXXdUfJbqCf6fJAM","baseKeyType":1,"closed":-1,"used":1748566372517,"created":1748566372517,"remoteIdentityKey":"BbAJHo6IyL1INZrVgWgQNMSgOtUzaXkJg/8ug5YNc459"},"_chains":{"BRiOXN9g0OSWK/HLyFeD1gVwsZBaJ1+lMj84SZNutocN":{"chainKey":{"counter":2,"key":"DqSKI8G1j9noAuUnsyhgG/U+iRUYm2jTBglItigwNN8="},"chainType":1,"messageKeys":{}}},"pendingPreKey":{"signedKeyId":1,"baseKey":"BZrvWFNAgKBsRDkGsvDM7/skS/sqkXXdUfJbqCf6fJAM","preKeyId":7158030}}},"version":"v1"}