{"_sessions":{"BWScxplvpJ5f2NsjLLliQeeKCNv/8o/NRv/paaLmWioL":{"registrationId":1852335021,"currentRatchet":{"ephemeralKeyPair":{"pubKey":"BYpF16KygUtSKgFtW8eZ6W9Dvd8rbDbgVZLFKCAiKupt","privKey":"qJcct2kjQkx9TRvUDWVqdQtKcxkmCHVBwR//r6KMDFI="},"lastRemoteEphemeralKey":"BYV//FsaHwW1MM4+mvC6VbP5QNuR7YAoKDeThijGQPEY","previousCounter":0,"rootKey":"MSdCLraHRhNdN+breRpzxXTgsghdBWx0/G3FJT0Irlg="},"indexInfo":{"baseKey":"BWScxplvpJ5f2NsjLLliQeeKCNv/8o/NRv/paaLmWioL","baseKeyType":1,"closed":-1,"used":1748567564582,"created":1748567564582,"remoteIdentityKey":"BTHHa8eRH8XK32OtYsOXrzY9DJNlvpgHH0CEppqt+Etb"},"_chains":{"BYpF16KygUtSKgFtW8eZ6W9Dvd8rbDbgVZLFKCAiKupt":{"chainKey":{"counter":0,"key":"IvJV/vsMHbs9WPE6bbIUGdAmQ2aYevQd1v/TOoWAwo4="},"chainType":1,"messageKeys":{}}},"pendingPreKey":{"signedKeyId":5,"baseKey":"BWScxplvpJ5f2NsjLLliQeeKCNv/8o/NRv/paaLmWioL","preKeyId":10308988}}},"version":"v1"}