{"_sessions":{"BV4sdl9/m7PubmOSeNJpyUL9rlpQ5tRySuIbORpP9+0Q":{"registrationId":9192,"currentRatchet":{"ephemeralKeyPair":{"pubKey":"BRkzAKyDIkEUV/sa9x53vw6OTswEFL9LXRXWGSq8kgB6","privKey":"mHGQCAiu3p/pQH/v5N3ReArea2q5V46W2DQCwCeOA2U="},"lastRemoteEphemeralKey":"BcU7ivubp2+Rf4tSgPflNHj3IpRrXi9GAp4UuB4cODp4","previousCounter":0,"rootKey":"6vMi9F6eUMp3OkoTaDLXO1kk6q3cBmmv1bz7lL5eCX8="},"indexInfo":{"baseKey":"BV4sdl9/m7PubmOSeNJpyUL9rlpQ5tRySuIbORpP9+0Q","baseKeyType":1,"closed":-1,"used":1748566372108,"created":1748566372108,"remoteIdentityKey":"BRrjAkrMUA6BgVlZsULRg9arfG83+oZ3KwERG2Sy/6xM"},"_chains":{"BRkzAKyDIkEUV/sa9x53vw6OTswEFL9LXRXWGSq8kgB6":{"chainKey":{"counter":2,"key":"Ego4iF1n6QtoUoDhGF41o/sZkpLuqUt1kObsEmSsvR8="},"chainType":1,"messageKeys":{}}},"pendingPreKey":{"signedKeyId":1,"baseKey":"BV4sdl9/m7PubmOSeNJpyUL9rlpQ5tRySuIbORpP9+0Q"}}},"version":"v1"}