{"_sessions":{"BcsVmNx8GjMfegGhvA1S9+s5XVEwQRdxevX3KpNXaQMB":{"registrationId":1289670823,"currentRatchet":{"ephemeralKeyPair":{"pubKey":"BZ0wediTjXza+8w9Qy+GVlQlNSLLaf3Z8/f+DuEJTOE6","privKey":"AOl/XrEXaoOVUt9/faSsFeVet756STepf3L1lzQ9Iks="},"lastRemoteEphemeralKey":"BbucEx2hX8h63tZ/Yc+Rr/qvPV5nhjRxoUeK6IpNtIt0","previousCounter":0,"rootKey":"JdAn8oRLfCAupi6tvyO3EE9Ge6oNB4eAJckLeNzlmwk="},"indexInfo":{"baseKey":"BcsVmNx8GjMfegGhvA1S9+s5XVEwQRdxevX3KpNXaQMB","baseKeyType":1,"closed":-1,"used":1748567564383,"created":1748567564383,"remoteIdentityKey":"Bc+DTVVXt45nLSYATatoTVs83uE38VqlBaLZfngpLE1P"},"_chains":{"BZ0wediTjXza+8w9Qy+GVlQlNSLLaf3Z8/f+DuEJTOE6":{"chainKey":{"counter":0,"key":"X25icxnfQnlXxbS/eLyKo8unH2/Bg3L+cfuai2qe6+c="},"chainType":1,"messageKeys":{}}},"pendingPreKey":{"signedKeyId":1,"baseKey":"BcsVmNx8GjMfegGhvA1S9+s5XVEwQRdxevX3KpNXaQMB","preKeyId":14686930}}},"version":"v1"}