{"_sessions":{"BcEZUEo6XNkY49qm7HnYN0gvo9TZ8ROoR1Qvmj8x1rlo":{"registrationId":1690849059,"currentRatchet":{"ephemeralKeyPair":{"pubKey":"BeIMpCtW3cYs2kXZxuec/ey8lGmIuhF+laFJfd5LfPQs","privKey":"IF14gHzG/lj4fq0mx77+zW9WYv2xgBkECI9cACiRu3A="},"lastRemoteEphemeralKey":"BcHplR/7lChJ9Qffxm4EeGXr1ji8OVj+AuqtwidLCGJU","previousCounter":0,"rootKey":"8GURye+ujaC5snXMjtNg9AfL2SEliKqyfbjVq64hEYE="},"indexInfo":{"baseKey":"BcEZUEo6XNkY49qm7HnYN0gvo9TZ8ROoR1Qvmj8x1rlo","baseKeyType":1,"closed":-1,"used":1748566372313,"created":1748566372313,"remoteIdentityKey":"BSleleGUTtGmThOYQqsh+lrRG8Pee4GZYEMwjqMXfDJn"},"_chains":{"BeIMpCtW3cYs2kXZxuec/ey8lGmIuhF+laFJfd5LfPQs":{"chainKey":{"counter":2,"key":"Thsz+gXeUCO3f+yTSC8bLwEq8i+6Zoy0wd5bghSRkn0="},"chainType":1,"messageKeys":{}}},"pendingPreKey":{"signedKeyId":3,"baseKey":"BcEZUEo6XNkY49qm7HnYN0gvo9TZ8ROoR1Qvmj8x1rlo"}}},"version":"v1"}