{"_sessions":{"BQxVWqRHl2o/SgvJRvqlBieScmY0pwCpTc30mpTYskMH":{"registrationId":2023787096,"currentRatchet":{"ephemeralKeyPair":{"pubKey":"BQ21kXxpzJRJVoNEhirp3rvwR/dRrAj5MxzWU4LZYvsd","privKey":"KHljZGHLzE/LS0rk2vMFvKbhQFaQBpdX+SH99aV4dl0="},"lastRemoteEphemeralKey":"BWsptZVbMS1yYR81se5Bq+6z33sSjcuMJ1pwW3al1456","previousCounter":0,"rootKey":"RLBlG07QrqDyoh4NO01wpZ1cYBN/3c0zxOF9DduuoU8="},"indexInfo":{"baseKey":"BQxVWqRHl2o/SgvJRvqlBieScmY0pwCpTc30mpTYskMH","baseKeyType":1,"closed":-1,"used":1748567564304,"created":1748567564304,"remoteIdentityKey":"BVT7ayDKhuk7s7XudHxAInqzKYdeyYv1c2iiVju3Ak4m"},"_chains":{"BQ21kXxpzJRJVoNEhirp3rvwR/dRrAj5MxzWU4LZYvsd":{"chainKey":{"counter":0,"key":"nh4UATNxWGJNc4lZ9hw7rdqSAM/VvlwEx0hgaS+6alQ="},"chainType":1,"messageKeys":{}}},"pendingPreKey":{"signedKeyId":15916921,"baseKey":"BQxVWqRHl2o/SgvJRvqlBieScmY0pwCpTc30mpTYskMH"}}},"version":"v1"}