{"_sessions":{"BQFi3OihAA5ZpMnqjdXzplHN6Ayx4YHeYp5cvlg7MVgT":{"registrationId":1437175034,"currentRatchet":{"ephemeralKeyPair":{"pubKey":"BaIv1IzyfGGJx5YdoPJ3nCYWvdlLi894uumYv4NwVoxz","privKey":"UDIQXgKJUvAl8+zRS0jupEn1afeIy2k+/YxKPjGL9EI="},"lastRemoteEphemeralKey":"BWr3Q1kybEWLegkF4jSRn2W6pZ4DdJlLqXTF8TmTmU5O","previousCounter":0,"rootKey":"kTy7glsUyb1Oix5JveJ3y8m4L9s1vm9QK/q4KyZJRQ4="},"indexInfo":{"baseKey":"BQFi3OihAA5ZpMnqjdXzplHN6Ayx4YHeYp5cvlg7MVgT","baseKeyType":1,"closed":-1,"used":1748566373336,"created":1748566373336,"remoteIdentityKey":"BUVOpwSXi1PifuCkM3F+pWwah7bctG25du9XY1/7KexS"},"_chains":{"BaIv1IzyfGGJx5YdoPJ3nCYWvdlLi894uumYv4NwVoxz":{"chainKey":{"counter":2,"key":"V4XCsPr+0yR+TGFQ7P9SxhLiuEiRig5bavaRP+aiVIQ="},"chainType":1,"messageKeys":{}}},"pendingPreKey":{"signedKeyId":16,"baseKey":"BQFi3OihAA5ZpMnqjdXzplHN6Ayx4YHeYp5cvlg7MVgT","preKeyId":5130351}}},"version":"v1"}