{"_sessions":{"Bfj5802NfTAr+cRF5eY1oHwk4hOHohzeRBfNWLFt+rwq":{"registrationId":282200469,"currentRatchet":{"ephemeralKeyPair":{"pubKey":"Bf0uKjsa13hFXfvzG697QEu1ASsOMNNL5LohQ8DYVQpA","privKey":"oGASWX2OKZFk9aSHRn3vcXRt0/kvqZsROV/Ohx2Xi2I="},"lastRemoteEphemeralKey":"BW4KX6K0gYCoRYIrcoQQZl0YIz/K3zZJnIUdCKTm1scS","previousCounter":0,"rootKey":"e6iPDSj3WETfvxrU5/zfRu0lwb0AHS5GP6rABMf/5xg="},"indexInfo":{"baseKey":"Bfj5802NfTAr+cRF5eY1oHwk4hOHohzeRBfNWLFt+rwq","baseKeyType":1,"closed":-1,"used":1748566373197,"created":1748566373197,"remoteIdentityKey":"BTPl7bkrqgELsfjueVuj7GieUTzv6AtAVcGUSZUBzv0x"},"_chains":{"Bf0uKjsa13hFXfvzG697QEu1ASsOMNNL5LohQ8DYVQpA":{"chainKey":{"counter":2,"key":"ZGNkupyhtNqpzUPtyPIC0+hCbUnBKETNTeDopaF7XoY="},"chainType":1,"messageKeys":{}}},"pendingPreKey":{"signedKeyId":2,"baseKey":"Bfj5802NfTAr+cRF5eY1oHwk4hOHohzeRBfNWLFt+rwq","preKeyId":8821217}}},"version":"v1"}