{"_sessions":{"BaGQ7QTkQx3S33+HIQCmrL6A2NyhjT2342DmRSHEktNp":{"registrationId":135838987,"currentRatchet":{"ephemeralKeyPair":{"pubKey":"Bf9Z/QZR9aAs9nk093bBlib856Bf8dK0FYExAzr/+XsV","privKey":"iGteUzw7fqCCIvNSbgNiS3lzk4ugWOsQCCw68nzFVlc="},"lastRemoteEphemeralKey":"Bfxmx9qpQxlq3UZUve7PwT/yrEs+FYYz1Db3R/fA+GBB","previousCounter":0,"rootKey":"TV/h3QSCUFPPk5ndXGxjh6hI6PSikMwYezYn3wM0XSA="},"indexInfo":{"baseKey":"BaGQ7QTkQx3S33+HIQCmrL6A2NyhjT2342DmRSHEktNp","baseKeyType":1,"closed":-1,"used":1748567564418,"created":1748567564418,"remoteIdentityKey":"BRY6NcdFia5UGhvsFOnYvB+R+RyD/xqGIS7sa5j5yqdL"},"_chains":{"Bf9Z/QZR9aAs9nk093bBlib856Bf8dK0FYExAzr/+XsV":{"chainKey":{"counter":0,"key":"aIll+IpPOM0Br1akhEcY6cOMExy+7aQx1l5f7dJNmro="},"chainType":1,"messageKeys":{}}},"pendingPreKey":{"signedKeyId":2,"baseKey":"BaGQ7QTkQx3S33+HIQCmrL6A2NyhjT2342DmRSHEktNp","preKeyId":16438510}}},"version":"v1"}