{"_sessions":{"BYDcBFdHhQJzIhzu0v0sXLY4S6KYZ8HpxWhX627OtqAm":{"registrationId":1553595907,"currentRatchet":{"ephemeralKeyPair":{"pubKey":"BQiiJVMiZkYJjakq421J+sgsI8MHd3ewdXTM0RVSvGBv","privKey":"kIAKXS3ENYAbtkPhFxy/2ePWm8ZYiRa9ABkUa39cgUs="},"lastRemoteEphemeralKey":"BYOBn6d872ZTwXQFRxJvycvnLpUE0lRAWGeWYglACJp9","previousCounter":0,"rootKey":"PYQXgPQpSh+v0Cshmx3ZaleVSUj8Zt4FYud9a6gQ3Is="},"indexInfo":{"baseKey":"BYDcBFdHhQJzIhzu0v0sXLY4S6KYZ8HpxWhX627OtqAm","baseKeyType":1,"closed":-1,"used":1748566373396,"created":1748566373396,"remoteIdentityKey":"BQRa69VD0V9sZULPov5QcUhE+PyU/54SCMUj3H1xQJxY"},"_chains":{"BQiiJVMiZkYJjakq421J+sgsI8MHd3ewdXTM0RVSvGBv":{"chainKey":{"counter":2,"key":"56x92xaHTJ0hT9AsrkJO6AbbYcwbF9kw1+bffGbbwlI="},"chainType":1,"messageKeys":{}}},"pendingPreKey":{"signedKeyId":1,"baseKey":"BYDcBFdHhQJzIhzu0v0sXLY4S6KYZ8HpxWhX627OtqAm","preKeyId":13536594}}},"version":"v1"}