{"_sessions":{"BbZgdAtAPj1VrwKKdUwcgnQtonQdm1wPDDT49pDY8mdr":{"registrationId":1279198409,"currentRatchet":{"ephemeralKeyPair":{"pubKey":"BW4JkXrn5OlB/I5Js3n4s+1L9zNhQsWj8ciClD7d6+Ya","privKey":"WBxawX9/XYAWHb46BgCNakAGx88pzo8zg1zDnotFL1s="},"lastRemoteEphemeralKey":"BZz6G2Z5c4LilBojXnevC1Z5vG8GLYFE2ed5sEgZOZNQ","previousCounter":0,"rootKey":"Ye23BRK3+Rt9dx26wbpzgPZzehdeBYbK6Riuj2nLcgA="},"indexInfo":{"baseKey":"BbZgdAtAPj1VrwKKdUwcgnQtonQdm1wPDDT49pDY8mdr","baseKeyType":1,"closed":-1,"used":1748566373131,"created":1748566373131,"remoteIdentityKey":"BdH6kfvnwGBE941a0cpYod0NReY5Tzr0qdVD9TDEgVxK"},"_chains":{"BW4JkXrn5OlB/I5Js3n4s+1L9zNhQsWj8ciClD7d6+Ya":{"chainKey":{"counter":2,"key":"yHvlk0S5NjgQAAfvxngpIVv33qcNd3qY4Q16WY6nVMg="},"chainType":1,"messageKeys":{}}},"pendingPreKey":{"signedKeyId":4,"baseKey":"BbZgdAtAPj1VrwKKdUwcgnQtonQdm1wPDDT49pDY8mdr"}}},"version":"v1"}