{"_sessions":{"BUfcanxGeDxSUolF4o/VujMSQ3GPbD+kXGjMfHTBkVEb":{"registrationId":2057231843,"currentRatchet":{"ephemeralKeyPair":{"pubKey":"BXoouLslWH6WKP8YJjraK3erjIf/tAxV8bcf0osuT51c","privKey":"OF9O7Azh9TAX4gdB0PRzhOXR5vebQLQcD2hOnjdQDEg="},"lastRemoteEphemeralKey":"BUB9xS53E3p7YwmI3IeagEuPcMiH6ExYRdhVx17G1mZV","previousCounter":0,"rootKey":"r5iwk/yXlEJQzzIEP99jh0BIUe3LPama0r8srPnBgIs="},"indexInfo":{"baseKey":"BUfcanxGeDxSUolF4o/VujMSQ3GPbD+kXGjMfHTBkVEb","baseKeyType":1,"closed":-1,"used":1748566372286,"created":1748566372286,"remoteIdentityKey":"BbFnDQc3DLSokhvaQb5IlC6IoBFQcVRT0o5yGzYRMx08"},"_chains":{"BXoouLslWH6WKP8YJjraK3erjIf/tAxV8bcf0osuT51c":{"chainKey":{"counter":2,"key":"HgaDOTYW4YimQSo1wmn1Y/cjIqn9+dzFlaup+c8saQ4="},"chainType":1,"messageKeys":{}}},"pendingPreKey":{"signedKeyId":12,"baseKey":"BUfcanxGeDxSUolF4o/VujMSQ3GPbD+kXGjMfHTBkVEb","preKeyId":8207025}}},"version":"v1"}