{"_sessions":{"BRM9eZwRrylT01DfHYL1s1dS1gw72zSGyxuoHPkTTIVt":{"registrationId":1502,"currentRatchet":{"ephemeralKeyPair":{"pubKey":"BcRqmOolbRVoUfNmFNopgp3VAo+8jEy2D1nCeBr7Dll+","privKey":"sCeDrbkc71Z630nbZLqIXYdr2wywGxs9f33jGZv9zm4="},"lastRemoteEphemeralKey":"BZAMZMSoLpNfoqEXbIjpqjCCLp33zPY4AHbmhg7JUuAV","previousCounter":0,"rootKey":"xMSQEqvVysaPT6DwZtDDj96Jli9hzWtoka8/SQrN5V4="},"indexInfo":{"baseKey":"BRM9eZwRrylT01DfHYL1s1dS1gw72zSGyxuoHPkTTIVt","baseKeyType":1,"closed":-1,"used":1748566371813,"created":1748566371813,"remoteIdentityKey":"BQBHb7irUd7LfT71eDtZjOcQcjpTCtdSHI8DH82JuopV"},"_chains":{"BcRqmOolbRVoUfNmFNopgp3VAo+8jEy2D1nCeBr7Dll+":{"chainKey":{"counter":2,"key":"7TCjqhtQe8Yx922fwK4jswoOsyKPoZyUkYWTqSw74cA="},"chainType":1,"messageKeys":{}}},"pendingPreKey":{"signedKeyId":1,"baseKey":"BRM9eZwRrylT01DfHYL1s1dS1gw72zSGyxuoHPkTTIVt","preKeyId":7384}}},"version":"v1"}