{"_sessions":{"BRcEAc02AXjf2gv4MKfubADKqdtd6gao/F+rb0NfaVh6":{"registrationId":483,"currentRatchet":{"ephemeralKeyPair":{"pubKey":"BaZQVQSS6Usex57d7ZzkFJ5PBFqcL55AlcedPkyra8Ef","privKey":"kCQprIV1NXeo8uIE1RzbIP3X/WuAxdmNFKxpiItSE1A="},"lastRemoteEphemeralKey":"BVn2U3IM5CZhL9TbZXfFQ9z8VEWLwrE+FXDhyxqrKZx3","previousCounter":0,"rootKey":"zE6DgrLU3dnyZnm2RJ5TP9y9VyGfcfuin3Txr3vagJQ="},"indexInfo":{"baseKey":"BRcEAc02AXjf2gv4MKfubADKqdtd6gao/F+rb0NfaVh6","baseKeyType":1,"closed":-1,"used":1748567563870,"created":1748567563870,"remoteIdentityKey":"BXB7Weah3YvnpcBJpMU9SAOjXv0PmGE0lfpyRkJru+gP"},"_chains":{"BaZQVQSS6Usex57d7ZzkFJ5PBFqcL55AlcedPkyra8Ef":{"chainKey":{"counter":0,"key":"IYFm3d2WsE4TxczOUAAEK0Lk/kYOHsarCwq8ycK0He8="},"chainType":1,"messageKeys":{}}},"pendingPreKey":{"signedKeyId":1,"baseKey":"BRcEAc02AXjf2gv4MKfubADKqdtd6gao/F+rb0NfaVh6","preKeyId":331}}},"version":"v1"}