{"_sessions":{"BdMbr1lkmCsY9EKkg0tWxT7+5wBEsr+XKZKiBvkIpc92":{"registrationId":1044279093,"currentRatchet":{"ephemeralKeyPair":{"pubKey":"BRQUvxyatqbYiEnnHRG8Fi2EBXAMIjG5I9xRHHktzocg","privKey":"+EkeLbYkb0d97wubJ13SSJ4jz55NGtLly0GDpGJ9/kQ="},"lastRemoteEphemeralKey":"BTpeM2Xgeax/UmiQlJzG8jeWR/ONPheoAuqEv8W53wU9","previousCounter":0,"rootKey":"a8MNeJASuHmmFXjIHTL8hQOX1+4TOSeG6Ha4z0lpPD4="},"indexInfo":{"baseKey":"BdMbr1lkmCsY9EKkg0tWxT7+5wBEsr+XKZKiBvkIpc92","baseKeyType":1,"closed":-1,"used":1748567564576,"created":1748567564576,"remoteIdentityKey":"BfoP1UPxDTuzkYhcTVgEAwzPmAiqNpVpQtIi6uhNmGJ2"},"_chains":{"BRQUvxyatqbYiEnnHRG8Fi2EBXAMIjG5I9xRHHktzocg":{"chainKey":{"counter":0,"key":"Lau+VVUQ2kZVtICLwhZH+4QSC7cTMvDE+Ct3Rfxm588="},"chainType":1,"messageKeys":{}}},"pendingPreKey":{"signedKeyId":2,"baseKey":"BdMbr1lkmCsY9EKkg0tWxT7+5wBEsr+XKZKiBvkIpc92","preKeyId":9820466}}},"version":"v1"}