{"_sessions":{"BX+VzpEMj4arZBV6alQqBylESBlan5yNvij8rPx7YQ1/":{"registrationId":14204,"currentRatchet":{"ephemeralKeyPair":{"pubKey":"BaZYYQxAjynHW//WhDAssYequcjUFH/psC38YaD2zl0L","privKey":"CKnMbSu0rh+NAcMOXh3wYI/t1cDA1tvXFT+5x7GGUlI="},"lastRemoteEphemeralKey":"BXyGwAbQciK9rcAYbdYlquueg/mhLDRyxcfap4WtRz8v","previousCounter":0,"rootKey":"Qr+D6bfF9VopIG2YHXXd3c9Wh+aUpK4qeGHa/eJrnWE="},"indexInfo":{"baseKey":"BX+VzpEMj4arZBV6alQqBylESBlan5yNvij8rPx7YQ1/","baseKeyType":1,"closed":-1,"used":1748567563586,"created":1748567563586,"remoteIdentityKey":"BU5KL8eRgT0Wr3ypBXOOgamn8+FqstECAH//VtvgaX08"},"_chains":{"BaZYYQxAjynHW//WhDAssYequcjUFH/psC38YaD2zl0L":{"chainKey":{"counter":0,"key":"8hT+yPj2x8Q9UNctiQVQ8vwzt0R+OQKHvz5S3AhK0hs="},"chainType":1,"messageKeys":{}}},"pendingPreKey":{"signedKeyId":1,"baseKey":"BX+VzpEMj4arZBV6alQqBylESBlan5yNvij8rPx7YQ1/","preKeyId":3255}}},"version":"v1"}