{"_sessions":{"BV/ycDxIJh+w50hvzHmFSIOWKUMpXw1c0t+bRjpb/cQy":{"registrationId":152453327,"currentRatchet":{"ephemeralKeyPair":{"pubKey":"BT/Dt23+q61p/ML9D6BPJD/2kt1cmSBicuH1obl3MNxw","privKey":"UDdXy84hRqPqt1ljoMLo32N8IlZXMgctok1SibemcXU="},"lastRemoteEphemeralKey":"BTUGUfTsTSwFpOwXnwwiJhWvjPbvmietdj5jRkX3IBpv","previousCounter":0,"rootKey":"XfL93o/QZigPwGuJKnRAYZl3bJOEqz7vIg6GVO3qKEQ="},"indexInfo":{"baseKey":"BV/ycDxIJh+w50hvzHmFSIOWKUMpXw1c0t+bRjpb/cQy","baseKeyType":1,"closed":-1,"used":1748566373324,"created":1748566373324,"remoteIdentityKey":"BZ6y9shfMUMkHyhd3FbLWo+rGfQV3ziefCiClHg5GMor"},"_chains":{"BT/Dt23+q61p/ML9D6BPJD/2kt1cmSBicuH1obl3MNxw":{"chainKey":{"counter":2,"key":"I/Hq0y2o266FzzjA2II3XZLtHNci/VE1mlqR6z4XdWs="},"chainType":1,"messageKeys":{}}},"pendingPreKey":{"signedKeyId":4,"baseKey":"BV/ycDxIJh+w50hvzHmFSIOWKUMpXw1c0t+bRjpb/cQy"}}},"version":"v1"}