{"_sessions":{"BXVgRIj7mi+IbR8SCxmk7MHYC6GFMIJ6dG9wS8RZdPFn":{"registrationId":82848310,"currentRatchet":{"ephemeralKeyPair":{"pubKey":"BVciw9GQXIPrCT4OPwnk7tzZHUYPPAKy6PI1TXXCSqZh","privKey":"MFii/ev09UPIYw1vB9PY7ifJl/rlQFgLK0YQIk9sh08="},"lastRemoteEphemeralKey":"BfKF/EC38uwxeSyd/aqmLKKgclC1skrW5pIOwLJarzw7","previousCounter":0,"rootKey":"wnRHz+EH6GDoql1G8fGD2bVMN2XWASEaKte/Bdr09JE="},"indexInfo":{"baseKey":"BXVgRIj7mi+IbR8SCxmk7MHYC6GFMIJ6dG9wS8RZdPFn","baseKeyType":1,"closed":-1,"used":1748567564588,"created":1748567564588,"remoteIdentityKey":"BQ3xBaAHtSKq0q9C4zFV9NUMT9Zlua1bDnFD0jxHcbw9"},"_chains":{"BVciw9GQXIPrCT4OPwnk7tzZHUYPPAKy6PI1TXXCSqZh":{"chainKey":{"counter":0,"key":"ipCIDx+znpaXPd1s3lem09gPHOMXM1WgW+CxLzJCnKk="},"chainType":1,"messageKeys":{}}},"pendingPreKey":{"signedKeyId":22,"baseKey":"BXVgRIj7mi+IbR8SCxmk7MHYC6GFMIJ6dG9wS8RZdPFn","preKeyId":5776975}}},"version":"v1"}