{"_sessions":{"BdOQ1gkyqCD3UjJvYlDRjfiIEcWJhwqGAEbQZK7QS1Za":{"registrationId":514579449,"currentRatchet":{"ephemeralKeyPair":{"pubKey":"BcnOLB4PD4DSRGunDn+q87cdI7s6p9lwu/aeXoFrxiED","privKey":"AERA8yAgi6gVaXly89asNJfi+TKyVvwv2TP6vlvWKVs="},"lastRemoteEphemeralKey":"BVFjFGyvLQGKdBvNKnaTcC0NkRj0XiuNxKbKcs5YOK9k","previousCounter":0,"rootKey":"lmkQ8PF8kouuwHaKPpgC7Ol91PcJDoO4lAGYdMdc+Cg="},"indexInfo":{"baseKey":"BdOQ1gkyqCD3UjJvYlDRjfiIEcWJhwqGAEbQZK7QS1Za","baseKeyType":1,"closed":-1,"used":1748566372257,"created":1748566372257,"remoteIdentityKey":"BY4PVhjIfEdiuEUilu140szKQO4K8H8Uf9yy5XwZkqYF"},"_chains":{"BcnOLB4PD4DSRGunDn+q87cdI7s6p9lwu/aeXoFrxiED":{"chainKey":{"counter":3,"key":"8Do3ZnScaIdxjG3nfDWytOle+GdbpFouLBo+I3JT+Ks="},"chainType":1,"messageKeys":{}}},"pendingPreKey":{"signedKeyId":2,"baseKey":"BdOQ1gkyqCD3UjJvYlDRjfiIEcWJhwqGAEbQZK7QS1Za","preKeyId":12617735}}},"version":"v1"}