{"_sessions":{"BS2d2KZ5wxPx1kcEBBS3ORyjAZxXN7pGgrsIrTml9CUh":{"registrationId":1293481734,"currentRatchet":{"ephemeralKeyPair":{"pubKey":"BWPiWnBi3a4n5pwQdjuDTZ98lPvtNSWMQmt/14fT9SMu","privKey":"yNcF9Tk85oSiBiyEbLBma6QFqqTUeO8e3jshdmDVf3c="},"lastRemoteEphemeralKey":"BRokTL0TlnHvCQVznJ85aDBFLDRgHG9sbtPdbciQWbMe","previousCounter":0,"rootKey":"7UVD0IZgi9adCF8PLPLR/Krfx3BY6RBkcnm9ziD9d5A="},"indexInfo":{"baseKey":"BS2d2KZ5wxPx1kcEBBS3ORyjAZxXN7pGgrsIrTml9CUh","baseKeyType":1,"closed":-1,"used":1748567564515,"created":1748567564515,"remoteIdentityKey":"BcXh47NNShbJuWM3HBt4va6mzr2dl3EzDojJuJFEJGF+"},"_chains":{"BWPiWnBi3a4n5pwQdjuDTZ98lPvtNSWMQmt/14fT9SMu":{"chainKey":{"counter":0,"key":"JpSCyo6F5PU2rQK8H3mNRPoI1/M73NynvIxYsNGTkI4="},"chainType":1,"messageKeys":{}}},"pendingPreKey":{"signedKeyId":4,"baseKey":"BS2d2KZ5wxPx1kcEBBS3ORyjAZxXN7pGgrsIrTml9CUh","preKeyId":2536400}}},"version":"v1"}