{"_sessions":{"BQNTIdG4xiof1GT9ezO6nU3+Ay/YG06lHSjQaj0QFxpu":{"registrationId":13343,"currentRatchet":{"ephemeralKeyPair":{"pubKey":"BQq0t+PUiN0RAcN9eMfEGnbzP8q5/1IVsj+QPnDvshBg","privKey":"0K35ScDVhc6u2MaOVHBuKxKwupAmjsNsCig89M6jjnw="},"lastRemoteEphemeralKey":"BeDIHx2mXTk2AgZJYorCPvRbS9pFWc9cIDPZ8BDdgoEh","previousCounter":0,"rootKey":"77/BkViHpg0Y4QZeUALQOQTCmvuxDo7hgNVoGkvAss0="},"indexInfo":{"baseKey":"BQNTIdG4xiof1GT9ezO6nU3+Ay/YG06lHSjQaj0QFxpu","baseKeyType":1,"closed":-1,"used":1748566371973,"created":1748566371973,"remoteIdentityKey":"BUnoG9X8lWG/vcbKVYmnX+I8ulFXHvdiCn+fk3kc4TtL"},"_chains":{"BQq0t+PUiN0RAcN9eMfEGnbzP8q5/1IVsj+QPnDvshBg":{"chainKey":{"counter":3,"key":"BtgPhMABEj0wopJ5dYTypwTt9/TFX4PwLdIMhipUfgc="},"chainType":1,"messageKeys":{}}},"pendingPreKey":{"signedKeyId":1,"baseKey":"BQNTIdG4xiof1GT9ezO6nU3+Ay/YG06lHSjQaj0QFxpu"}}},"version":"v1"}