{"_sessions":{"BWtH0Hc2xzvwcUJ5kHMV2NMZr/wLRUZFilyOfcdHo3gt":{"registrationId":1499069670,"currentRatchet":{"ephemeralKeyPair":{"pubKey":"BX0cbj07Y1zdnMlankEt+TtNapE2Anr4//m9AbbN7fdu","privKey":"+JVeCr0wlbrtoPki3QZYWP2pp6txMezlh39W0EBM4mA="},"lastRemoteEphemeralKey":"BSaSx+7Mkww6GIF0X7QPK/YthME0zF4hliy6ImaypfAB","previousCounter":0,"rootKey":"ZEZpjT32+vGxE4WjTJnXorA+EQCiMLjweirRWdvkRuE="},"indexInfo":{"baseKey":"BWtH0Hc2xzvwcUJ5kHMV2NMZr/wLRUZFilyOfcdHo3gt","baseKeyType":1,"closed":-1,"used":1748566373518,"created":1748566373518,"remoteIdentityKey":"BQGFc4rJ7PhUaD+h27CZh/TsQK55kcNTQo/hpz2frJFU"},"_chains":{"BX0cbj07Y1zdnMlankEt+TtNapE2Anr4//m9AbbN7fdu":{"chainKey":{"counter":2,"key":"ou31HmPAV+DcXgmL955i5FLNTyG56DAjV0UO59dbQYc="},"chainType":1,"messageKeys":{}}},"pendingPreKey":{"signedKeyId":14,"baseKey":"BWtH0Hc2xzvwcUJ5kHMV2NMZr/wLRUZFilyOfcdHo3gt","preKeyId":16092940}}},"version":"v1"}