{"_sessions":{"BXjVIL4FGPcuXZ056Gb0gs7Dt7U/RxkkJa1PIHabdEp9":{"registrationId":1226180515,"currentRatchet":{"ephemeralKeyPair":{"pubKey":"BXCnmwH87faNgbh05AHidh66GIFP1rnfPRrTlW3c+Hx/","privKey":"wAckVTRbZsm/bivCM5RukvG2PTa9mnILt7xd1XaK0mo="},"lastRemoteEphemeralKey":"BR/da5IG4g7sukVZZLyNapgi+o2Nrst6rnV+QP9tsHc8","previousCounter":0,"rootKey":"jJRwXpyiadaoYO5D6C6oOeY8jUbndj/eevGz6wF0L14="},"indexInfo":{"baseKey":"BXjVIL4FGPcuXZ056Gb0gs7Dt7U/RxkkJa1PIHabdEp9","baseKeyType":1,"closed":-1,"used":1748566373423,"created":1748566373423,"remoteIdentityKey":"BY6SueTw9anNanhkPFYnguXTke9BDtBDuaFyXZVzxDhd"},"_chains":{"BXCnmwH87faNgbh05AHidh66GIFP1rnfPRrTlW3c+Hx/":{"chainKey":{"counter":2,"key":"SNdyJWbSBu1iqGbp88MSuxi5LvEYZoAtOE8itmT5GHo="},"chainType":1,"messageKeys":{}}},"pendingPreKey":{"signedKeyId":11,"baseKey":"BXjVIL4FGPcuXZ056Gb0gs7Dt7U/RxkkJa1PIHabdEp9","preKeyId":1254658}}},"version":"v1"}