{"_sessions":{"BcUezo1R8sBShgENooFi/5+aJ3gEuxmOZys0691XVjtW":{"registrationId":15237,"currentRatchet":{"ephemeralKeyPair":{"pubKey":"BS7Y8eiJCqvVsfgWk4YfMuJP/hknk/xMUG2K7f9F2MwE","privKey":"mDZygZEWagwOlrTMitsW93OTlC0thsp7xe314QnUSkE="},"lastRemoteEphemeralKey":"BXGBIMrQAiyY3+W5dauoUUFZzikzdVu5NMJndf2Gcv9Q","previousCounter":0,"rootKey":"Ibx3v5pru8Wer5KghcpbPg5qkpIpzzWK06c8TZGTTHI="},"indexInfo":{"baseKey":"BcUezo1R8sBShgENooFi/5+aJ3gEuxmOZys0691XVjtW","baseKeyType":1,"closed":-1,"used":1748566371805,"created":1748566371805,"remoteIdentityKey":"Bebcf47111pHQBdBq2tbYwlqxYfCJOFf6uMfmZpAmOhx"},"_chains":{"BS7Y8eiJCqvVsfgWk4YfMuJP/hknk/xMUG2K7f9F2MwE":{"chainKey":{"counter":2,"key":"Tt2swMKmUOBZo8xu2aBaKbEw3FMWYTmhtihm+MbjSQo="},"chainType":1,"messageKeys":{}}},"pendingPreKey":{"signedKeyId":1,"baseKey":"BcUezo1R8sBShgENooFi/5+aJ3gEuxmOZys0691XVjtW","preKeyId":9068}}},"version":"v1"}