{"_sessions":{"BRPMJhx2hhqCFTYz3WoLJ3J8lL8YGB3M0G5s9bVao7w0":{"registrationId":2144115574,"currentRatchet":{"ephemeralKeyPair":{"pubKey":"BRyas2vUqOA7A5VF0XHGMpj+cKeRgb4pVAN0zwDB8mwa","privKey":"UFeuAYo0qHSL8XFb5OByTEbb9dm2nXeeKKDgRzIn4k4="},"lastRemoteEphemeralKey":"BUvnMZG3zojBlTjI5LafBXG8ID7xGS8KmU0Ap/NvqMpj","previousCounter":0,"rootKey":"kN7zjddC0YPIfQ+UrC52Lg1nkRiEoc/ML/bavXKkJ5E="},"indexInfo":{"baseKey":"BRPMJhx2hhqCFTYz3WoLJ3J8lL8YGB3M0G5s9bVao7w0","baseKeyType":1,"closed":-1,"used":1748567564134,"created":1748567564134,"remoteIdentityKey":"BUPBbEJHTSZTNg6Ku16rww+zKxCYPDzK/jfNYIdNIxta"},"_chains":{"BRyas2vUqOA7A5VF0XHGMpj+cKeRgb4pVAN0zwDB8mwa":{"chainKey":{"counter":0,"key":"SdAJcYHGOZX2E4KycPpJtj107niBVWodu9NeS4MuHSA="},"chainType":1,"messageKeys":{}}},"pendingPreKey":{"signedKeyId":19,"baseKey":"BRPMJhx2hhqCFTYz3WoLJ3J8lL8YGB3M0G5s9bVao7w0","preKeyId":4044494}}},"version":"v1"}