{"_sessions":{"BdiEkVGvI4k+hB2Ks3bJhU3ZVIo5Z67JPiMCifuebS4D":{"registrationId":1404174632,"currentRatchet":{"ephemeralKeyPair":{"pubKey":"BYw31sMub3Gozslp73l2XgZIbB1S+EN/NKTFqA46H49q","privKey":"aImfyOtb5kXuILUuK0p/hkIXDlC4cUDM5eFPe0KoDng="},"lastRemoteEphemeralKey":"BdhXUJJugqDFp4CQOztYvRzQx/JlBDBOIDn4hBXpfikx","previousCounter":0,"rootKey":"ixTs3scU+aWwlK8rxhK5ft4/i8vemgYa3V/QrkdqgEM="},"indexInfo":{"baseKey":"BdiEkVGvI4k+hB2Ks3bJhU3ZVIo5Z67JPiMCifuebS4D","baseKeyType":1,"closed":-1,"used":1748566372894,"created":1748566372894,"remoteIdentityKey":"BWhOj4GTUZQuOvWf67BR9CZgpVGjR7VwD1z9li+n8hNY"},"_chains":{"BYw31sMub3Gozslp73l2XgZIbB1S+EN/NKTFqA46H49q":{"chainKey":{"counter":2,"key":"01zJDtPmrbPPnd7QXTqK4jZVRVdxouhLQY22Lf70I3o="},"chainType":1,"messageKeys":{}}},"pendingPreKey":{"signedKeyId":13,"baseKey":"BdiEkVGvI4k+hB2Ks3bJhU3ZVIo5Z67JPiMCifuebS4D","preKeyId":14043946}}},"version":"v1"}