{"_sessions":{"Bb/g3ZAs9iM1C7dh5RE2BDe1De5x+ucWK3JmXDU+aOlg":{"registrationId":340693437,"currentRatchet":{"ephemeralKeyPair":{"pubKey":"BdTNRuBjtmWx8je8LszkpFY8SkID6SVmHh4+udX7h/F/","privKey":"eEz2CTMmndb2SIAzxnDrPbyrGnO+jUretM5f4fR5NnU="},"lastRemoteEphemeralKey":"Bf9aOT8a12k3s37h9DS3nKKXFzgMpbePLFYviJUfrZEb","previousCounter":0,"rootKey":"OA2ah7s7svCzQkA63KNDVXAMPOml6BvEyum2HiJCi14="},"indexInfo":{"baseKey":"Bb/g3ZAs9iM1C7dh5RE2BDe1De5x+ucWK3JmXDU+aOlg","baseKeyType":1,"closed":-1,"used":1748566372755,"created":1748566372755,"remoteIdentityKey":"BRxXtGVMY94KA0rudx3ZNQ/WT60KanwacW+WXa5sjlUt"},"_chains":{"BdTNRuBjtmWx8je8LszkpFY8SkID6SVmHh4+udX7h/F/":{"chainKey":{"counter":2,"key":"6eUl5iDbfSQUxyxlBGJ0gL4gbTYbsZJt1YtZvGFtOz4="},"chainType":1,"messageKeys":{}}},"pendingPreKey":{"signedKeyId":0,"baseKey":"Bb/g3ZAs9iM1C7dh5RE2BDe1De5x+ucWK3JmXDU+aOlg","preKeyId":11713018}}},"version":"v1"}