{"_sessions":{"BT/GI9WbmWnqcVQKLwiglkQwV+937qyX3o0o8mHAp29d":{"registrationId":1943979571,"currentRatchet":{"ephemeralKeyPair":{"pubKey":"BWGyHcTniGKEeDNwZDu/CwNW57xqrz7hk6FNht1Gmg4f","privKey":"iGvdru3k9zaSQ4cvw6f2kj+k/mLlXneEzbJl1cXQ3XI="},"lastRemoteEphemeralKey":"BT0F2wqbyBOKEPEmGzgw5rAImEQCXH0ya5i2fwOU/BIY","previousCounter":0,"rootKey":"Ut4boswQw3uBk/4SB1to8ypIFnY1iuxZKoCDnPoHrko="},"indexInfo":{"baseKey":"BT/GI9WbmWnqcVQKLwiglkQwV+937qyX3o0o8mHAp29d","baseKeyType":1,"closed":-1,"used":1748567564423,"created":1748567564423,"remoteIdentityKey":"BfkMrIt2jHiT1HqoBtvzU8gNafeJWG+RF1+azJw/zHk0"},"_chains":{"BWGyHcTniGKEeDNwZDu/CwNW57xqrz7hk6FNht1Gmg4f":{"chainKey":{"counter":0,"key":"9AczV3R/qqcXSQTaPqeJWWQ2kR5eQvj9fiFOPy8VUKs="},"chainType":1,"messageKeys":{}}},"pendingPreKey":{"signedKeyId":2,"baseKey":"BT/GI9WbmWnqcVQKLwiglkQwV+937qyX3o0o8mHAp29d","preKeyId":8610854}}},"version":"v1"}