{"_sessions":{"BRC3MnTIZA98PH2c7rs8mjuUSVHcu3sbehD2Y0aYt00j":{"registrationId":107203338,"currentRatchet":{"ephemeralKeyPair":{"pubKey":"BX0xs8EIDrm4jxKdl+UPOmzyHkrXkc8mJ1CKNV2Y3stV","privKey":"KCapfwYKZHu1NmJffUZ/kQM4qu55SGIk6hoD5VtDemc="},"lastRemoteEphemeralKey":"BdR8FuC9Tb4KKj8bO4cFuuh9hQepKZ/2P+POFhuzD/cF","previousCounter":0,"rootKey":"izJECqTyB5eQkYFkiuGABfDJH0wLoYJnhXLrdZ7jEFw="},"indexInfo":{"baseKey":"BRC3MnTIZA98PH2c7rs8mjuUSVHcu3sbehD2Y0aYt00j","baseKeyType":1,"closed":-1,"used":1748566373217,"created":1748566373217,"remoteIdentityKey":"BZ5pWbgq2HRzXZyDaPXBSa1blnrejiAAWZmugCxjd/gg"},"_chains":{"BX0xs8EIDrm4jxKdl+UPOmzyHkrXkc8mJ1CKNV2Y3stV":{"chainKey":{"counter":2,"key":"fOYJxUYXRubceOKnGSw6FxJkFO5J96kZlDO1g7AAm94="},"chainType":1,"messageKeys":{}}},"pendingPreKey":{"signedKeyId":0,"baseKey":"BRC3MnTIZA98PH2c7rs8mjuUSVHcu3sbehD2Y0aYt00j","preKeyId":3666838}}},"version":"v1"}