{"_sessions":{"BWKIcuMA77FVJjGv1Wb8vi1HQRmwFD15mlK5cPx19ZVz":{"registrationId":1440616051,"currentRatchet":{"ephemeralKeyPair":{"pubKey":"BXZ2ycA+0fZdbKSbXG+e97CFUNrSmmCqyXG5V0zwmahc","privKey":"AFRshIPzdg8JFjPjysTNcGRE36Osb6eVCBDwEArmFWc="},"lastRemoteEphemeralKey":"BTNJT++qeRM6Jv75siuz9q2s9QgqPy50ANUDfZ2OWZNq","previousCounter":0,"rootKey":"QdddzOxky6TSrbunXFIqFnzU/Vcw7hVO2MeQ+VwlEi8="},"indexInfo":{"baseKey":"BWKIcuMA77FVJjGv1Wb8vi1HQRmwFD15mlK5cPx19ZVz","baseKeyType":1,"closed":-1,"used":1748567564253,"created":1748567564253,"remoteIdentityKey":"BXLEeTw+S0GCejVlUPuTEMDSqLvLzIBP7h2HcgRkwgoU"},"_chains":{"BXZ2ycA+0fZdbKSbXG+e97CFUNrSmmCqyXG5V0zwmahc":{"chainKey":{"counter":0,"key":"joM9Gq9VsuzQrfbr3Scp+FalXrBJ8PaneqzFfxEmobM="},"chainType":1,"messageKeys":{}}},"pendingPreKey":{"signedKeyId":1,"baseKey":"BWKIcuMA77FVJjGv1Wb8vi1HQRmwFD15mlK5cPx19ZVz","preKeyId":5411323}}},"version":"v1"}