{"_sessions":{"BeeEhIbhidjbt6A4KTc51R1j4OB7TIDPoK5655NbTNA0":{"registrationId":264061185,"currentRatchet":{"ephemeralKeyPair":{"pubKey":"BXUBSdbMqY8JNeevpdaHEQWhpWZoM6GQzq807B8pr/QP","privKey":"SIPgzLljdRdwzd1kbdXwsupWbbOpxFPsKAKdxgM1y3E="},"lastRemoteEphemeralKey":"Bd2lXMjnFyPRbNJYdaaMCb4hUX8KdgxA7//ohHeqXw8Z","previousCounter":0,"rootKey":"TKaLiPF4+ARrXUokskPYi0QaOGKlk2sllPZqkEoEY4A="},"indexInfo":{"baseKey":"BeeEhIbhidjbt6A4KTc51R1j4OB7TIDPoK5655NbTNA0","baseKeyType":1,"closed":-1,"used":1748566373639,"created":1748566373639,"remoteIdentityKey":"BWByy7BoMTm+QjIALAoTjJ3gFcypBxBKC+qBLx9sRQlo"},"_chains":{"BXUBSdbMqY8JNeevpdaHEQWhpWZoM6GQzq807B8pr/QP":{"chainKey":{"counter":2,"key":"6JadoOob9YvAzcOprmQVKU62g78TKO+k/nEZPPvJthE="},"chainType":1,"messageKeys":{}}},"pendingPreKey":{"signedKeyId":2,"baseKey":"BeeEhIbhidjbt6A4KTc51R1j4OB7TIDPoK5655NbTNA0","preKeyId":833324}}},"version":"v1"}