{"_sessions":{"BZEEGjuu0McY6/vsHHdxFwwWE+pjpSpPV1qWaEqr0dUj":{"registrationId":2057872795,"currentRatchet":{"ephemeralKeyPair":{"pubKey":"BWI1OVw9GoWnipM4HmW4kmG6SekaoMVZRBkU1DlHClN6","privKey":"ELWCS2aNuz/rOi7pUq0+LYrqTvpUpc6MK0yofDvM1kA="},"lastRemoteEphemeralKey":"BToS0bp2I4ryndJR43bIbwUGbSzSwMZC0YhNFuoKItBB","previousCounter":0,"rootKey":"EYa+PW0gzfyMjaN94EsMOUpGWr/z7Eb0cqthq/WQdZQ="},"indexInfo":{"baseKey":"BZEEGjuu0McY6/vsHHdxFwwWE+pjpSpPV1qWaEqr0dUj","baseKeyType":1,"closed":-1,"used":1748566372529,"created":1748566372529,"remoteIdentityKey":"BTgd8lbnpy+QZ6C6UG8bBkBNFm/lTtHjlR5lt6QS1t1Y"},"_chains":{"BWI1OVw9GoWnipM4HmW4kmG6SekaoMVZRBkU1DlHClN6":{"chainKey":{"counter":2,"key":"7WsbZJVW/PwuBvdYscM7K8Nn1zqywzxcF1OxrO0VsbI="},"chainType":1,"messageKeys":{}}},"pendingPreKey":{"signedKeyId":1,"baseKey":"BZEEGjuu0McY6/vsHHdxFwwWE+pjpSpPV1qWaEqr0dUj","preKeyId":8199837}}},"version":"v1"}