{"_sessions":{"BfN+PcDlSxAcGTE3B+EITYhE/EUZdCL7Lr1GGhMf+gYk":{"registrationId":1624100428,"currentRatchet":{"ephemeralKeyPair":{"pubKey":"BVyeuDgy70Dmzjf+WdYDFw4dCu2J/4JxHuyPQW8cZ8xq","privKey":"CMzHGZiEX8VpYaSqlraqxEQx0/8N3/Yjvzro/Sp+VFM="},"lastRemoteEphemeralKey":"BbMAtsbLd3vGgBaErAAyKIkcN3sw2IvRtJbgkQKh4qc0","previousCounter":0,"rootKey":"PR0++jClxWuYkpmqpqsrBKpnJxeiQzFyMKK9JcEmMOA="},"indexInfo":{"baseKey":"BfN+PcDlSxAcGTE3B+EITYhE/EUZdCL7Lr1GGhMf+gYk","baseKeyType":1,"closed":-1,"used":1748566373160,"created":1748566373160,"remoteIdentityKey":"BdIYxFdsx4B6dtYF/+qg5HBR3W1TaMGnlg378XnybO9f"},"_chains":{"BVyeuDgy70Dmzjf+WdYDFw4dCu2J/4JxHuyPQW8cZ8xq":{"chainKey":{"counter":2,"key":"+Xvc5uClEjlYu9VIyBeOhMsfXVMgjXnTOHMiQSAssb8="},"chainType":1,"messageKeys":{}}},"pendingPreKey":{"signedKeyId":0,"baseKey":"BfN+PcDlSxAcGTE3B+EITYhE/EUZdCL7Lr1GGhMf+gYk"}}},"version":"v1"}