{"_sessions":{"BXzTV+SG7NSW4M+mf2UKxEtGDnEaORDtQc/79kzz0DdR":{"registrationId":2068420307,"currentRatchet":{"ephemeralKeyPair":{"pubKey":"BQIyRca3TTs7vFD2Y7aGqYW2ScCnLgpNTCOHjpofDk5R","privKey":"cD1XvWNibK62HP4OdY/rNkU4BBJOOuXbxqronCev5mo="},"lastRemoteEphemeralKey":"BZ6+2QgCHLFhbwLBt1xm1IjO/we+Q5jjzoVkrOPX7qok","previousCounter":0,"rootKey":"8nO9Vob6KpuvrJNHnu9G504Cd5tRbGWF0RXmwc6R2cg="},"indexInfo":{"baseKey":"BXzTV+SG7NSW4M+mf2UKxEtGDnEaORDtQc/79kzz0DdR","baseKeyType":1,"closed":-1,"used":1748566373573,"created":1748566373573,"remoteIdentityKey":"BUwSWhAOtHZfQI7kYQ04x+M3HdebcpzcTpooQzhVtE1X"},"_chains":{"BQIyRca3TTs7vFD2Y7aGqYW2ScCnLgpNTCOHjpofDk5R":{"chainKey":{"counter":2,"key":"BnO7+7cMe0RMZTdg0cY5irlSy+zbeEFgmF3QhClPtnU="},"chainType":1,"messageKeys":{}}},"pendingPreKey":{"signedKeyId":2,"baseKey":"BXzTV+SG7NSW4M+mf2UKxEtGDnEaORDtQc/79kzz0DdR"}}},"version":"v1"}