{"_sessions":{"BbZEAK85w/Mopbfu1CDBHsd9HhBMSK6GVR05YXaBM58O":{"registrationId":361250450,"currentRatchet":{"ephemeralKeyPair":{"pubKey":"BaynGutb7H447oCuomE163WmfF8DtqM5UhZ0a+lPaVIj","privKey":"uNKbENMEwI0thP0XGPl9YRiKWaze6yR3cON4+Syy3HY="},"lastRemoteEphemeralKey":"BXciJk+X/ZC8PCyQh5+/z9j7GOUSdZ6rS3GxwLFK5ud/","previousCounter":0,"rootKey":"1tbHHIdXXhX44cQkZ8KuTUBNluVtp4jvBJtuBU9bhr4="},"indexInfo":{"baseKey":"BbZEAK85w/Mopbfu1CDBHsd9HhBMSK6GVR05YXaBM58O","baseKeyType":1,"closed":-1,"used":1748566373225,"created":1748566373225,"remoteIdentityKey":"BQNIPaQnHI+9aNCSMwJxeUCkisKHrP+dFwuvYxa5mKxr"},"_chains":{"BaynGutb7H447oCuomE163WmfF8DtqM5UhZ0a+lPaVIj":{"chainKey":{"counter":2,"key":"0ysbyz7cTSzNHzdP/XQRcgbYtV7ZNe519F/pmYhmJ4E="},"chainType":1,"messageKeys":{}}},"pendingPreKey":{"signedKeyId":1,"baseKey":"BbZEAK85w/Mopbfu1CDBHsd9HhBMSK6GVR05YXaBM58O","preKeyId":7761930}}},"version":"v1"}