{"_sessions":{"BaFaXVPZ6R3Ibyqji2swnOfcR0T1/VS6Wd0K13Sn6/05":{"registrationId":430447112,"currentRatchet":{"ephemeralKeyPair":{"pubKey":"BfGtsWFsmKpDTqCL7ZnhH2njoW81Fe1uvXWV9I3lzw8J","privKey":"+B3y+dTMkU+8gNLGm+BhDijQ7usj7xf86rxGV2GxOGo="},"lastRemoteEphemeralKey":"BfObArdSCLtnDp5FhTbaORbOGTM5LBXOBeBhgXFqfGgg","previousCounter":0,"rootKey":"L3+SdcWeg1afAMlw7rpXW9hr0EOP/qWR4ZPonj/klmc="},"indexInfo":{"baseKey":"BaFaXVPZ6R3Ibyqji2swnOfcR0T1/VS6Wd0K13Sn6/05","baseKeyType":1,"closed":-1,"used":1748566373064,"created":1748566373064,"remoteIdentityKey":"BaTnvK9GZSyCzAoNVm+GJfKAXIR/L+UxfK5x1/U8Kpkv"},"_chains":{"BfGtsWFsmKpDTqCL7ZnhH2njoW81Fe1uvXWV9I3lzw8J":{"chainKey":{"counter":2,"key":"4CXQg7c1meRQhMmnWRhYBRdN4+EGXMoWQMCLkj/ywCw="},"chainType":1,"messageKeys":{}}},"pendingPreKey":{"signedKeyId":0,"baseKey":"BaFaXVPZ6R3Ibyqji2swnOfcR0T1/VS6Wd0K13Sn6/05"}}},"version":"v1"}