{"_sessions":{"BQ9FETmSe8SInR8zTmDNGT8/dkkCFIQtgksj4P6YcN4s":{"registrationId":1305,"currentRatchet":{"ephemeralKeyPair":{"pubKey":"BTXZ3LrKvtmW2Kn4NoYgBrQ3SRySVIfJnyIzHP6/jb4n","privKey":"mJ1Zx+yH85dvi/1yE9InWAeH5RWrF75vfKsGlMWg3VQ="},"lastRemoteEphemeralKey":"BRdb8pycjEzfGjWXY7WCij3VU1cHiXabIEg79CSyRbZC","previousCounter":0,"rootKey":"ZLxNIqk6+79ilCEkYVMm/mbauPrQbYjiSW8b1xypQok="},"indexInfo":{"baseKey":"BQ9FETmSe8SInR8zTmDNGT8/dkkCFIQtgksj4P6YcN4s","baseKeyType":1,"closed":-1,"used":1748567564059,"created":1748567564059,"remoteIdentityKey":"BR5ssNf+M6FSFaqmtgs20nFFmXbz6Rl7YnbnPA/83944"},"_chains":{"BTXZ3LrKvtmW2Kn4NoYgBrQ3SRySVIfJnyIzHP6/jb4n":{"chainKey":{"counter":0,"key":"zRxwVI153WHCPoitoHLQarYwv63hfKZ8w8NJTDxG0co="},"chainType":1,"messageKeys":{}}},"pendingPreKey":{"signedKeyId":2,"baseKey":"BQ9FETmSe8SInR8zTmDNGT8/dkkCFIQtgksj4P6YcN4s"}}},"version":"v1"}