{"_sessions":{"BZX6oKNYh90emKyXuJ3ljDMRvLBkRjDp2Ftl9PWxwAMu":{"registrationId":6752,"currentRatchet":{"ephemeralKeyPair":{"pubKey":"BTQjMx9i3KBzgLbLc6SXfcIZEx4ow4chb1Oq5TRcvm08","privKey":"CJvtGXFmXbBAUu1XPn3ySfnY1CxbI0Uww48jHjmTa1w="},"lastRemoteEphemeralKey":"BWCpHCnaU3gDGQH/yA42pe5XblFxBSMR5uLjoLregQYH","previousCounter":0,"rootKey":"zmRyZ7KYYFG+80yF0BEcCoGhj4+ssVk4++joh5EzeX4="},"indexInfo":{"baseKey":"BZX6oKNYh90emKyXuJ3ljDMRvLBkRjDp2Ftl9PWxwAMu","baseKeyType":1,"closed":-1,"used":1748567563807,"created":1748567563807,"remoteIdentityKey":"BdTTNFhBjN5godpyvlKcZgga7jxhTfq3FUpMCjkUg68N"},"_chains":{"BTQjMx9i3KBzgLbLc6SXfcIZEx4ow4chb1Oq5TRcvm08":{"chainKey":{"counter":0,"key":"iK/nsCnx5aflnadJC+mVDv7sW1ekXqzYhprLa84JG1U="},"chainType":1,"messageKeys":{}}},"pendingPreKey":{"signedKeyId":1,"baseKey":"BZX6oKNYh90emKyXuJ3ljDMRvLBkRjDp2Ftl9PWxwAMu"}}},"version":"v1"}