{"_sessions":{"BUfXU8FgU6EoOVXGrcbXKR+OMpv8qjVyaj22rsTFyAt8":{"registrationId":119983664,"currentRatchet":{"ephemeralKeyPair":{"pubKey":"BeHPXS8T9A0ibx2SMs3OX44H8tUhSMTIhpDIbHVo6t40","privKey":"GH4sFeJp/EF7JL1gA441G+vESTvctoRpPWBgl6rhz38="},"lastRemoteEphemeralKey":"BQlD+SfqTnM7/f+Ecfwu4ACc1QogigPmYQYEy3ShhT1s","previousCounter":0,"rootKey":"7Y5IvhB9q9cC+1R4/ImV36o0opitVmwcynHsu6VqnCY="},"indexInfo":{"baseKey":"BUfXU8FgU6EoOVXGrcbXKR+OMpv8qjVyaj22rsTFyAt8","baseKeyType":1,"closed":-1,"used":1748566372169,"created":1748566372169,"remoteIdentityKey":"BeGnPt6U20yMNvvnOgUh/D0xV5Q+jOuvi8tevPvby3p0"},"_chains":{"BeHPXS8T9A0ibx2SMs3OX44H8tUhSMTIhpDIbHVo6t40":{"chainKey":{"counter":2,"key":"IaOAqxjQXRdmdAoG7NKJ+k7foZhXsVgpoBZlfLj/oVc="},"chainType":1,"messageKeys":{}}},"pendingPreKey":{"signedKeyId":0,"baseKey":"BUfXU8FgU6EoOVXGrcbXKR+OMpv8qjVyaj22rsTFyAt8"}}},"version":"v1"}