{"_sessions":{"BVO1sOVRwNe49P1LIqaj0s578wP7GvlhZ83n8aoGv7Bb":{"registrationId":1576041062,"currentRatchet":{"ephemeralKeyPair":{"pubKey":"BXFlYATnsC4+RUYbVTu2mqAQhC62tPrX4hLnhC6iDMo/","privKey":"4Fo01zJdIYc1g0fCBqjqAEQPbFLOjNhmMxvjtlVhBls="},"lastRemoteEphemeralKey":"BcBuBeDNTVnQ8TpKU2dBccZjCIvcVfmJXgaVXO0bpuBx","previousCounter":0,"rootKey":"oS7EQ1O2o1BxvwbHVKPC7B/9k1NhujNah7w8tRqT7ok="},"indexInfo":{"baseKey":"BVO1sOVRwNe49P1LIqaj0s578wP7GvlhZ83n8aoGv7Bb","baseKeyType":1,"closed":-1,"used":1748567021273,"created":1748566372906,"remoteIdentityKey":"BVGEk9vG8RW9Rqub7Pxj6ln5mo0amJqMW2e6U7oaRfx3"},"_chains":{"BcBuBeDNTVnQ8TpKU2dBccZjCIvcVfmJXgaVXO0bpuBx":{"chainKey":{"counter":0,"key":"MXdDO7Ssl99GbZmOXGheMsdeNMJAHtBCAqBrXK9snvI="},"chainType":2,"messageKeys":{}},"BXFlYATnsC4+RUYbVTu2mqAQhC62tPrX4hLnhC6iDMo/":{"chainKey":{"counter":1,"key":"yRsUt5uINpcV7KsFmHp6/R2PvjeVWR2eVvke5Nk8HxU="},"chainType":1,"messageKeys":{}}}}},"version":"v1"}