{"_sessions":{"BZ+W5jZ9txL5dfAjxON8xWXfc71S7iwjD8eMhheM4t4N":{"registrationId":1880365908,"currentRatchet":{"ephemeralKeyPair":{"pubKey":"BQ2AseYVMaxEUCk0vD2zNwS1z5N/XoyuNRFNgsZFYIYK","privKey":"AL9orikrdQtOkMAwix/tEWrkUy49TGCK6VO2WHUK0lU="},"lastRemoteEphemeralKey":"BS4CKQq0y5FLC+B12AdkUurvGMwEZHi/09MsSQq8JxFd","previousCounter":0,"rootKey":"clZvnLhY5oTgdz8RBwneezaCLHaaGPmO/6jVXfQ24MU="},"indexInfo":{"baseKey":"BZ+W5jZ9txL5dfAjxON8xWXfc71S7iwjD8eMhheM4t4N","baseKeyType":1,"closed":-1,"used":1748566373593,"created":1748566373593,"remoteIdentityKey":"BV9wtI8SSm8Dw2jbZLSbJgL3OWNJ3ihNwonQzgWRkR4Q"},"_chains":{"BQ2AseYVMaxEUCk0vD2zNwS1z5N/XoyuNRFNgsZFYIYK":{"chainKey":{"counter":2,"key":"Ks5MCWJ5OLxkKwtS/Td9VU0dWNOsuAwgYPXenVVDQJM="},"chainType":1,"messageKeys":{}}},"pendingPreKey":{"signedKeyId":12,"baseKey":"BZ+W5jZ9txL5dfAjxON8xWXfc71S7iwjD8eMhheM4t4N","preKeyId":12511741}}},"version":"v1"}