{"_sessions":{"BZgXnxi91Vz0jqUYFGPi3kWUtWeui9ZdmfGRcCSyRBYU":{"registrationId":972300075,"currentRatchet":{"ephemeralKeyPair":{"pubKey":"BXq1pk/MyE4VcMGcCCr/EBbUE2PuAHi5jQm5vkJhcohK","privKey":"KGwWrteu74NyghCvrLPeTq8m00QOaibhyxpBzmYKVWA="},"lastRemoteEphemeralKey":"BRxbxbu9R5Kd4MQ5nrtYkVNoy/4wtOBSDExudpa/YGgu","previousCounter":0,"rootKey":"ML8k0aCDFqz6JAWSM+atA7MyyqPydnfpvdASmSwar/4="},"indexInfo":{"baseKey":"BZgXnxi91Vz0jqUYFGPi3kWUtWeui9ZdmfGRcCSyRBYU","baseKeyType":1,"closed":-1,"used":1748567564140,"created":1748567564140,"remoteIdentityKey":"Ba+VmGPwP6nhhHDuI7BNw3Eb7Y58L2EBnNgPuaZqPqFb"},"_chains":{"BXq1pk/MyE4VcMGcCCr/EBbUE2PuAHi5jQm5vkJhcohK":{"chainKey":{"counter":0,"key":"xJ/e93orIJG84b2mbBaa9rNABNcgM9tMZ/bDvLgiaY8="},"chainType":1,"messageKeys":{}}},"pendingPreKey":{"signedKeyId":0,"baseKey":"BZgXnxi91Vz0jqUYFGPi3kWUtWeui9ZdmfGRcCSyRBYU","preKeyId":12424889}}},"version":"v1"}