{"_sessions":{"Bfj+Vvb5Z5N9LzvfIEp6gsw3n5mtPkj9KLVElGmroyc+":{"registrationId":1120303245,"currentRatchet":{"ephemeralKeyPair":{"pubKey":"BZwUu5aFAN3UOygyxLc08YQ++6o+PJcuVGf1ChCBanY4","privKey":"GNChE749mlb1DmHFZMQRIHnCbCXyDrODmiCusNNoa04="},"lastRemoteEphemeralKey":"BVyeWlR0hD1AsodhIJ7Se67q1jAOkCxXz22O0N6Zygon","previousCounter":0,"rootKey":"VVUcMPFMVjF5hCKMc7GosQ6orfILw9aP9skvBx+T1A4="},"indexInfo":{"baseKey":"Bfj+Vvb5Z5N9LzvfIEp6gsw3n5mtPkj9KLVElGmroyc+","baseKeyType":1,"closed":-1,"used":1748566372967,"created":1748566372967,"remoteIdentityKey":"Bfs+iiTf78vREgNKtDWL5KNvcAqJZQugAx23/3PS2MUv"},"_chains":{"BZwUu5aFAN3UOygyxLc08YQ++6o+PJcuVGf1ChCBanY4":{"chainKey":{"counter":3,"key":"VE/eynrCcCrvmEdodB1bJe3+zxRoErRzvjePe6xO5C8="},"chainType":1,"messageKeys":{}}},"pendingPreKey":{"signedKeyId":3,"baseKey":"Bfj+Vvb5Z5N9LzvfIEp6gsw3n5mtPkj9KLVElGmroyc+","preKeyId":5417818}}},"version":"v1"}