{"_sessions":{"BSAGdSc1A+XsM/yMdDGEsF4w1EuepnEveHnhcohssgl8":{"registrationId":1374528112,"currentRatchet":{"ephemeralKeyPair":{"pubKey":"BaJbuvif1cEP5WThquRp1AkOEGkyVewhZAsQJPXzD+pj","privKey":"4K2ctVjwLbM4ze0nGVbXoGI8YtHk9UvVHTIDb2wRI2k="},"lastRemoteEphemeralKey":"BamGEbcapxqdOcTdDUcGUYk3sH6whxdG/TyKNyAn6IRZ","previousCounter":0,"rootKey":"GF7W0hAo/OTKd6pJUhEKvNIdw2/Cpoxb7p2/QIO+tw4="},"indexInfo":{"baseKey":"BSAGdSc1A+XsM/yMdDGEsF4w1EuepnEveHnhcohssgl8","baseKeyType":1,"closed":-1,"used":1748566373185,"created":1748566373185,"remoteIdentityKey":"BcHli327Hp3SNkS/67wdDcb6I+QcfEVsW50QK1PO/DdB"},"_chains":{"BaJbuvif1cEP5WThquRp1AkOEGkyVewhZAsQJPXzD+pj":{"chainKey":{"counter":2,"key":"YyoLxbbY+bc+oRca81jzSeSaoR4Dz8WxBNIkqoK3L2Q="},"chainType":1,"messageKeys":{}}},"pendingPreKey":{"signedKeyId":9,"baseKey":"BSAGdSc1A+XsM/yMdDGEsF4w1EuepnEveHnhcohssgl8","preKeyId":4214566}}},"version":"v1"}