{"_sessions":{"BYGRn0ws1XkFw4K2GRebCc1j7pAO2CbX7cLackxP/EJZ":{"registrationId":1779818979,"currentRatchet":{"ephemeralKeyPair":{"pubKey":"BXAIY6Wd044yPxtWlMBSYn1rUy0Y7JPVuG7DqVkcVXEM","privKey":"0BWVneqZoZcewSzq1QwCq4M420ESFtmF5uc69tTrd0Y="},"lastRemoteEphemeralKey":"BQ6oW03OiGP0o3lWd1w027WgihsacbBx9xS5Hjn9xqot","previousCounter":0,"rootKey":"pFf0k0DDhsSMr+3zYztMuTRlX12VJ0w4Zd8IdUtTj+I="},"indexInfo":{"baseKey":"BYGRn0ws1XkFw4K2GRebCc1j7pAO2CbX7cLackxP/EJZ","baseKeyType":1,"closed":-1,"used":1748566373306,"created":1748566373306,"remoteIdentityKey":"BXsseXr9CMpoDzRMMGJHcYqD7eyOj/IMZpOD9r3Z+BtH"},"_chains":{"BXAIY6Wd044yPxtWlMBSYn1rUy0Y7JPVuG7DqVkcVXEM":{"chainKey":{"counter":2,"key":"Da2XXZOf2xmL8GKACdjkl5h4reMm9g9ydV/xnNK+Pv0="},"chainType":1,"messageKeys":{}}},"pendingPreKey":{"signedKeyId":7414415,"baseKey":"BYGRn0ws1XkFw4K2GRebCc1j7pAO2CbX7cLackxP/EJZ","preKeyId":5218}}},"version":"v1"}