{"_sessions":{"Be4tn2gUtoOVh2DJK2jBdWLbmj3Eec1FQgMTUAn49zIq":{"registrationId":1919183767,"currentRatchet":{"ephemeralKeyPair":{"pubKey":"BYlMDgjHyCL+vUckBv3nofp1dOGbNkcLoxIW/+j4Zrkj","privKey":"YHrvJpgpvCrLvuInxhlWt2cbrQcdOQmZhDTFcBZXimo="},"lastRemoteEphemeralKey":"BSr2fpNytaz7rtAT5nrB3ON/t1FWJGtKhELECMt4Y35z","previousCounter":0,"rootKey":"rnwEVkgbk24qn4FViXX4E8ng2e9DrAxfuosTtS+7c9s="},"indexInfo":{"baseKey":"Be4tn2gUtoOVh2DJK2jBdWLbmj3Eec1FQgMTUAn49zIq","baseKeyType":1,"closed":-1,"used":1748566372888,"created":1748566372888,"remoteIdentityKey":"BetanNOqE5lvSGmxW8751TNDYnwkpjpN+oU3LZMmCG8P"},"_chains":{"BYlMDgjHyCL+vUckBv3nofp1dOGbNkcLoxIW/+j4Zrkj":{"chainKey":{"counter":2,"key":"cFQ6Vt9XHNY9Cf83m5GDYrCkKUfivLqBZz6SnISMB+M="},"chainType":1,"messageKeys":{}}},"pendingPreKey":{"signedKeyId":15,"baseKey":"Be4tn2gUtoOVh2DJK2jBdWLbmj3Eec1FQgMTUAn49zIq","preKeyId":12091249}}},"version":"v1"}