{"_sessions":{"BbmY9cLndxUACB1fdqnKGDPZFl+bD/ryBC1amHmmrIV3":{"registrationId":1506470905,"currentRatchet":{"ephemeralKeyPair":{"pubKey":"BWSG/ag/VxarxaS3CDdztRaHGxtIyDKN/BjIXdsLLppk","privKey":"oAZo7UKogD72lruJ2Nxx0IMt8fAq0OBgESJni5Gdp3A="},"lastRemoteEphemeralKey":"BVkmERtwclRk4H2sJ4WFR/c5Cj9MWNz46HufM8dU6Bk8","previousCounter":0,"rootKey":"Fe9nK9j+LujYBUunHpLeHNOa6N8VvPCxNvE4y1IXUps="},"indexInfo":{"baseKey":"BbmY9cLndxUACB1fdqnKGDPZFl+bD/ryBC1amHmmrIV3","baseKeyType":1,"closed":-1,"used":1748566373619,"created":1748566373619,"remoteIdentityKey":"Bcgcu8Kh3WM2u9v19KQxnwYb4gzlD64wjRml3u5UHgVv"},"_chains":{"BWSG/ag/VxarxaS3CDdztRaHGxtIyDKN/BjIXdsLLppk":{"chainKey":{"counter":2,"key":"XNleHo+3DLNvQA9nW8xyMV/CEULgeEZTngD/1CVF9K8="},"chainType":1,"messageKeys":{}}},"pendingPreKey":{"signedKeyId":3,"baseKey":"BbmY9cLndxUACB1fdqnKGDPZFl+bD/ryBC1amHmmrIV3","preKeyId":4468852}}},"version":"v1"}