{"_sessions":{"BX5xaPv+/oBhz3vKhY0klTX+aRyUiPegvIwQiWYLMaIc":{"registrationId":1866486395,"currentRatchet":{"ephemeralKeyPair":{"pubKey":"BVheeICuZ6uEczLxZu1BhzVKgvy+nHInjYJYNJmJDohv","privKey":"uFW/CTRNGqiSym8YZk7Rn85C0Q69QmtotiVR+bIAtn0="},"lastRemoteEphemeralKey":"BdRSAYI0cAp8OzKGRrlMLdCvyMuwYKwMZU7REo8+kho2","previousCounter":0,"rootKey":"qGH5QUcXyYjIxFu/kDvK4wCQ33PnSq4ko23wvu5Wtok="},"indexInfo":{"baseKey":"BX5xaPv+/oBhz3vKhY0klTX+aRyUiPegvIwQiWYLMaIc","baseKeyType":1,"closed":-1,"used":1748567564273,"created":1748567564273,"remoteIdentityKey":"Bc1CH+wmmumwVtGKbCcdaeMs/R+5sDfToukrf49NAyYR"},"_chains":{"BVheeICuZ6uEczLxZu1BhzVKgvy+nHInjYJYNJmJDohv":{"chainKey":{"counter":0,"key":"rhs9jLd9NcBzhU84Ab/hDjFfNQiiFY5vlCZmMzHJtTA="},"chainType":1,"messageKeys":{}}},"pendingPreKey":{"signedKeyId":5,"baseKey":"BX5xaPv+/oBhz3vKhY0klTX+aRyUiPegvIwQiWYLMaIc","preKeyId":3079234}}},"version":"v1"}