{"_sessions":{"BYgLmdLulwk5FAuCbm7XVftbHLwB7D4RA0xylnr6AWIY":{"registrationId":857772564,"currentRatchet":{"ephemeralKeyPair":{"pubKey":"BRTT6gEvwzgsbL5wAvfIsOxlVAm22iUBnrwe4YF1gScc","privKey":"uAf9D550Pg3Bl8VE//LirLQmXLPvIgCMPysiZOSmU30="},"lastRemoteEphemeralKey":"BVplwpvC8vcPXJEB+gznCS6zoJjAYc2BmajNpHei7y9v","previousCounter":0,"rootKey":"bLWyfypJZzi5swm+5bCMorifEJc1iiWPqzogb6wUxUM="},"indexInfo":{"baseKey":"BYgLmdLulwk5FAuCbm7XVftbHLwB7D4RA0xylnr6AWIY","baseKeyType":1,"closed":-1,"used":1748566373376,"created":1748566373376,"remoteIdentityKey":"BZFgB5LsTG38A6ngMRDuCjYJZHv517Zv3rVCOsu+aIQy"},"_chains":{"BRTT6gEvwzgsbL5wAvfIsOxlVAm22iUBnrwe4YF1gScc":{"chainKey":{"counter":2,"key":"5AqD+z2MYc+3MyRSs+hr3P0AbPNrNAnf8udmUkcMo5k="},"chainType":1,"messageKeys":{}}},"pendingPreKey":{"signedKeyId":15,"baseKey":"BYgLmdLulwk5FAuCbm7XVftbHLwB7D4RA0xylnr6AWIY","preKeyId":9040465}}},"version":"v1"}