{"_sessions":{"BcNchVZjp1aCgUJZNnTnpk6a6X85isFRdwER0HE5S7cW":{"registrationId":1909003601,"currentRatchet":{"ephemeralKeyPair":{"pubKey":"BcMQeLQEzGnD79dRg5NkWtoyu3zygGy4OLlP9i9yJWYq","privKey":"WKFruHQbA8ZOYM8LNncyyjkcnxIxkQ7sISzHTcKzpFM="},"lastRemoteEphemeralKey":"BX4VI/6jVd9IpkhEObSJj8k4iuGrx2xxjpa3cm2tK/R+","previousCounter":0,"rootKey":"bXfyCqkEbos7Kq3joksNwPdo5/TvEf6qWD42uQrqUu4="},"indexInfo":{"baseKey":"BcNchVZjp1aCgUJZNnTnpk6a6X85isFRdwER0HE5S7cW","baseKeyType":1,"closed":-1,"used":1748567564458,"created":1748567564458,"remoteIdentityKey":"BT78vwL0eRqAYpgh22PaILm6IgVzIiQuEYztvg8UIpgE"},"_chains":{"BcMQeLQEzGnD79dRg5NkWtoyu3zygGy4OLlP9i9yJWYq":{"chainKey":{"counter":0,"key":"5s9EkL7YFzsTPS6mM/ARVAHvqWU8v8v65vzrSNP39I4="},"chainType":1,"messageKeys":{}}},"pendingPreKey":{"signedKeyId":8,"baseKey":"BcNchVZjp1aCgUJZNnTnpk6a6X85isFRdwER0HE5S7cW","preKeyId":8794169}}},"version":"v1"}