{"_sessions":{"BXYVkjSFY7FmNC8EvRzCjZidYIpuA6U+l2jSf9/kiwRR":{"registrationId":1246208767,"currentRatchet":{"ephemeralKeyPair":{"pubKey":"BVqt6LK7XRPEMXP5V59rmezJz8gfnbUzcZXy3Q5kkkM2","privKey":"MJ8BbAqoGjLGGeVSyLRU4UOAbkTf70rCI8he+CWpREc="},"lastRemoteEphemeralKey":"Bd6Posze2ZoZLtT50uxHLjdRa7QQYxc/6YugN9rgdyop","previousCounter":0,"rootKey":"zV5UL6UL6k0QEJEpHgnKeeIX3XDamlTF28NxVzMVdNw="},"indexInfo":{"baseKey":"BXYVkjSFY7FmNC8EvRzCjZidYIpuA6U+l2jSf9/kiwRR","baseKeyType":1,"closed":-1,"used":1748566372099,"created":1748566372099,"remoteIdentityKey":"BXKqlSCvMmjE5plw8nY9LaeIxn+I929aWOQk/B8pZpoM"},"_chains":{"BVqt6LK7XRPEMXP5V59rmezJz8gfnbUzcZXy3Q5kkkM2":{"chainKey":{"counter":2,"key":"szrz8FHMvHEUkWjA3Ow3cypIQ6U6aB3vrgs8CVBYfEU="},"chainType":1,"messageKeys":{}}},"pendingPreKey":{"signedKeyId":1,"baseKey":"BXYVkjSFY7FmNC8EvRzCjZidYIpuA6U+l2jSf9/kiwRR"}}},"version":"v1"}