{"_sessions":{"BSQHfzuvpAF7d414E2Ki3CyCriX5abJVDTquumscO1ZG":{"registrationId":1523989629,"currentRatchet":{"ephemeralKeyPair":{"pubKey":"BRmitPEuLvB2N7WY39atfwqRQuKm0YoVvXypKJIl8OpA","privKey":"IFFK0pvEYLkqhAliZ3PqbsJ6jflt0Qz9p5Ri0rpNzWQ="},"lastRemoteEphemeralKey":"BZ/DcysatBDm3AC3lsiDCaIvd81dflvXQSR5WOqHNSIR","previousCounter":0,"rootKey":"HgXAwyw2j9kZEa6uzuStxm6LO5BUQC4T/wAKxraxRZY="},"indexInfo":{"baseKey":"BSQHfzuvpAF7d414E2Ki3CyCriX5abJVDTquumscO1ZG","baseKeyType":1,"closed":-1,"used":1748566372545,"created":1748566372545,"remoteIdentityKey":"BezbjsLySZt2HTRL0W4G8enxo1XdzoqXOpRcpyOOtUBQ"},"_chains":{"BRmitPEuLvB2N7WY39atfwqRQuKm0YoVvXypKJIl8OpA":{"chainKey":{"counter":2,"key":"1gvMBeyQeuK3u6yYzZcxG38KQ8EPb7mUsAmuZxQnR1Y="},"chainType":1,"messageKeys":{}}},"pendingPreKey":{"signedKeyId":46,"baseKey":"BSQHfzuvpAF7d414E2Ki3CyCriX5abJVDTquumscO1ZG","preKeyId":10996116}}},"version":"v1"}