{"_sessions":{"BX6fpeaY/MTtRwIoX/Ca4UwelSskcDYD6vEnbbnxo+YR":{"registrationId":1054,"currentRatchet":{"ephemeralKeyPair":{"pubKey":"BUQACux44CX9sbRoPW9ewnpR1+jrB+J0szchUyyh+msM","privKey":"gNddoEPz4pWBIqgQaFIG8OD4He3UidehXrDz6XJhwko="},"lastRemoteEphemeralKey":"BUhOQBeGNRba7DsyB2jjTvTBQz8EWuJLx/YNbZqjb00u","previousCounter":0,"rootKey":"u+qIS51BDOUuu6L8gu9KDamdfcPAuXTUYbY5ZQ9Dcqo="},"indexInfo":{"baseKey":"BX6fpeaY/MTtRwIoX/Ca4UwelSskcDYD6vEnbbnxo+YR","baseKeyType":1,"closed":-1,"used":1748566371342,"created":1748566371342,"remoteIdentityKey":"BY8ZH6ogyM7lXav0sCYDuk5jXzE1W1gbkKErRsdqaiks"},"_chains":{"BUQACux44CX9sbRoPW9ewnpR1+jrB+J0szchUyyh+msM":{"chainKey":{"counter":2,"key":"mjHTMAjGkeJYgZA18rZznlxSviAMOfRx+nJ28H7qNUg="},"chainType":1,"messageKeys":{}}},"pendingPreKey":{"signedKeyId":1,"baseKey":"BX6fpeaY/MTtRwIoX/Ca4UwelSskcDYD6vEnbbnxo+YR"}}},"version":"v1"}