{"_sessions":{"BcbiInysdQ7VJQNP+hG1Pwtw+zDunGnIQm+K36cNJs8Y":{"registrationId":129,"currentRatchet":{"ephemeralKeyPair":{"pubKey":"BZYfyBkhyIZWyRBbfD8kKKeZqDnI8XVVTYGdrl2MWdAQ","privKey":"2Giwq1j/gnHH80CZ9frYuDhgnDhKxl4pmiumugSoV1M="},"lastRemoteEphemeralKey":"Ba+8sdgwStnKhsLm9e5+jFzyMfCgb7ePEYvtLC41LG1e","previousCounter":0,"rootKey":"IpgU9hwuGlsvv75eexs7NlZvFeJKBdTTdurUIFnxyVA="},"indexInfo":{"baseKey":"BcbiInysdQ7VJQNP+hG1Pwtw+zDunGnIQm+K36cNJs8Y","baseKeyType":1,"closed":-1,"used":1748566372039,"created":1748566372039,"remoteIdentityKey":"BVwh2uS9I2/gU2FQ/zhEDkv87hSm5iRRvuwWptc8pPAD"},"_chains":{"BZYfyBkhyIZWyRBbfD8kKKeZqDnI8XVVTYGdrl2MWdAQ":{"chainKey":{"counter":2,"key":"dxlcSuHMsMVkxj7fNaRbrgAlBrAr99eAV+K/VGWv26U="},"chainType":1,"messageKeys":{}}},"pendingPreKey":{"signedKeyId":1,"baseKey":"BcbiInysdQ7VJQNP+hG1Pwtw+zDunGnIQm+K36cNJs8Y","preKeyId":268}}},"version":"v1"}