{"_sessions":{"BaQLqO3473zmXP3gqDaH5BaPmwIvjdruRotHxXjB5+c+":{"registrationId":931419093,"currentRatchet":{"ephemeralKeyPair":{"pubKey":"BQmBjqP+AAoIc7A0H+vVccjdLVWB5fZuojop8irLShwm","privKey":"UI/LQWXmED8dEPWojR4buu4wzyhaRY56iEEl6RtBMWs="},"lastRemoteEphemeralKey":"BRmiwKYFwmMobU7x9+wByDt0yb7VclnjLpyZ3cLCnR5K","previousCounter":0,"rootKey":"ZO7RIltF2vb4yNX+DVgww6vn6vRil62QbhzK7FdKBws="},"indexInfo":{"baseKey":"BaQLqO3473zmXP3gqDaH5BaPmwIvjdruRotHxXjB5+c+","baseKeyType":1,"closed":-1,"used":1748566372639,"created":1748566372639,"remoteIdentityKey":"BdF1OTgfc6u5jLNk5g5VaMH5oZzG8F3UzkFT+hScHZ5q"},"_chains":{"BQmBjqP+AAoIc7A0H+vVccjdLVWB5fZuojop8irLShwm":{"chainKey":{"counter":2,"key":"o8SNgd74CGsARVJyosM65WO4D0+mQblG04BeC5BgssY="},"chainType":1,"messageKeys":{}}},"pendingPreKey":{"signedKeyId":1,"baseKey":"BaQLqO3473zmXP3gqDaH5BaPmwIvjdruRotHxXjB5+c+","preKeyId":8254626}}},"version":"v1"}