{"_sessions":{"BRNkvL9yFCtJCseju3sne8oftH7V6yI/sPSul5qllRgS":{"registrationId":1073183951,"currentRatchet":{"ephemeralKeyPair":{"pubKey":"BVqplwwCPAAqvaractaQ9hnnXhrmBJVHDPyNjXTwJmkV","privKey":"WL89Ee2ZnmuASmHnAO92kjfwPUe8IcVMe/i72iC3i28="},"lastRemoteEphemeralKey":"BQ32hgwgVPDxSOLMDtlm44MDzYRFiknf0kxyTVkdTnEv","previousCounter":0,"rootKey":"5Rev/Vtb/r9Ht19XuwML3KZ8odR1bcQj/IuIX2/boTE="},"indexInfo":{"baseKey":"BRNkvL9yFCtJCseju3sne8oftH7V6yI/sPSul5qllRgS","baseKeyType":1,"closed":-1,"used":1748566373126,"created":1748566373126,"remoteIdentityKey":"BdrvZDkNXpZ9H1G5hU7rES3UQc40lFhjvYoR5GCQkOBR"},"_chains":{"BVqplwwCPAAqvaractaQ9hnnXhrmBJVHDPyNjXTwJmkV":{"chainKey":{"counter":2,"key":"GH1Jsy56Z/mE3XdXuBhheFNJ4yc+lWkuF74EGPoLFOk="},"chainType":1,"messageKeys":{}}},"pendingPreKey":{"signedKeyId":8,"baseKey":"BRNkvL9yFCtJCseju3sne8oftH7V6yI/sPSul5qllRgS","preKeyId":7101975}}},"version":"v1"}