{"_sessions":{"BdOLBpYa8xhClkU7b1Nq3skJnGPze3mi4DVpR2VZJUwW":{"registrationId":537874018,"currentRatchet":{"ephemeralKeyPair":{"pubKey":"Be60BtbMfZEDWMFpteYYhcq67j5NlTFUKbqaQCFVPN18","privKey":"0LYHT1J65uakvrlN18J3L1c43pxsPzVCQYY5FOTednQ="},"lastRemoteEphemeralKey":"Bf/zN7YKkuDaMGjgcww6rUgn+p6lwXFv/dsVsUi6Cjgq","previousCounter":0,"rootKey":"dSXhII/jaV8I8OPtzZsqKSHFJJkwQ8ULs8v/0SKjfDU="},"indexInfo":{"baseKey":"BdOLBpYa8xhClkU7b1Nq3skJnGPze3mi4DVpR2VZJUwW","baseKeyType":1,"closed":-1,"used":1748567564616,"created":1748567564616,"remoteIdentityKey":"BaA/gf6j3wd7cQSnUxSxZ4WekqaOWC0rfnZ4kX2Bjzgx"},"_chains":{"Be60BtbMfZEDWMFpteYYhcq67j5NlTFUKbqaQCFVPN18":{"chainKey":{"counter":0,"key":"EGv4PuNWRXWb0RZ9IYmun5elqsvMoivdQEnoFfUjR4Y="},"chainType":1,"messageKeys":{}}},"pendingPreKey":{"signedKeyId":5,"baseKey":"BdOLBpYa8xhClkU7b1Nq3skJnGPze3mi4DVpR2VZJUwW"}}},"version":"v1"}