{"_sessions":{"BX3u+/MkKTM8rXoqvmvIjRKOnvUeGDLCMpFAPI0uMsIj":{"registrationId":1021860949,"currentRatchet":{"ephemeralKeyPair":{"pubKey":"Beoz8DDEBbYckA8cBFa1mYxLwM+rv+9hW0DgyQfoTIMM","privKey":"WCIZyVaJJ8hQeqsu+VOl+4LWP9+mOtPpbemmEt4FSX0="},"lastRemoteEphemeralKey":"BWkVgx7t6mnBJFT/+0+Nmsl6yQbb0+YGBCXC8iqYMOBP","previousCounter":0,"rootKey":"kwKppJrH4fi8hXF2XGWTOxZ4yIRdydJqCYAF8YnO4oI="},"indexInfo":{"baseKey":"BX3u+/MkKTM8rXoqvmvIjRKOnvUeGDLCMpFAPI0uMsIj","baseKeyType":1,"closed":-1,"used":1748566371901,"created":1748566371901,"remoteIdentityKey":"BZNTQKldwFXtyldoWoL0LiV3U/MT5xUbOOMop/qN4GoY"},"_chains":{"Beoz8DDEBbYckA8cBFa1mYxLwM+rv+9hW0DgyQfoTIMM":{"chainKey":{"counter":2,"key":"k7gxpp+Srb7CxTcywVSFBuye3yQSrj6O3u6BUMsEiEc="},"chainType":1,"messageKeys":{}}},"pendingPreKey":{"signedKeyId":0,"baseKey":"BX3u+/MkKTM8rXoqvmvIjRKOnvUeGDLCMpFAPI0uMsIj","preKeyId":6713444}}},"version":"v1"}