{"_sessions":{"BXeOnPzlLNFr2rju9Skjwj5zZrbClzO0YmJN6OJhT49H":{"registrationId":1654324527,"currentRatchet":{"ephemeralKeyPair":{"pubKey":"BcHC+j4esJbTo2cWabrd1CUU+7gmNFEdopzNjfh4ladT","privKey":"4CqTIkF9DL9YkRa7HRYcH1OqPW7FMCqce5QvO4dlFm0="},"lastRemoteEphemeralKey":"BSM80SWo6OZVDc+SQ7Dz1tSdd3Qhdvkqau+v5Eyo01Ec","previousCounter":0,"rootKey":"oqWTU3KBnP84GjGEKbHe7zJhwdmMvY3Xh+KIcMvcedA="},"indexInfo":{"baseKey":"BXeOnPzlLNFr2rju9Skjwj5zZrbClzO0YmJN6OJhT49H","baseKeyType":1,"closed":-1,"used":1748567564655,"created":1748567564655,"remoteIdentityKey":"BYNqkVVsmF+KU6vU4/SE9OnZYKyRSZcttlgcpltttvAk"},"_chains":{"BcHC+j4esJbTo2cWabrd1CUU+7gmNFEdopzNjfh4ladT":{"chainKey":{"counter":0,"key":"vSF9wcuMkDJCgjY3/mdaZX0hMV8ZANT5wmf/6TczdyQ="},"chainType":1,"messageKeys":{}}},"pendingPreKey":{"signedKeyId":3714450,"baseKey":"BXeOnPzlLNFr2rju9Skjwj5zZrbClzO0YmJN6OJhT49H"}}},"version":"v1"}