{"_sessions":{"BYaOVTlBgued325cD8NuBquIcoJnwBc7ogFCCDhZh9Y4":{"registrationId":1847989764,"currentRatchet":{"ephemeralKeyPair":{"pubKey":"BbNLdaMDaBSibHXu9mjRJt6K3Jxdm1F6RlazhAChovoN","privKey":"QMbRFN3Qtz62ImFPt9VySe3sEOZ/0hhzQ0abv+wFyEo="},"lastRemoteEphemeralKey":"BbG0BPX8Hd+7BgWBUr1hoTRzipUJdc8wXCsHcABJZ2AF","previousCounter":0,"rootKey":"YroFfG/HqZkYc/+nhSrLWfmGoDOaSb4z36BlYSOLD6w="},"indexInfo":{"baseKey":"BYaOVTlBgued325cD8NuBquIcoJnwBc7ogFCCDhZh9Y4","baseKeyType":1,"closed":-1,"used":1748566372871,"created":1748566372871,"remoteIdentityKey":"BXWR0d7BuQUI9vc+uHYNLIpFZTiiO+lXrdMgHRG2PNRf"},"_chains":{"BbNLdaMDaBSibHXu9mjRJt6K3Jxdm1F6RlazhAChovoN":{"chainKey":{"counter":2,"key":"w7g2DDF2obTQSX1ND1M1m1+hYH05i/mOTfhS30PUt2A="},"chainType":1,"messageKeys":{}}},"pendingPreKey":{"signedKeyId":3,"baseKey":"BYaOVTlBgued325cD8NuBquIcoJnwBc7ogFCCDhZh9Y4","preKeyId":13573283}}},"version":"v1"}