{"_sessions":{"BQOmHC4CPkc2Ca0OBmR5HNR3ip5Z9bB5k3LqZe/VVJcO":{"registrationId":1827906489,"currentRatchet":{"ephemeralKeyPair":{"pubKey":"BfRFfCodgtm5JHKV4JhiPXxChxS68VnFRAqbJiKOQ4gh","privKey":"KDeL8sSvW5ZAWcuOu3Np1I/C7odeY391s0JN45OL00M="},"lastRemoteEphemeralKey":"BZdcUwT5mOkSysyfOdXS1M4P8PFzNXHLmXpGSB1a+1UD","previousCounter":0,"rootKey":"2cP3Na5VN8GjtfqM46MQUAlsznrG0h1S0Ka04biutRY="},"indexInfo":{"baseKey":"BQOmHC4CPkc2Ca0OBmR5HNR3ip5Z9bB5k3LqZe/VVJcO","baseKeyType":1,"closed":-1,"used":1748566373277,"created":1748566373277,"remoteIdentityKey":"Bat99gP9yDlWAII86Ofz3IZQvL8dtj1piIKG8/k062l2"},"_chains":{"BfRFfCodgtm5JHKV4JhiPXxChxS68VnFRAqbJiKOQ4gh":{"chainKey":{"counter":2,"key":"OLH01/pNKCCw9tB3Y4ADIoD98MoZ7apfAXihtTOehxw="},"chainType":1,"messageKeys":{}}},"pendingPreKey":{"signedKeyId":4,"baseKey":"BQOmHC4CPkc2Ca0OBmR5HNR3ip5Z9bB5k3LqZe/VVJcO","preKeyId":2862488}}},"version":"v1"}