{"_sessions":{"BZef+b/Gg0h3gGfPfKaZVvOVD9KUyHXub4r0/NDRttM2":{"registrationId":240515896,"currentRatchet":{"ephemeralKeyPair":{"pubKey":"Bc2bqThu/KHbXMw9RSg2rcT3VgMQyM/zQGC1ZYEIPZ5N","privKey":"ACrmjHrDJyK42K0LtVZeeJHNq5lPu2f+OyaQoTqIo3o="},"lastRemoteEphemeralKey":"BSJDSRJVr+eVXOptj449FYil6e6+2cToe4AgNU2X25ct","previousCounter":0,"rootKey":"/pKHCMo0QBUtNaOudbG+NHTGS4iJOAQRxZQgyxYtVHQ="},"indexInfo":{"baseKey":"BZef+b/Gg0h3gGfPfKaZVvOVD9KUyHXub4r0/NDRttM2","baseKeyType":1,"closed":-1,"used":1748566373431,"created":1748566373431,"remoteIdentityKey":"Be3Z4ZjBCsFdQu4ieOv2aJDqwyPhQPlDwcqD9uIRr9o3"},"_chains":{"Bc2bqThu/KHbXMw9RSg2rcT3VgMQyM/zQGC1ZYEIPZ5N":{"chainKey":{"counter":2,"key":"s3QQzu2By0he9MW7z5okeQbS4htKcyZx4JBUg3N818k="},"chainType":1,"messageKeys":{}}},"pendingPreKey":{"signedKeyId":14686726,"baseKey":"BZef+b/Gg0h3gGfPfKaZVvOVD9KUyHXub4r0/NDRttM2","preKeyId":3835}}},"version":"v1"}