{"_sessions":{"BSzVbBDeUMRfd78Yt1umTJlkyg6MH9G7Fo5G8O65fQ0b":{"registrationId":2141069629,"currentRatchet":{"ephemeralKeyPair":{"pubKey":"BcFb62bI3JjkC+b+Ifpc+BvvhPmRBu2hA/nR+KiFZrpu","privKey":"IJCWghhliHsQbZPKg+RXyjMblqOmS+pbdMK+KW7WEGg="},"lastRemoteEphemeralKey":"BdY4SBoMopurJzXSPP6tzDXFpuu/hQLEPSXk4lvim9tt","previousCounter":0,"rootKey":"zS0Lj8I77QH5Ju5Q5tQ1EBnQm3tj+i83FzXtOX5sx58="},"indexInfo":{"baseKey":"BSzVbBDeUMRfd78Yt1umTJlkyg6MH9G7Fo5G8O65fQ0b","baseKeyType":1,"closed":-1,"used":1748567564570,"created":1748567564570,"remoteIdentityKey":"BTGgcPiK6CTpg6Zi3E6QoNwfRNixIy6KZ6sxr0JYRyBY"},"_chains":{"BcFb62bI3JjkC+b+Ifpc+BvvhPmRBu2hA/nR+KiFZrpu":{"chainKey":{"counter":0,"key":"eMDgKKcRq1gpVfd5FV4jPiiOSCT6/Et/h7W8GEVPb54="},"chainType":1,"messageKeys":{}}},"pendingPreKey":{"signedKeyId":10,"baseKey":"BSzVbBDeUMRfd78Yt1umTJlkyg6MH9G7Fo5G8O65fQ0b","preKeyId":15408231}}},"version":"v1"}