{"_sessions":{"BdnZ4ctOSsxabaZQ8JlLOQFyQOSRcsxnSCpx+FsvRBZS":{"registrationId":1624158612,"currentRatchet":{"ephemeralKeyPair":{"pubKey":"BY5DZI0XBeHnJeBx8NzKyD1cx1moneUqhk2yFqyUhfgh","privKey":"wPYfWaMvmfFCnj+GJbne8Wg7gQvpEAEMU0/vfhf9U2c="},"lastRemoteEphemeralKey":"BVNSKZKuKZ2HqG3xDsXJ+Knq9/m5vIdHW6fALXAKOfIv","previousCounter":0,"rootKey":"SRLILqkb55DYsGzjdo2FoKpm19D4KuFMZwAH2C1+ePg="},"indexInfo":{"baseKey":"BdnZ4ctOSsxabaZQ8JlLOQFyQOSRcsxnSCpx+FsvRBZS","baseKeyType":1,"closed":-1,"used":1748566373362,"created":1748566373362,"remoteIdentityKey":"BcZpsmVLeAZi0xwpFyf20+JhMtZ34aWB+TF9M5RRbYlN"},"_chains":{"BY5DZI0XBeHnJeBx8NzKyD1cx1moneUqhk2yFqyUhfgh":{"chainKey":{"counter":2,"key":"96GRWiVSotL2ZmrskJuf3gNP6Itn+/3LUtWBDuqKuwM="},"chainType":1,"messageKeys":{}}},"pendingPreKey":{"signedKeyId":0,"baseKey":"BdnZ4ctOSsxabaZQ8JlLOQFyQOSRcsxnSCpx+FsvRBZS","preKeyId":15958395}}},"version":"v1"}