{"_sessions":{"BbQcsAIHszxVD5/o5F/+9gwQSxIHrcvyJyA32Au9GlEq":{"registrationId":1693256431,"currentRatchet":{"ephemeralKeyPair":{"pubKey":"BSGkWvxktZDOsoGNwD3wySxPmx6fOAObRmHIxjzBypk2","privKey":"2JIJL3/CyUMkJOjT9CJ+QIazUiE7dSlKOCDy9PFe1W8="},"lastRemoteEphemeralKey":"BeBwpQY5QE4TIuQaNrhC6YIFXQj46Fh2yIUQlhJwdwUN","previousCounter":0,"rootKey":"S6zZjW/7rRxHWDm32WFWx/wTH6eXkfDatHgXlgPhwoo="},"indexInfo":{"baseKey":"BbQcsAIHszxVD5/o5F/+9gwQSxIHrcvyJyA32Au9GlEq","baseKeyType":1,"closed":-1,"used":1748566372240,"created":1748566372240,"remoteIdentityKey":"BZtGiYKLTak0un4RnRoh5Ep3v80uheBbVBxa/OapPcoE"},"_chains":{"BSGkWvxktZDOsoGNwD3wySxPmx6fOAObRmHIxjzBypk2":{"chainKey":{"counter":2,"key":"MSKClZbhmeRR2PDx5+hpNb3RGFkrweatRWAxrnaaHTM="},"chainType":1,"messageKeys":{}}},"pendingPreKey":{"signedKeyId":17,"baseKey":"BbQcsAIHszxVD5/o5F/+9gwQSxIHrcvyJyA32Au9GlEq","preKeyId":8468082}}},"version":"v1"}