{"_sessions":{"BaKKueEsmFHftR/ZPsT+0T1DWj36IsauxDXC9NaNMb9l":{"registrationId":1731276402,"currentRatchet":{"ephemeralKeyPair":{"pubKey":"BSfzuBeKMUOgkFDbAT7/MyxcBQdYDX29EPh4QaZGH6M4","privKey":"WOVcXtk+a/gC+y4OgGqkkBME6lsyCupbh8YGHom4UEU="},"lastRemoteEphemeralKey":"BQAgYfkfvcsBc/695m4nKgcqCzMXZnavIbKZ4O5Fa7RB","previousCounter":0,"rootKey":"BDmp073eQxLOIYRt079YgwaWNYpMpCJiuGqod079/fs="},"indexInfo":{"baseKey":"BaKKueEsmFHftR/ZPsT+0T1DWj36IsauxDXC9NaNMb9l","baseKeyType":1,"closed":-1,"used":1748566372729,"created":1748566372729,"remoteIdentityKey":"BWbHola0VOlRTa+4vUPSD2GLlpLv1TnO7hINxtkLwW8e"},"_chains":{"BSfzuBeKMUOgkFDbAT7/MyxcBQdYDX29EPh4QaZGH6M4":{"chainKey":{"counter":2,"key":"QJZfyR4bIQTlQZTDiH3TQMXhnTiMPM7P4Am69ZyroYg="},"chainType":1,"messageKeys":{}}},"pendingPreKey":{"signedKeyId":5,"baseKey":"BaKKueEsmFHftR/ZPsT+0T1DWj36IsauxDXC9NaNMb9l","preKeyId":12894312}}},"version":"v1"}