{"_sessions":{"BZ8gQsUobRkBI18YQtPl1AcHaBtT6TDX0mpEhVt6TD5V":{"registrationId":1291796697,"currentRatchet":{"ephemeralKeyPair":{"pubKey":"BcGnMfWoLb7jWxiIrMEQtbgywDTrakTglXGifpHK6uML","privKey":"uJpOhvfdeNSgSHdAiJOGM+4jwE8GQm+YLPUWmBcdwUc="},"lastRemoteEphemeralKey":"Ba8pJOdnUEJ34RPPHxWfEIyiPuPgBSSHiWtzNJn6UkAb","previousCounter":0,"rootKey":"X+sPPI7wRl/EHpmPq+CglikfgVj61bMgridw4z8ohqQ="},"indexInfo":{"baseKey":"BZ8gQsUobRkBI18YQtPl1AcHaBtT6TDX0mpEhVt6TD5V","baseKeyType":2,"closed":-1,"used":1748566446697,"created":1748566316515,"remoteIdentityKey":"Ba+1NUr6AvvukFlQ9MAHhRTx9hhY5WquwDAKh2BIDg1G"},"_chains":{"BXZ2GEZO6QclVQs5dGTMb5bPsD70GCKITNUF5Tep9dA+":{"chainKey":{"counter":0},"chainType":2,"messageKeys":{}},"Ba8pJOdnUEJ34RPPHxWfEIyiPuPgBSSHiWtzNJn6UkAb":{"chainKey":{"counter":0,"key":"gOO7SVVsWmzPijBPIKrbOLP1T5/SmQRyQdmYNAgYeCc="},"chainType":2,"messageKeys":{}},"BcGnMfWoLb7jWxiIrMEQtbgywDTrakTglXGifpHK6uML":{"chainKey":{"counter":1,"key":"4V4g0oIccpp/5bs72V6o1UHUenfakEg5pQ9we431Hq4="},"chainType":1,"messageKeys":{}}}}},"version":"v1"}