{"_sessions":{"BQe6cuG3EZ08vARt7XrUAtqlZ7jWI+Gt2UbyVw2pgSIP":{"registrationId":456449329,"currentRatchet":{"ephemeralKeyPair":{"pubKey":"BcFMsO5WXCVMJ1pOexAHgk35HOUu6Wy3WurTmIxyN3Ee","privKey":"+H9JE3mFk58wXcm0Go8cxPz4lGOdT7Mvxe0ztmbMWFU="},"lastRemoteEphemeralKey":"BXyfSPFlSttP01kixtF962372uomdEC+aVUy5xXc+j84","previousCounter":0,"rootKey":"V6XvudfId4dIV+BipRYhgeHIKFK0fmZmQoAunAjFXcE="},"indexInfo":{"baseKey":"BQe6cuG3EZ08vARt7XrUAtqlZ7jWI+Gt2UbyVw2pgSIP","baseKeyType":1,"closed":-1,"used":1748567564128,"created":1748567564128,"remoteIdentityKey":"BXpL/reTWojSuIks8dr82srp2SOBIY8Jx4PfkphNyc5Q"},"_chains":{"BcFMsO5WXCVMJ1pOexAHgk35HOUu6Wy3WurTmIxyN3Ee":{"chainKey":{"counter":0,"key":"G1wcnkd92HBlEhGbOB18newZtjDJc+z8A0pNnlWPfKY="},"chainType":1,"messageKeys":{}}},"pendingPreKey":{"signedKeyId":0,"baseKey":"BQe6cuG3EZ08vARt7XrUAtqlZ7jWI+Gt2UbyVw2pgSIP","preKeyId":5349625}}},"version":"v1"}