{"_sessions":{"BfT3k8lmTG9kASubzTuidh9PwLaFj17E8DwIehIlOkwP":{"registrationId":1548870232,"currentRatchet":{"ephemeralKeyPair":{"pubKey":"BfxUud0Kj/jrFv+x9mJSNOZB/3KRLv/xQUMd0uopxIh5","privKey":"UHd0lvt8SMeUMDk8117yO7pgrtWjI0N3gKkyd9pp6mU="},"lastRemoteEphemeralKey":"BQ6apsUCZEzrV/z5kjOjurvNnsPryndJHZBTOqo8Jt9U","previousCounter":0,"rootKey":"L2kC0gbVirsYCcpJVABvJDR4ClQAqnRTwLpro+7IUmg="},"indexInfo":{"baseKey":"BfT3k8lmTG9kASubzTuidh9PwLaFj17E8DwIehIlOkwP","baseKeyType":1,"closed":-1,"used":1748567564339,"created":1748567564339,"remoteIdentityKey":"BUYTppz0CIq8M7srsEE5JhbO5fcODUu8vCd7rCD4pCA+"},"_chains":{"BfxUud0Kj/jrFv+x9mJSNOZB/3KRLv/xQUMd0uopxIh5":{"chainKey":{"counter":0,"key":"4IA3Qa5RgYnEUuo8x+vrjS2OhPnJVwN54nhs+5LsPJc="},"chainType":1,"messageKeys":{}}},"pendingPreKey":{"signedKeyId":31,"baseKey":"BfT3k8lmTG9kASubzTuidh9PwLaFj17E8DwIehIlOkwP","preKeyId":11390751}}},"version":"v1"}