{"_sessions":{"BaoIqf5itRR0JBxKnmcXb1Bs3KE0BDHWS9SHeR+e4mZY":{"registrationId":285062458,"currentRatchet":{"ephemeralKeyPair":{"pubKey":"Bbtdo0BoSG/1PF4p2PYJFRtHg3acLk6zn3d+2ZEQfFwu","privKey":"EDkuZ92UCIA5zoT64pDQGrtNdOUrSpY+g0D4y2cZ1Uo="},"lastRemoteEphemeralKey":"BcSmc5tLTvKtAh6TEOqNLg3Ac6/Z0uCjOwCNFvbjb2Bv","previousCounter":0,"rootKey":"VvAdF9YcYeuXj+uyvjIt56aZsFj3ScV6CqusU0hyr/w="},"indexInfo":{"baseKey":"BaoIqf5itRR0JBxKnmcXb1Bs3KE0BDHWS9SHeR+e4mZY","baseKeyType":1,"closed":-1,"used":1748567564118,"created":1748567564118,"remoteIdentityKey":"BcX8e6MLIXaGVnCS3yZ0jhwQ/mpPl/6BUQUvKQ9GvYJm"},"_chains":{"Bbtdo0BoSG/1PF4p2PYJFRtHg3acLk6zn3d+2ZEQfFwu":{"chainKey":{"counter":0,"key":"/oSK/RcIedSP/BWk5+5z0oeMzaA3eIjyJxKjaB+m3PI="},"chainType":1,"messageKeys":{}}},"pendingPreKey":{"signedKeyId":1,"baseKey":"BaoIqf5itRR0JBxKnmcXb1Bs3KE0BDHWS9SHeR+e4mZY"}}},"version":"v1"}