{"_sessions":{"BXfsC9JT6vS+EewF5Lj0U/0DAzDz3hlC4UPrKURi+rAb":{"registrationId":1500,"currentRatchet":{"ephemeralKeyPair":{"pubKey":"Bbh3Hj9B2F1mfEvZ8kW1ipAlg06cATTo6j8i98c5Lrwu","privKey":"CB4EY5LpYksI2vLaCKXafKLS59HaSStlpqHBM52lJGw="},"lastRemoteEphemeralKey":"Bdo+Iijb4emnMowgntxPrvXQNG5JBgAPheN/pp0R6RBj","previousCounter":0,"rootKey":"ctOYJsoR4qv8XY9+bv/SD2PXmrA0M72lA/oiRkqSZsU="},"indexInfo":{"baseKey":"BXfsC9JT6vS+EewF5Lj0U/0DAzDz3hlC4UPrKURi+rAb","baseKeyType":1,"closed":-1,"used":1748566371363,"created":1748566371363,"remoteIdentityKey":"BVAPAEYYTCudS+O8/UGTU26iDlCvZC23BAxVZpf6+fpM"},"_chains":{"Bbh3Hj9B2F1mfEvZ8kW1ipAlg06cATTo6j8i98c5Lrwu":{"chainKey":{"counter":2,"key":"fNgwfNrMNssx9Uucga7/3eJvnS/21f0iLX5t5vlAVb4="},"chainType":1,"messageKeys":{}}},"pendingPreKey":{"signedKeyId":1,"baseKey":"BXfsC9JT6vS+EewF5Lj0U/0DAzDz3hlC4UPrKURi+rAb"}}},"version":"v1"}