{"_sessions":{"BfuEkPpq40DmC5HL21+yZsifLE0A7HEKnBPEyadoFFgO":{"registrationId":1246582934,"currentRatchet":{"ephemeralKeyPair":{"pubKey":"Bd9mY0mJoxmZnPKsPmzRA9DBKUeSYw3L8loKxBz4pS1B","privKey":"6AyiLQsFRhNFOw+obfpQ2mYlmghouNxWat4WvjKp5kw="},"lastRemoteEphemeralKey":"BTelfidoigXhmcq1UlTUnSs4lHZu9EW+2GBhlmbLA5Nb","previousCounter":0,"rootKey":"+4GpVsthCkVcFsnCnIovdynlxi0u1sFUNAgjVU9/ZDQ="},"indexInfo":{"baseKey":"BfuEkPpq40DmC5HL21+yZsifLE0A7HEKnBPEyadoFFgO","baseKeyType":1,"closed":-1,"used":1748567564477,"created":1748567564477,"remoteIdentityKey":"BRcwsRjrkH9uIahEZhj8NCySbNn34ROP26wWRb1kB0Nh"},"_chains":{"Bd9mY0mJoxmZnPKsPmzRA9DBKUeSYw3L8loKxBz4pS1B":{"chainKey":{"counter":0,"key":"kLXsFIsh7nEqIEsC2uqnBjnEQBekGLvXiL+nTKbWGWk="},"chainType":1,"messageKeys":{}}},"pendingPreKey":{"signedKeyId":1,"baseKey":"BfuEkPpq40DmC5HL21+yZsifLE0A7HEKnBPEyadoFFgO","preKeyId":1152010}}},"version":"v1"}