{"_sessions":{"BUUKPrABv9xl/L1/9xYzbteB/rLaAf+ub/+shweRqclz":{"registrationId":302482513,"currentRatchet":{"ephemeralKeyPair":{"pubKey":"BZ6j3DxwxtHg537mVsb6ykXAieWkqQwpoTLyEts+3YE5","privKey":"2FgeBPCFCzgWLXC9SfDjCwIy2Ylc8tJh8VNW9o/BL2c="},"lastRemoteEphemeralKey":"BQ9++QRxLfpCho9rEJVWhHYNFlx4IUBem6WybLL7XkFE","previousCounter":0,"rootKey":"vfvTqJb5d5vNX8ZxmlRI6A+bA55ZQh77WvPEG/fuh6c="},"indexInfo":{"baseKey":"BUUKPrABv9xl/L1/9xYzbteB/rLaAf+ub/+shweRqclz","baseKeyType":1,"closed":-1,"used":1748567564079,"created":1748567564079,"remoteIdentityKey":"BZ9U7JccMuo+VkR2wcpl3K4k5GgKMtO9K5orGCaKz4wa"},"_chains":{"BZ6j3DxwxtHg537mVsb6ykXAieWkqQwpoTLyEts+3YE5":{"chainKey":{"counter":0,"key":"yTqhCj+vJPA38Bi5aCuN/iDe2WbnMJ6sQj+YZHs+JvU="},"chainType":1,"messageKeys":{}}},"pendingPreKey":{"signedKeyId":1,"baseKey":"BUUKPrABv9xl/L1/9xYzbteB/rLaAf+ub/+shweRqclz"}}},"version":"v1"}