{"_sessions":{"BaminwnfkPrd+6ozlQj9rmy9TxvuEdL8ieBsCsIt/Vlu":{"registrationId":52005321,"currentRatchet":{"ephemeralKeyPair":{"pubKey":"BUvp7Jp4rMpUeVksgq1Z3bj5XPV+0/zEwcErf2SIPTZB","privKey":"2LDibZEOYGuh5vFtg8eAsfaJEOTxe5GDmrFCs01AiV4="},"lastRemoteEphemeralKey":"BW9P5hCLIBMm/V0dZ+/3LpWiOJxP7kexARv+KV5WMtk3","previousCounter":0,"rootKey":"dXqr/pm57TIfcGcc9C4aHKC4uHuEvI5bfYeIu3O8Li0="},"indexInfo":{"baseKey":"BaminwnfkPrd+6ozlQj9rmy9TxvuEdL8ieBsCsIt/Vlu","baseKeyType":1,"closed":-1,"used":1748566372457,"created":1748566372457,"remoteIdentityKey":"BUB++bwjl6QsAevLJuSD8WjbExYqHC1xSPKuv5rZA2RB"},"_chains":{"BUvp7Jp4rMpUeVksgq1Z3bj5XPV+0/zEwcErf2SIPTZB":{"chainKey":{"counter":3,"key":"mZh1N3laUiUf9BiBP4ynk2fq5NbmUgBk3XYTChPr3aA="},"chainType":1,"messageKeys":{}}},"pendingPreKey":{"signedKeyId":8,"baseKey":"BaminwnfkPrd+6ozlQj9rmy9TxvuEdL8ieBsCsIt/Vlu","preKeyId":11266478}}},"version":"v1"}