{"_sessions":{"BYHbOmkdzjvcLr5PQgM8CnJShuK1mUVvGmdEZsm2flF9":{"registrationId":2030967159,"currentRatchet":{"ephemeralKeyPair":{"pubKey":"BXrQp0A/icqWQ8rosV+PIN5CXHgrJHQQq1D0mU8u1BAO","privKey":"+GO6CRbnEM9FRD2xRqf/LzrfgvhzdqPwQW2iwkgX4Xk="},"lastRemoteEphemeralKey":"BW3hBq0x2ysCwgz7yUVxB43F1jxS3aDXQIOeIOblRFpZ","previousCounter":0,"rootKey":"Z8jpgltTfBMbvEbXq72sFDEjSQ0qNJ4weEWctTUpU4Q="},"indexInfo":{"baseKey":"BYHbOmkdzjvcLr5PQgM8CnJShuK1mUVvGmdEZsm2flF9","baseKeyType":1,"closed":-1,"used":1748566373205,"created":1748566373205,"remoteIdentityKey":"Bcnkeqn4SNRLVjVrGFVi3zx3OsHtibpkZlrZ8mPhXHF9"},"_chains":{"BXrQp0A/icqWQ8rosV+PIN5CXHgrJHQQq1D0mU8u1BAO":{"chainKey":{"counter":2,"key":"LOdbOOXeNdg0WzXn2frrpAZgkRX8tBMacNuXfKOFpWU="},"chainType":1,"messageKeys":{}}},"pendingPreKey":{"signedKeyId":4,"baseKey":"BYHbOmkdzjvcLr5PQgM8CnJShuK1mUVvGmdEZsm2flF9"}}},"version":"v1"}