{"_sessions":{"BY7gBGp8penAZun+i/huXN5JLCVpEpl5+v25RJOC9CFZ":{"registrationId":1949169179,"currentRatchet":{"ephemeralKeyPair":{"pubKey":"BSSsWeMyUAP8+bSi+ZlyCuC6c+WJaqcO40fPqx/wGdsx","privKey":"iODB0wsvS+556AmSuF2F5/GIJ6qKegJ6BCaIwBMDrGo="},"lastRemoteEphemeralKey":"BQ5huG8D7Sdi/pFIBjMxGAfEFT2joH5oyMCVzKB0XAoY","previousCounter":0,"rootKey":"L/ptBWA4VqkFrVjV12t9LA9+p8AfqbiVVWdcGXUGryU="},"indexInfo":{"baseKey":"BY7gBGp8penAZun+i/huXN5JLCVpEpl5+v25RJOC9CFZ","baseKeyType":1,"closed":-1,"used":1748567564611,"created":1748567564611,"remoteIdentityKey":"BYNUNYSIUDbmCHAZiVsTjLBfyDpOW90ZOMy6atBE88Fu"},"_chains":{"BSSsWeMyUAP8+bSi+ZlyCuC6c+WJaqcO40fPqx/wGdsx":{"chainKey":{"counter":0,"key":"2RWLofStzEOckmdV5NOfNPxgGM5Q02aDyc2fJQCHtgU="},"chainType":1,"messageKeys":{}}},"pendingPreKey":{"signedKeyId":4,"baseKey":"BY7gBGp8penAZun+i/huXN5JLCVpEpl5+v25RJOC9CFZ","preKeyId":1551767}}},"version":"v1"}