{"_sessions":{"BSDNJA+bcckHBz3MRL/LG/KTExmCXJW9TcdWjluDdihr":{"registrationId":1927925683,"currentRatchet":{"ephemeralKeyPair":{"pubKey":"Bat9yLvpT51vGYw5AZQGbp2YBrA5ne68gESh54u14xRu","privKey":"qPcDUyDoCxZFJx65py8TrlG16gQ4V6JZTKoZo1d3Ml4="},"lastRemoteEphemeralKey":"Bav8r0YzJWcmrn7M3z3s+T1mf53KaDba5HHm9JhE4o4e","previousCounter":0,"rootKey":"GzW52CcdpLL9fcVco88ml0/RVI9Gw6D5OoA+snk7dr8="},"indexInfo":{"baseKey":"BSDNJA+bcckHBz3MRL/LG/KTExmCXJW9TcdWjluDdihr","baseKeyType":1,"closed":-1,"used":1748567564532,"created":1748567564532,"remoteIdentityKey":"BUUIj7CKyYXyUq+c4lo5+Y0cUS29+ZliJFRka2QBZ7EY"},"_chains":{"Bat9yLvpT51vGYw5AZQGbp2YBrA5ne68gESh54u14xRu":{"chainKey":{"counter":0,"key":"9sGMiBJow9/iucWChqwXefGR2lKuZvmtD6vYLv5FHoU="},"chainType":1,"messageKeys":{}}},"pendingPreKey":{"signedKeyId":1,"baseKey":"BSDNJA+bcckHBz3MRL/LG/KTExmCXJW9TcdWjluDdihr","preKeyId":2691769}}},"version":"v1"}