{"_sessions":{"BVoLT3OHJrskztTsljkMD9yqPzV0lk0JKgdQOP7YXkQk":{"registrationId":139894779,"currentRatchet":{"ephemeralKeyPair":{"pubKey":"BfY4dmbIIILqAqZfvHZjrgvTo40W2GDKlJS08czorH8b","privKey":"qCEUcLR9pkV0iUvPt/DPU0DxI3fjuXkR53hmfeMqKVY="},"lastRemoteEphemeralKey":"BUyzduWlLe23sypRTM4yleI94z5pyTcnArcA+3sJ6Ise","previousCounter":0,"rootKey":"OEbk4Pr0Obm4b5x60yIyP6jOlUC5YWPNqsHCf70QWSA="},"indexInfo":{"baseKey":"BVoLT3OHJrskztTsljkMD9yqPzV0lk0JKgdQOP7YXkQk","baseKeyType":1,"closed":-1,"used":1748567564286,"created":1748567564286,"remoteIdentityKey":"BUlKxyPE1rSLyrlcpHChzODrfoQjwRUPu9mGHcJz83R5"},"_chains":{"BfY4dmbIIILqAqZfvHZjrgvTo40W2GDKlJS08czorH8b":{"chainKey":{"counter":0,"key":"/jOUjrTw1+WoEMgGO80AqBSA7glwgi4efNx1KzkqFcE="},"chainType":1,"messageKeys":{}}},"pendingPreKey":{"signedKeyId":1,"baseKey":"BVoLT3OHJrskztTsljkMD9yqPzV0lk0JKgdQOP7YXkQk","preKeyId":13910932}}},"version":"v1"}