{"_sessions":{"BQoz5RNyv4rOGYDUXxeROlwYe60c8YAp9fJSZU0Jyu8I":{"registrationId":14605,"currentRatchet":{"ephemeralKeyPair":{"pubKey":"BfA+hVr+knG4xXSfedrgcQy2/irM5IzbEmE9NF6SxQ1V","privKey":"AHtbzPR62TSOqh0rZyrNTij5D1qS76TG0ZpSt1v7Jkw="},"lastRemoteEphemeralKey":"BTpx1ZCczi7YQLUJUYsu2ChmyipgTi8Ws4+jhoIbPgku","previousCounter":0,"rootKey":"Kmw5RC4ehStERUD7b51RtsWwKZ9lSpo6/uzL4TnES94="},"indexInfo":{"baseKey":"BQoz5RNyv4rOGYDUXxeROlwYe60c8YAp9fJSZU0Jyu8I","baseKeyType":1,"closed":-1,"used":1748566371367,"created":1748566371367,"remoteIdentityKey":"Bf0mpogbqDIMvngSpph5FvjXe/8DmdG17nFkTMBbiPln"},"_chains":{"BfA+hVr+knG4xXSfedrgcQy2/irM5IzbEmE9NF6SxQ1V":{"chainKey":{"counter":2,"key":"2IuQNcl6W4i8/akLPvlu1rNeYmvIuraesJyFc/AwdWM="},"chainType":1,"messageKeys":{}}},"pendingPreKey":{"signedKeyId":1,"baseKey":"BQoz5RNyv4rOGYDUXxeROlwYe60c8YAp9fJSZU0Jyu8I"}}},"version":"v1"}