{"_sessions":{"BZMSA67u/wzpFJLTDt+MtutjQ2hHccN0MU5kjorVwQYf":{"registrationId":753856678,"currentRatchet":{"ephemeralKeyPair":{"pubKey":"BYKCprZMHpYJVkQWnGtgwruek4y5yb/elg0ORWp7b5hr","privKey":"wKP7qP11eqbZ5bV4RqTpohZmtNqbxv1wWUeM5zvtTno="},"lastRemoteEphemeralKey":"Bb9HIJAxBwwoXEgnkdN7KYYplnvfd6WWwytHsGnrp8U6","previousCounter":0,"rootKey":"hWIU3gGBQwFkvmy1zGm22RkDwO6TA4wyV/J3+6MSBGw="},"indexInfo":{"baseKey":"BZMSA67u/wzpFJLTDt+MtutjQ2hHccN0MU5kjorVwQYf","baseKeyType":1,"closed":-1,"used":1748566372562,"created":1748566372562,"remoteIdentityKey":"BWsdrIwgLaedYPbG4Q3ZvDlF1sn05rdZZnlbDSZl7CN6"},"_chains":{"BYKCprZMHpYJVkQWnGtgwruek4y5yb/elg0ORWp7b5hr":{"chainKey":{"counter":2,"key":"1/xhOhvMwh76cqwd5ASSmoJxLK+Kqvf3NubDxlGLtGU="},"chainType":1,"messageKeys":{}}},"pendingPreKey":{"signedKeyId":2,"baseKey":"BZMSA67u/wzpFJLTDt+MtutjQ2hHccN0MU5kjorVwQYf","preKeyId":4248627}}},"version":"v1"}