{"_sessions":{"BQfT4Ik1FjkAuYUgfe7ZA9qQz5YWobHw/EisatlDnDEO":{"registrationId":1854839026,"currentRatchet":{"ephemeralKeyPair":{"pubKey":"BUR8FAucF/aS/QsTt8tswL0gb3uWhNZpP7jetjLQChoH","privKey":"SBk/am7CPXFfNsNBu4oaRHUc0fpvkOonGBBkyiCqoWE="},"lastRemoteEphemeralKey":"Bc3iJy09r90oMyrkFZPoCGtMlVTWBUnOCbfDvLUoS9Vw","previousCounter":0,"rootKey":"bRnGOWTJytsUpZSt2OK5WFP11jIE2wIf2+5f0NWiH/w="},"indexInfo":{"baseKey":"BQfT4Ik1FjkAuYUgfe7ZA9qQz5YWobHw/EisatlDnDEO","baseKeyType":1,"closed":-1,"used":1748566373292,"created":1748566373292,"remoteIdentityKey":"BVxl3+BepyHWHemsdgGEbEqKcuMfGrfvQJS8Kt2kXM4A"},"_chains":{"BUR8FAucF/aS/QsTt8tswL0gb3uWhNZpP7jetjLQChoH":{"chainKey":{"counter":2,"key":"cDpBjJGUndXv985VvK/SkIs6wJscfTA+psrHzPdTlt4="},"chainType":1,"messageKeys":{}}},"pendingPreKey":{"signedKeyId":9,"baseKey":"BQfT4Ik1FjkAuYUgfe7ZA9qQz5YWobHw/EisatlDnDEO","preKeyId":12062081}}},"version":"v1"}