{"_sessions":{"Ba6QjyEfcGk7lxCSXtGvqDOEQIk06QssjPo48PLKMY9Y":{"registrationId":1888982617,"currentRatchet":{"ephemeralKeyPair":{"pubKey":"BeuVCdcTOxuHv+q1Zq52rBkqQLW2A2IIidi4NQCPvJRC","privKey":"WFsyH/W2k4rMUNp3N0FiIYrbxOmI1K+LrlhP0YOg4mA="},"lastRemoteEphemeralKey":"BcthC1YQ29r/Q45r3ZqLPhke+raaEehbvR2qLC4t1MY3","previousCounter":0,"rootKey":"VGah1arzKiirV6i9z8c0PB0WckHUL0GA7PYLDh51n2Y="},"indexInfo":{"baseKey":"Ba6QjyEfcGk7lxCSXtGvqDOEQIk06QssjPo48PLKMY9Y","baseKeyType":1,"closed":-1,"used":1748566372633,"created":1748566372633,"remoteIdentityKey":"BXLRo2bmXrrQhZHdW+kWAWp46Y+TqkD8aoT06wsKWDZy"},"_chains":{"BeuVCdcTOxuHv+q1Zq52rBkqQLW2A2IIidi4NQCPvJRC":{"chainKey":{"counter":2,"key":"CBmv2AXVesGB6qW89Om7RxA5wsk3E6C6hR4XyEntq8k="},"chainType":1,"messageKeys":{}}},"pendingPreKey":{"signedKeyId":22,"baseKey":"Ba6QjyEfcGk7lxCSXtGvqDOEQIk06QssjPo48PLKMY9Y","preKeyId":459780}}},"version":"v1"}