{"_sessions":{"BXCOf8HX9bSl9PrRd/SmVo6sOGWn6fZsjw6X9qPF+Lc1":{"registrationId":167915509,"currentRatchet":{"ephemeralKeyPair":{"pubKey":"BUvteF7AZhRZgVfSOODESivCD8Me8x46L/CeiDCVa+Yv","privKey":"0Jfly/sCDnIh6lXDWS0DgKmmT+rbxiT9sq4CFCoIGmk="},"lastRemoteEphemeralKey":"Besf64tC5O7D64jZzHqEixNAKNTA+NpPY023zHGxJUxX","previousCounter":0,"rootKey":"mOI9CEKE2cv77d2A1wXJTzoyCHFeSQCxrNlcYcx4d1c="},"indexInfo":{"baseKey":"BXCOf8HX9bSl9PrRd/SmVo6sOGWn6fZsjw6X9qPF+Lc1","baseKeyType":1,"closed":-1,"used":1748566372473,"created":1748566372473,"remoteIdentityKey":"Bd4sZ2MQiOzOZok/lXLFvs09AEFqHY1EmFHOTrztPZ8B"},"_chains":{"BUvteF7AZhRZgVfSOODESivCD8Me8x46L/CeiDCVa+Yv":{"chainKey":{"counter":2,"key":"Jy6bjOkDsngFayoREWKVCWZmhUOUNVwt1zf+VNk2Q7o="},"chainType":1,"messageKeys":{}}},"pendingPreKey":{"signedKeyId":15,"baseKey":"BXCOf8HX9bSl9PrRd/SmVo6sOGWn6fZsjw6X9qPF+Lc1","preKeyId":11981309}}},"version":"v1"}