{"_sessions":{"BUYkLqunGgEHg/IBKBzVXTRxf0YDzh2Fjir8bixmuwwG":{"registrationId":1686931717,"currentRatchet":{"ephemeralKeyPair":{"pubKey":"BeOypN4zpt8LSvYUfah/Zd+tU4CqppbfEfSPDLzcm8Yo","privKey":"yJL7klZqjKdhgGq/M2GqgGd7JSlo3GO/1KGck4zCOlI="},"lastRemoteEphemeralKey":"BUqPQk4e1poEvYmiBjZgC4tIbS8tmgb9LzEcRmF2h34/","previousCounter":0,"rootKey":"NdQ7aI1PVDW8ZmH4J6V/ZER48zEWEc3KPmgfMZZN6f0="},"indexInfo":{"baseKey":"BUYkLqunGgEHg/IBKBzVXTRxf0YDzh2Fjir8bixmuwwG","baseKeyType":1,"closed":-1,"used":1748566459622,"created":1748566372366,"remoteIdentityKey":"BWFlt8+nrAjj3E4y8kPy9ZocI+3pcPn8H+kj3HPBQVce"},"_chains":{"BUqPQk4e1poEvYmiBjZgC4tIbS8tmgb9LzEcRmF2h34/":{"chainKey":{"counter":0,"key":"4QxbElSWIctCTwS4TGTrgCL/LQrLOLRf1gm1HeR2G0U="},"chainType":2,"messageKeys":{}},"BeOypN4zpt8LSvYUfah/Zd+tU4CqppbfEfSPDLzcm8Yo":{"chainKey":{"counter":1,"key":"KP/sRmtwsj9Iekj69gfRex3wO+eO7AxyD1lXQCkltUw="},"chainType":1,"messageKeys":{}}}}},"version":"v1"}