{"_sessions":{"BeJVsg+CC/AB9gWpMvUKamf05uN6a0vh25x/0W4CQ9Fj":{"registrationId":475950900,"currentRatchet":{"ephemeralKeyPair":{"pubKey":"BTGVfOsvHAZAUIWOO8YjK9NcySgCqGpbEPTYRgacG/kT","privKey":"aEDo38XEa2fkIYo4G+fnyzMuZmPvVpDSKqzNaFU9ym8="},"lastRemoteEphemeralKey":"BVVmgIlP2wAy1WfZpjQoyvn5rJdon1G5c/S1S/c3s4ou","previousCounter":0,"rootKey":"ESc36y7tSvsPTxSTI53zszmO3YnlfEKD8WHjNmibPcg="},"indexInfo":{"baseKey":"BeJVsg+CC/AB9gWpMvUKamf05uN6a0vh25x/0W4CQ9Fj","baseKeyType":1,"closed":-1,"used":1748566373500,"created":1748566373500,"remoteIdentityKey":"BZ06ylkKyIiXecvSSQpOiIOhf9Ytcy5/cJhzvQt4V4hl"},"_chains":{"BTGVfOsvHAZAUIWOO8YjK9NcySgCqGpbEPTYRgacG/kT":{"chainKey":{"counter":2,"key":"NjSOGYJ3HhR79JSit03PYj6sgGLWCLrNn3dYcX5P+OU="},"chainType":1,"messageKeys":{}}},"pendingPreKey":{"signedKeyId":10,"baseKey":"BeJVsg+CC/AB9gWpMvUKamf05uN6a0vh25x/0W4CQ9Fj"}}},"version":"v1"}