{"_sessions":{"BVc01xt8ZWb9y9mMqVvhLHEdt47TPZnlLBCAmp+16MdR":{"registrationId":1397841872,"currentRatchet":{"ephemeralKeyPair":{"pubKey":"BSl3QG4kJLygbR+3nZ2LuiO7u9LMySY5kErAaxah0gA+","privKey":"UBruzO0VpXa9oB5Hv8MSJo1sQy+rrGh0kAMd6zWVqFA="},"lastRemoteEphemeralKey":"Bf5MLM3JGK37Y8c5IVh8wMeYJ0netDlkQGW2I+sBbfFz","previousCounter":0,"rootKey":"WXtrUuOCmKKbj6sMxsJuH3qO57MySH+ECTjuvQXK4NM="},"indexInfo":{"baseKey":"BVc01xt8ZWb9y9mMqVvhLHEdt47TPZnlLBCAmp+16MdR","baseKeyType":1,"closed":-1,"used":1748566372511,"created":1748566372511,"remoteIdentityKey":"BWZP3Zt0492VVA719Kl8MH58mxoXBX8Q+rPIcFbDwawi"},"_chains":{"BSl3QG4kJLygbR+3nZ2LuiO7u9LMySY5kErAaxah0gA+":{"chainKey":{"counter":2,"key":"XZGsLDFB9hxawb6mvWkp5SLkjABMb7tZyXj/Raz15us="},"chainType":1,"messageKeys":{}}},"pendingPreKey":{"signedKeyId":6,"baseKey":"BVc01xt8ZWb9y9mMqVvhLHEdt47TPZnlLBCAmp+16MdR"}}},"version":"v1"}