{"_sessions":{"BYBX7NvM5S7xosHJ+p4drp/Oc+/aRNJNffWuH9PHShxl":{"registrationId":1876789946,"currentRatchet":{"ephemeralKeyPair":{"pubKey":"Batr8g3g8afLnlSRAQ41hKXNjRc6RjdJxM5JYsr7gWl8","privKey":"aDmgZeyZYkOHLrDuVpRLujdTOD7LDrNM3zVEd1NoFGM="},"lastRemoteEphemeralKey":"BYK1DCCxhIklajgDdUIDWQrTA2YWNPNUTpsBR05eGYVT","previousCounter":0,"rootKey":"uL06MxFy15LMjzroHsy8IOTFa697DVRd/C+2BS1rmHo="},"indexInfo":{"baseKey":"BYBX7NvM5S7xosHJ+p4drp/Oc+/aRNJNffWuH9PHShxl","baseKeyType":1,"closed":-1,"used":1748567564236,"created":1748567564236,"remoteIdentityKey":"BRJuuxjE0MG5kBJ3Y5ny02q4DXadkUfy2d39kGCwmOZf"},"_chains":{"Batr8g3g8afLnlSRAQ41hKXNjRc6RjdJxM5JYsr7gWl8":{"chainKey":{"counter":0,"key":"jvy0Sr2YsNvRd+qwedn/ghoD8z5nKN3hIyJLdA4LIto="},"chainType":1,"messageKeys":{}}},"pendingPreKey":{"signedKeyId":4,"baseKey":"BYBX7NvM5S7xosHJ+p4drp/Oc+/aRNJNffWuH9PHShxl","preKeyId":7138800}}},"version":"v1"}