{"_sessions":{"BSYzp9r+LWeDjeRx5eeqz8Yu+c8IvEwd+jAjSKT+YoZ3":{"registrationId":651444056,"currentRatchet":{"ephemeralKeyPair":{"pubKey":"BZBMuEgJiNLW5os2YWtH4dS32FiG9gqRcJz2J4tHFRci","privKey":"eDb8yTsv/tUocuCChgGBEGvBoghcZ5EmzNmfA+aZxGk="},"lastRemoteEphemeralKey":"BQ5xzg/zu2sFB8Xbow7qOKhSLTM1quqVSDCKWwA4YXpW","previousCounter":0,"rootKey":"vwiBPPTtVydcS3l5EnmFXzmg8LmpWQ2gOqLdtmoRH/4="},"indexInfo":{"baseKey":"BSYzp9r+LWeDjeRx5eeqz8Yu+c8IvEwd+jAjSKT+YoZ3","baseKeyType":1,"closed":-1,"used":1748567564429,"created":1748567564429,"remoteIdentityKey":"BU85mfbcHmT1q46Lu8Z5joiQ5mQZ453ZvXM/pWVyL8Qq"},"_chains":{"BZBMuEgJiNLW5os2YWtH4dS32FiG9gqRcJz2J4tHFRci":{"chainKey":{"counter":0,"key":"6cAAj6LAzFvKKZFKdcEqhgxdqcZ91OcGNPiO/R1hSGk="},"chainType":1,"messageKeys":{}}},"pendingPreKey":{"signedKeyId":1,"baseKey":"BSYzp9r+LWeDjeRx5eeqz8Yu+c8IvEwd+jAjSKT+YoZ3","preKeyId":3042063}}},"version":"v1"}