{"_sessions":{"BUgrXNsEFRl4y2HjcIHghFlC57YgpvqYn3JYPND1WNIR":{"registrationId":756935479,"currentRatchet":{"ephemeralKeyPair":{"pubKey":"BaDMD7Sq5cL5xZ1Hg41MmSGhL2w/9PPZqgwnugqjatIm","privKey":"oA7wcZNkMQlwIw1Y60XhzfXWdhgQFByAfhWIOOPQNV4="},"lastRemoteEphemeralKey":"BSU4eksiXEopMkIXjdQeWLtt91Vm6n3bXCD8P6As1uJy","previousCounter":0,"rootKey":"Bhh+n+0TqzNTcm41CaE7xVsvgylmy/BXXXS4apJZ0X0="},"indexInfo":{"baseKey":"BUgrXNsEFRl4y2HjcIHghFlC57YgpvqYn3JYPND1WNIR","baseKeyType":1,"closed":-1,"used":1748567564681,"created":1748567564681,"remoteIdentityKey":"BVKP+IAL8zyv5ZX5FJC0t2d5ZrJPmCgQt3I4fDcdJ/Zq"},"_chains":{"BaDMD7Sq5cL5xZ1Hg41MmSGhL2w/9PPZqgwnugqjatIm":{"chainKey":{"counter":0,"key":"3DOZGmHMICwj2bLPfxL0OvVoL5W2PxZnNLFFPiIL3mE="},"chainType":1,"messageKeys":{}}},"pendingPreKey":{"signedKeyId":4,"baseKey":"BUgrXNsEFRl4y2HjcIHghFlC57YgpvqYn3JYPND1WNIR","preKeyId":4431871}}},"version":"v1"}