{"_sessions":{"BR2dK5bxHREKXqmxMfwkVt6BN5QUh1oxZWzBciBoIhIl":{"registrationId":1471266882,"currentRatchet":{"ephemeralKeyPair":{"pubKey":"BU2ai/Fct8eWJf6M6P741x79WZ4DFJX9DmdH8jGlxyQg","privKey":"+F5RP7si16gGXH+aAnl7YavBLhRcU2cijXEb3ba97UQ="},"lastRemoteEphemeralKey":"BaAmZ0+67KHKHEx5L4FjoUjUP1Az2UforaFBUkcX2ZlX","previousCounter":0,"rootKey":"bgWOfiWviKhhguqn5EAKfpK4GZcrDH+8uQvSq9B8t08="},"indexInfo":{"baseKey":"BR2dK5bxHREKXqmxMfwkVt6BN5QUh1oxZWzBciBoIhIl","baseKeyType":1,"closed":-1,"used":1748566371358,"created":1748566371358,"remoteIdentityKey":"Bf3QZhwb1TFvMXildDGMV2We/2dCAzS9lCGhP2iOHRlF"},"_chains":{"BU2ai/Fct8eWJf6M6P741x79WZ4DFJX9DmdH8jGlxyQg":{"chainKey":{"counter":2,"key":"bskmNs+NkwX4yEOOv+Yjfgp9jzljd+L40jN1yiUjXsQ="},"chainType":1,"messageKeys":{}}},"pendingPreKey":{"signedKeyId":0,"baseKey":"BR2dK5bxHREKXqmxMfwkVt6BN5QUh1oxZWzBciBoIhIl"}}},"version":"v1"}