{"_sessions":{"BfYsO2rvzbQY0QLwpl64Lx+sUuA2S8B8oaqzrZ9IELYi":{"registrationId":999196217,"currentRatchet":{"ephemeralKeyPair":{"pubKey":"BVJn7ZMgNwGekTEXiD3JF7wDrAUwVR/bOqIIPEcPXd0d","privKey":"IMrGVc7NnDAB6JMrHKvzAa3sG4bM4oUhFAhXnxeBcno="},"lastRemoteEphemeralKey":"BajpR7/+KHeBJiQ+cSz9rI/e+u/QRgSI+huUgjc6PBxD","previousCounter":0,"rootKey":"FhJOrSlNOPXsVb+RLcZL70eWV1GHrTJcexZr7C0rqsU="},"indexInfo":{"baseKey":"BfYsO2rvzbQY0QLwpl64Lx+sUuA2S8B8oaqzrZ9IELYi","baseKeyType":1,"closed":-1,"used":1748567564333,"created":1748567564333,"remoteIdentityKey":"BWxicr9MsHe3xUU4D4JKU/T3MzkO5ynhmFN3Vf+7TIFl"},"_chains":{"BVJn7ZMgNwGekTEXiD3JF7wDrAUwVR/bOqIIPEcPXd0d":{"chainKey":{"counter":0,"key":"yOd6UvJbIL9wT70Pd+0CYCqzzpNHhRhFlEFJ9rubc0I="},"chainType":1,"messageKeys":{}}},"pendingPreKey":{"signedKeyId":14,"baseKey":"BfYsO2rvzbQY0QLwpl64Lx+sUuA2S8B8oaqzrZ9IELYi","preKeyId":4199539}}},"version":"v1"}