{"_sessions":{"BaoOOyq4nfxkNBBxFMZ96sJCwP9D2FjT1IXVBveE9T8U":{"registrationId":1512817972,"currentRatchet":{"ephemeralKeyPair":{"pubKey":"Bbg6nVOUEB33QxEYIaJb2bDBd+5mwe2R2OVu//N2X7FZ","privKey":"mKTXYdRG+M8UXRaMT9m8jMF//lMX/XgwVfw++gQBFGQ="},"lastRemoteEphemeralKey":"BeRPpvH7MlFDWf61XXLuS/h8f1sq4dRojVBsu3S4YZtL","previousCounter":0,"rootKey":"KYxhZ2mSx1vK/i9KOvYcomhCECGQhW4k3hkdkH6TUFY="},"indexInfo":{"baseKey":"BaoOOyq4nfxkNBBxFMZ96sJCwP9D2FjT1IXVBveE9T8U","baseKeyType":1,"closed":-1,"used":1748567564242,"created":1748567564242,"remoteIdentityKey":"Bf2OGzXbP0s/DBBd/w5/NI4/T9hFnpXC6OFxB4usYycA"},"_chains":{"Bbg6nVOUEB33QxEYIaJb2bDBd+5mwe2R2OVu//N2X7FZ":{"chainKey":{"counter":0,"key":"/X1wkL5ZDZTm0egH9oZVEO/e5L/mCRQnZcLnveoxrfA="},"chainType":1,"messageKeys":{}}},"pendingPreKey":{"signedKeyId":1,"baseKey":"BaoOOyq4nfxkNBBxFMZ96sJCwP9D2FjT1IXVBveE9T8U","preKeyId":10498984}}},"version":"v1"}