{"_sessions":{"BeGva102IQJzJallWO/bPr+u+gKJFCJEzpuYmGOjGDl1":{"registrationId":730718687,"currentRatchet":{"ephemeralKeyPair":{"pubKey":"BSGa3GL3ObiW9mezfetCofjzJT22dS42trIsJfzk5QEd","privKey":"8MIgIBH4rNkOUTU7+tJ4OaBNLvY+XvVnOneNu637Omo="},"lastRemoteEphemeralKey":"BVzIZUCXqs/+Al8y95wSeB4croR4qHWRQA7GNFcV/uJ4","previousCounter":0,"rootKey":"8Yy6MsYt/q4H9HhX4C64MshK2LJjgnW3aX+zyHbXaJ4="},"indexInfo":{"baseKey":"BeGva102IQJzJallWO/bPr+u+gKJFCJEzpuYmGOjGDl1","baseKeyType":1,"closed":-1,"used":1748566372539,"created":1748566372539,"remoteIdentityKey":"BR3W0vAx2tc0WD5xCz50/s78QXS33ysUMgFuX465Z8N8"},"_chains":{"BSGa3GL3ObiW9mezfetCofjzJT22dS42trIsJfzk5QEd":{"chainKey":{"counter":3,"key":"MBWBxkeM1t8iZ5Re2RFxluOKzFYHNiyGJHayK+FLE7g="},"chainType":1,"messageKeys":{}}},"pendingPreKey":{"signedKeyId":4,"baseKey":"BeGva102IQJzJallWO/bPr+u+gKJFCJEzpuYmGOjGDl1","preKeyId":10045171}}},"version":"v1"}