{"_sessions":{"BZOJ1Dr83WULOYjCzO1HBwWicXtUq15A1hrqocCT2DZN":{"registrationId":2106522329,"currentRatchet":{"ephemeralKeyPair":{"pubKey":"BWevTcxbUP27/ry7D+5+G4Bd52qWEQrjx7XQRT5dUT1G","privKey":"uO+EvXpF1aaLfXkoy/EnSxB/EzH/ghtLQsDvK6apr10="},"lastRemoteEphemeralKey":"BbytCSzAtLJO56U5OPDlCOqyaYUgkexX+GKKgOMKMe4E","previousCounter":0,"rootKey":"YCLyePcB2UKfU8cgqEnXVWFL0Q8TiPQqxthFvc6t7P0="},"indexInfo":{"baseKey":"BZOJ1Dr83WULOYjCzO1HBwWicXtUq15A1hrqocCT2DZN","baseKeyType":1,"closed":-1,"used":1748567564177,"created":1748567564177,"remoteIdentityKey":"BaJ4K9vlThEZnun2zPbZhR1R7eM09iP8oGZ5hjXc0V9r"},"_chains":{"BWevTcxbUP27/ry7D+5+G4Bd52qWEQrjx7XQRT5dUT1G":{"chainKey":{"counter":0,"key":"97YHWzkTjRSXx4sK9OgDvMmSKh9mbnsKrN1YfqwsMdg="},"chainType":1,"messageKeys":{}}},"pendingPreKey":{"signedKeyId":1,"baseKey":"BZOJ1Dr83WULOYjCzO1HBwWicXtUq15A1hrqocCT2DZN","preKeyId":899322}}},"version":"v1"}