{"_sessions":{"BbVDa0mznxomZmLuXtJq8nCXQvyFDP+UW4OeYPxVw7RE":{"registrationId":85604933,"currentRatchet":{"ephemeralKeyPair":{"pubKey":"BSwp9Pxmnwzdfv2FvsRsFHzPZJggXlt17jDaEQKQo8hU","privKey":"wJyqmVIy9By+X1FmIOVs8+DAtybyB++flvMLTwVdnE0="},"lastRemoteEphemeralKey":"BXxUAwGq5G13MDoS4MBCKpRXS0BoaBIgoBgmVXCKfUcD","previousCounter":0,"rootKey":"3hNu/Iylwj+E8Y9xuNVgYIUSNu01d02/vlucHhs37Rs="},"indexInfo":{"baseKey":"BbVDa0mznxomZmLuXtJq8nCXQvyFDP+UW4OeYPxVw7RE","baseKeyType":1,"closed":-1,"used":1748567564703,"created":1748567564703,"remoteIdentityKey":"BTYdp8vHQwdTvXafkpleHQ4iJTJQCVHmkRTnFfIFPWIK"},"_chains":{"BSwp9Pxmnwzdfv2FvsRsFHzPZJggXlt17jDaEQKQo8hU":{"chainKey":{"counter":0,"key":"hhYb8pVesiZ7cBp3JjyCfG4AeyRxBRFqPL6QS9nqBBc="},"chainType":1,"messageKeys":{}}},"pendingPreKey":{"signedKeyId":0,"baseKey":"BbVDa0mznxomZmLuXtJq8nCXQvyFDP+UW4OeYPxVw7RE","preKeyId":12195754}}},"version":"v1"}