{"_sessions":{"BQlPs+pJFYmJ6FXuFf0ST600dCcscFN9uZz4RmbATe9G":{"registrationId":1944283925,"currentRatchet":{"ephemeralKeyPair":{"pubKey":"BWVJkUDKtoGeeSTSydmaR+wEwub7j/bBvDlUaoj0KJ1S","privKey":"QAm20QdzbdkApZnVA1r0pw/Q+MaKOJgCqT8FLirWtnE="},"lastRemoteEphemeralKey":"Bdf6KamJm/n0bjBVYUxKZvOVe3kDw0D1Q5K1kY2cJCAI","previousCounter":0,"rootKey":"YeotiZQalYpQwqrffpz1Gflren5Na0vmG8muqhjjeOU="},"indexInfo":{"baseKey":"BQlPs+pJFYmJ6FXuFf0ST600dCcscFN9uZz4RmbATe9G","baseKeyType":1,"closed":-1,"used":1748566373383,"created":1748566373383,"remoteIdentityKey":"BTRduTSVfeWU8OM+xu6S2PLUMmn45lce2KDxbSP96/MV"},"_chains":{"BWVJkUDKtoGeeSTSydmaR+wEwub7j/bBvDlUaoj0KJ1S":{"chainKey":{"counter":2,"key":"QDnYPfTLvpJvy+SxriKmH+tGG3iSAhqI4+u5K3vGqPM="},"chainType":1,"messageKeys":{}}},"pendingPreKey":{"signedKeyId":55,"baseKey":"BQlPs+pJFYmJ6FXuFf0ST600dCcscFN9uZz4RmbATe9G","preKeyId":8309683}}},"version":"v1"}