{"_sessions":{"BR3ai/YCE8yG+bbz0F3XeltTiWNgJbeFQtFg5Lf5WTUA":{"registrationId":1378406086,"currentRatchet":{"ephemeralKeyPair":{"pubKey":"BXo2rBkAxMMrvjYEl5fT0SNFEet60Hqk1XHcFaVhZ+Ju","privKey":"iCHaOXYkuyI5GD4q06Zb9CSR4iONPMEuOtdJXXHIBkI="},"lastRemoteEphemeralKey":"BQJB0KFJ8CHyZZ5umlNt9lGIpI2QuNLnvI0lq7+pjsNT","previousCounter":0,"rootKey":"SWxCm4vxaLT8VocfTM9GKs9h6eURomfV4kzzQyJBrO4="},"indexInfo":{"baseKey":"BR3ai/YCE8yG+bbz0F3XeltTiWNgJbeFQtFg5Lf5WTUA","baseKeyType":1,"closed":-1,"used":1748566373471,"created":1748566373471,"remoteIdentityKey":"Bfeiyd2uot4e16s+v5sMp47D/z0voN2GTGksqquducFp"},"_chains":{"BXo2rBkAxMMrvjYEl5fT0SNFEet60Hqk1XHcFaVhZ+Ju":{"chainKey":{"counter":3,"key":"SXk0rdKqfO4RvxRveWh+Jho6n6M1aF4G1t1IlzqMl4U="},"chainType":1,"messageKeys":{}}},"pendingPreKey":{"signedKeyId":2819747,"baseKey":"BR3ai/YCE8yG+bbz0F3XeltTiWNgJbeFQtFg5Lf5WTUA"}}},"version":"v1"}