{"_sessions":{"BcwTwoy/noMHR1pP4Qyt2PdIgl7iUmG48VE3aftY5Ftu":{"registrationId":6570,"currentRatchet":{"ephemeralKeyPair":{"pubKey":"Bc5A1PyGmUhJacpYZod7Xcmr4n6ebUeZckIPMPyMPGpv","privKey":"eDgcVZ15DrSXvILIwSw2PeXjBVfEiKuXydQ90s9w2GM="},"lastRemoteEphemeralKey":"BYRa/JgNd0GnSv0VKJbInOX2dDr+4q8RK49F0rIIUaJR","previousCounter":0,"rootKey":"s42kmfGrqn9TleURRvQXjYpbQTmEueA//J53UNKCvW4="},"indexInfo":{"baseKey":"BcwTwoy/noMHR1pP4Qyt2PdIgl7iUmG48VE3aftY5Ftu","baseKeyType":1,"closed":-1,"used":1748566371749,"created":1748566371749,"remoteIdentityKey":"BQDYBkvf1Nh4pi3tBoidDWtRDnyNCqjul3b9OIIeFp5S"},"_chains":{"Bc5A1PyGmUhJacpYZod7Xcmr4n6ebUeZckIPMPyMPGpv":{"chainKey":{"counter":3,"key":"rgRo/6XI1OsTA0zQJvNLaibEbScTr0BGNDWKefFWVvI="},"chainType":1,"messageKeys":{}}},"pendingPreKey":{"signedKeyId":1,"baseKey":"BcwTwoy/noMHR1pP4Qyt2PdIgl7iUmG48VE3aftY5Ftu"}}},"version":"v1"}