{"_sessions":{"BfvvkCyTScwqzm+9tmlAjUkkihoOSHIIOdvqJ1vkxloC":{"registrationId":1736974564,"currentRatchet":{"ephemeralKeyPair":{"pubKey":"BZBemDiaRaFymyHYlMkUXbH0wQ/J5JxARtfRckV1/Cpf","privKey":"gB25HSZZSCpAYV2BTgAYuPww53vWKvD0Ps5O5YWk1Fk="},"lastRemoteEphemeralKey":"BWeppY8roWv2tcmIpDe85Tpg+KB9V3BJX9u2WYFTp5x/","previousCounter":0,"rootKey":"jQZ/AE/QMAP9u0UyZvvVvFLcqEtc90tL83ysWVyEy1w="},"indexInfo":{"baseKey":"BfvvkCyTScwqzm+9tmlAjUkkihoOSHIIOdvqJ1vkxloC","baseKeyType":1,"closed":-1,"used":1748566373170,"created":1748566373170,"remoteIdentityKey":"BQwpDJO692tDAw3vUdbA04s2bsd9sNjXbV4/SWPgvqgw"},"_chains":{"BZBemDiaRaFymyHYlMkUXbH0wQ/J5JxARtfRckV1/Cpf":{"chainKey":{"counter":2,"key":"djNgw5kEOxeHJySQuG0xJWVBtFaMuzM6PHpcgiaE3QY="},"chainType":1,"messageKeys":{}}},"pendingPreKey":{"signedKeyId":2,"baseKey":"BfvvkCyTScwqzm+9tmlAjUkkihoOSHIIOdvqJ1vkxloC","preKeyId":6962237}}},"version":"v1"}