{"_sessions":{"Bc7wzguEZ6ujK1ViyQswWOUg5T9ONv4B7vy5xAWRXvk8":{"registrationId":1154410773,"currentRatchet":{"ephemeralKeyPair":{"pubKey":"BXSSGmszUEWGWgdGgKaliU4vkZN+V1QvyM7zw26qVRce","privKey":"MKSI+vi5OA2G21CWyQycaNhtTO2zMp3G/SE55upDc2o="},"lastRemoteEphemeralKey":"BU2nsa2J2G97WfvaxZWju3W9NGo4DsoHbf7eGPtYOHYH","previousCounter":0,"rootKey":"Zz8SjLYLIlqn39IteG4uq0nUkLLPaXvrsyu7yD7R2gM="},"indexInfo":{"baseKey":"Bc7wzguEZ6ujK1ViyQswWOUg5T9ONv4B7vy5xAWRXvk8","baseKeyType":1,"closed":-1,"used":1748566372834,"created":1748566372834,"remoteIdentityKey":"BagyLKFVgyqaSCPwKwpQ04kiTW32knIVTslJUyQrzvEa"},"_chains":{"BXSSGmszUEWGWgdGgKaliU4vkZN+V1QvyM7zw26qVRce":{"chainKey":{"counter":3,"key":"wlJP3vN7NJShxmM42dS+Gl9NawnPx9OqeMTXdIeGELw="},"chainType":1,"messageKeys":{}}},"pendingPreKey":{"signedKeyId":0,"baseKey":"Bc7wzguEZ6ujK1ViyQswWOUg5T9ONv4B7vy5xAWRXvk8"}}},"version":"v1"}