{"_sessions":{"BZ1WfSHfXleXtPxq+zbGA9DvMV1NiskiHHnKorZ8HgBT":{"registrationId":493987017,"currentRatchet":{"ephemeralKeyPair":{"pubKey":"BQ56IGy1rwYElrxhBUbPPUqTjr9V0hjZXO6Z50zbv90h","privKey":"IFNYUBQedWq4UeWLHBI3aCZMM9gGPOK42dTa1/l8NVA="},"lastRemoteEphemeralKey":"BUwPixv0pvNm0ueUSTomK/UUrcRUXD+RuUKCc4B7oXpN","previousCounter":0,"rootKey":"FH4Tl2G8DsRQP5hPro+rIXNpoFnLv7PELhW/UJ8ELlo="},"indexInfo":{"baseKey":"BZ1WfSHfXleXtPxq+zbGA9DvMV1NiskiHHnKorZ8HgBT","baseKeyType":1,"closed":-1,"used":1748566372180,"created":1748566372180,"remoteIdentityKey":"BQFD/P62BkTRdy/K6TZnYf6qIVXqsDakn9+bi6x3KeAQ"},"_chains":{"BQ56IGy1rwYElrxhBUbPPUqTjr9V0hjZXO6Z50zbv90h":{"chainKey":{"counter":2,"key":"eIZGd7J77+zy1CKoPZDM4TK4KtYjt4OSjv2/Wb0vvKw="},"chainType":1,"messageKeys":{}}},"pendingPreKey":{"signedKeyId":1,"baseKey":"BZ1WfSHfXleXtPxq+zbGA9DvMV1NiskiHHnKorZ8HgBT","preKeyId":11838046}}},"version":"v1"}