{"_sessions":{"Bepq2k6pNCuBy89p8YZc+vuHU/b05XYF85cZ5j72zgVC":{"registrationId":1292959411,"currentRatchet":{"ephemeralKeyPair":{"pubKey":"BQ5aDhDDTkwSzkycJtbwQvCktNrbENFORrjjVkOdOdkY","privKey":"sJD9a7QriG9auJqC2CmLVwx1ZT+/jkuM9Oe21cEq1Eg="},"lastRemoteEphemeralKey":"BZ3lkqX6+FQYWQn+npa63mKcV/fK5wMduy1q9q0SvJtj","previousCounter":0,"rootKey":"gs2P0T7v3wIQPpCWeLPBO8QnexarChH7NKznfMJeTYE="},"indexInfo":{"baseKey":"Bepq2k6pNCuBy89p8YZc+vuHU/b05XYF85cZ5j72zgVC","baseKeyType":1,"closed":-1,"used":1748566373445,"created":1748566373445,"remoteIdentityKey":"Bb4Im1m4/sUQHyTYLSVf+SLvPCRU22Io0fSwVwOeFoBJ"},"_chains":{"BQ5aDhDDTkwSzkycJtbwQvCktNrbENFORrjjVkOdOdkY":{"chainKey":{"counter":2,"key":"eioN7RoFmtVOJGnkqQ2zLtzfTBd5iINQT8fM+xy1ydM="},"chainType":1,"messageKeys":{}}},"pendingPreKey":{"signedKeyId":42,"baseKey":"Bepq2k6pNCuBy89p8YZc+vuHU/b05XYF85cZ5j72zgVC","preKeyId":9229118}}},"version":"v1"}