{"_sessions":{"BVm2RNfFfA2XgRLWMO8Ljxp4Q2OzFRZ4LE6F2I+8Wglt":{"registrationId":740803313,"currentRatchet":{"ephemeralKeyPair":{"pubKey":"BYx81UrumN2jQZFPsfYgzuiWy/cCu4VBIKmaMukahcR5","privKey":"6OUoKJrpsw/zqLWPTRM2XjnblvEQb2VO5U/lGM9VNXg="},"lastRemoteEphemeralKey":"BQiwayGo8qL2CocGQpXLRqQcVQUC0AT07eFPz6697ItZ","previousCounter":0,"rootKey":"1s9QwFfYnMOM2kkEPHKYCIw5LdhHYSpUe6CQjWCEOek="},"indexInfo":{"baseKey":"BVm2RNfFfA2XgRLWMO8Ljxp4Q2OzFRZ4LE6F2I+8Wglt","baseKeyType":1,"closed":-1,"used":1748566373144,"created":1748566373144,"remoteIdentityKey":"BQystEo9Oz5Ke8QSa3pTn9w1xNRryYjuo4KiLSqmCZ5X"},"_chains":{"BYx81UrumN2jQZFPsfYgzuiWy/cCu4VBIKmaMukahcR5":{"chainKey":{"counter":2,"key":"cE7jArJmJMTDeuY15F5fy+fmbv/0SjwflFafy16hlZk="},"chainType":1,"messageKeys":{}}},"pendingPreKey":{"signedKeyId":5,"baseKey":"BVm2RNfFfA2XgRLWMO8Ljxp4Q2OzFRZ4LE6F2I+8Wglt"}}},"version":"v1"}