{"_sessions":{"BQW0V/3+gkvzVD9tSmaPu4A5MR31MGnCF1qux9/VjOZR":{"registrationId":130004114,"currentRatchet":{"ephemeralKeyPair":{"pubKey":"Baqvif2HoXQqUWori53BpuGyC9CESQcIVLUpeGM21pca","privKey":"+PomnrmniYA2LTPYdifrhHAvnwhajUePwiVqz5eTN30="},"lastRemoteEphemeralKey":"BeK5w8JOOQXmM3bV2eHg1EBMSD6M2ho34E4YPefuZJtQ","previousCounter":0,"rootKey":"UmHGo4wTzKRssFNxO1MGdyXSv8d8/ifm+lsG2cjL4Vk="},"indexInfo":{"baseKey":"BQW0V/3+gkvzVD9tSmaPu4A5MR31MGnCF1qux9/VjOZR","baseKeyType":1,"closed":-1,"used":1748566372268,"created":1748566372268,"remoteIdentityKey":"BXHrjcHXDvTyJyyUa6CvoC8CxE86NSUgyxharT0WmDdg"},"_chains":{"Baqvif2HoXQqUWori53BpuGyC9CESQcIVLUpeGM21pca":{"chainKey":{"counter":2,"key":"rqA8Xd7zipVTRpMcwG2HojweGcbwF6OMGw3/Vr0/hFY="},"chainType":1,"messageKeys":{}}},"pendingPreKey":{"signedKeyId":1,"baseKey":"BQW0V/3+gkvzVD9tSmaPu4A5MR31MGnCF1qux9/VjOZR","preKeyId":11956022}}},"version":"v1"}