{"_sessions":{"BVkFzWmDp7w1gC8xbmbHdzIjBsgRtaM75ek+mWpLFjsC":{"registrationId":663998368,"currentRatchet":{"ephemeralKeyPair":{"pubKey":"BaF5ZbuLBczJViWR45m9ccur26sY1p1HmzgwFjNWiCFT","privKey":"+NbTRNVJXP8848PMQXM12Brv+fGTQRXUFF9deq0TdH4="},"lastRemoteEphemeralKey":"BdJ7p+Ny/f71Zk2BrLdI+WX0wK2/o3J+vieZbmlDRI0S","previousCounter":0,"rootKey":"GLYWPS0AUcWpMHapA2WZWBdJfF7mj2/4DFxbVMTHNbM="},"indexInfo":{"baseKey":"BVkFzWmDp7w1gC8xbmbHdzIjBsgRtaM75ek+mWpLFjsC","baseKeyType":1,"closed":-1,"used":1748566372155,"created":1748566372155,"remoteIdentityKey":"BdbtjVMAqsoi5Xo/W37pafY/vTBmILpY36PhQAHhOWJ1"},"_chains":{"BaF5ZbuLBczJViWR45m9ccur26sY1p1HmzgwFjNWiCFT":{"chainKey":{"counter":2,"key":"M1cF1qxaxda2Z/Rgv8jjTJ+wk48Vij1lTJEVo9pwOHM="},"chainType":1,"messageKeys":{}}},"pendingPreKey":{"signedKeyId":1,"baseKey":"BVkFzWmDp7w1gC8xbmbHdzIjBsgRtaM75ek+mWpLFjsC","preKeyId":16338611}}},"version":"v1"}