{"_sessions":{"BUot6YeN/l2mECRdntzxej+6uXQtv6X9uQ0X/qSZ4v8+":{"registrationId":1845661738,"currentRatchet":{"ephemeralKeyPair":{"pubKey":"BW25pGDUaMFRHVKe5hXJzONgIXLFDGxifa23vKljRrEw","privKey":"WIlQq6EIrooN5RdS2UGNCZqdCBSnaKpJE2m5d1ZXBE8="},"lastRemoteEphemeralKey":"BTbSoEmXvT5Sgw1KASNYcGK9OhDPrBLGAo0jQuc4IQQZ","previousCounter":0,"rootKey":"OKNygECveJTPU3aNuJ/ZY84Ybzs15y+/BgPTXsvDKZU="},"indexInfo":{"baseKey":"BUot6YeN/l2mECRdntzxej+6uXQtv6X9uQ0X/qSZ4v8+","baseKeyType":1,"closed":-1,"used":1748566373053,"created":1748566373053,"remoteIdentityKey":"BWpPMg6mCB0CHNe5QhF355+XuvclA6QHiIgFB9qC6F9R"},"_chains":{"BW25pGDUaMFRHVKe5hXJzONgIXLFDGxifa23vKljRrEw":{"chainKey":{"counter":2,"key":"K/0poKLdwPQGpVJyDAy7kcuSHUE54tJGhUFMXoGnPF8="},"chainType":1,"messageKeys":{}}},"pendingPreKey":{"signedKeyId":14,"baseKey":"BUot6YeN/l2mECRdntzxej+6uXQtv6X9uQ0X/qSZ4v8+","preKeyId":13542017}}},"version":"v1"}