{"_sessions":{"BV97Ktf3lJTkOA2I85vUBMyQ6Cu7bEPOtz/FpSkVrw9a":{"registrationId":123,"currentRatchet":{"ephemeralKeyPair":{"pubKey":"Behm4ooIyUlVF/CqvOJ9Jghh494w/0GA65yMEooZxKIH","privKey":"4GBPgat+zRAwXsqVMwVUcxFnkE7mXELvSk9o6wJR/Xs="},"lastRemoteEphemeralKey":"BVnP6Pb1psd1AvyVEL8l+vpXjyWC35LLPeSVf2O5Sbp4","previousCounter":0,"rootKey":"Gw+dgLSptlMVvfmCrZD/xHWx2ycnwplt61XQWRshUNE="},"indexInfo":{"baseKey":"BV97Ktf3lJTkOA2I85vUBMyQ6Cu7bEPOtz/FpSkVrw9a","baseKeyType":1,"closed":-1,"used":1748567563859,"created":1748567563859,"remoteIdentityKey":"BQLfrEebwuIeQOKtAHv35/SO7TMH2f3KMxrutSBoKAY9"},"_chains":{"Behm4ooIyUlVF/CqvOJ9Jghh494w/0GA65yMEooZxKIH":{"chainKey":{"counter":0,"key":"38BRaztdfHW1MRZBC40fJgXyRq2AFRkgpawzRY9BKP8="},"chainType":1,"messageKeys":{}}},"pendingPreKey":{"signedKeyId":1,"baseKey":"BV97Ktf3lJTkOA2I85vUBMyQ6Cu7bEPOtz/FpSkVrw9a","preKeyId":77}}},"version":"v1"}