{"_sessions":{"BU5zmFiO+y/RBZpaO5thZFqpaR9piUUTYQ6vQICiGrVa":{"registrationId":156230536,"currentRatchet":{"ephemeralKeyPair":{"pubKey":"Bc4mASonOMb6f1xl4eWJlDrQ7HOmUDJ6dv1SKC/R+I8f","privKey":"ENz6RfP0lhbuQsEV/P68kvEJyGdW2pECOywbLbegS3w="},"lastRemoteEphemeralKey":"BZHjnhbgH+pqIGbBbimmWlHTeAXJVve6COcsLmx/9T0b","previousCounter":0,"rootKey":"0XIwchGgNtEe+fLJy6E8M/T7Ccab77Q5Km6po4WRwd0="},"indexInfo":{"baseKey":"BU5zmFiO+y/RBZpaO5thZFqpaR9piUUTYQ6vQICiGrVa","baseKeyType":1,"closed":-1,"used":1748566373626,"created":1748566373626,"remoteIdentityKey":"Bfs+2/l4G9Zyi/5nrd/uzg1Vwk+HyBGK6MZGpmNmYHo3"},"_chains":{"Bc4mASonOMb6f1xl4eWJlDrQ7HOmUDJ6dv1SKC/R+I8f":{"chainKey":{"counter":2,"key":"Zy0wbe46YVGk80+53KA/r2F0yc/6zUcsZmfPl3/qDUM="},"chainType":1,"messageKeys":{}}},"pendingPreKey":{"signedKeyId":0,"baseKey":"BU5zmFiO+y/RBZpaO5thZFqpaR9piUUTYQ6vQICiGrVa","preKeyId":9905352}}},"version":"v1"}