{"_sessions":{"BZ0OUX+/6yrTs+wv2kYndLeSJdg5G+cq6lOqvsvIt6xo":{"registrationId":1638173671,"currentRatchet":{"ephemeralKeyPair":{"pubKey":"BT5atoZoKL9tzunwjd4hvfwR9TiQqnY5vtwhIKUEwKwK","privKey":"UOzmNodEe3r3XmG46QlvIjO7qdU9H3AQuHDw5mBnN1Y="},"lastRemoteEphemeralKey":"BUUJmVs50JgiXrGcYcQqvbGppRLeIHHKDSNQBf5tEEJ9","previousCounter":0,"rootKey":"Z39jwoOq7LK7fUHWuyIwhzSDft08xj/68Uifn4Ngu/E="},"indexInfo":{"baseKey":"BZ0OUX+/6yrTs+wv2kYndLeSJdg5G+cq6lOqvsvIt6xo","baseKeyType":1,"closed":-1,"used":1748566372523,"created":1748566372523,"remoteIdentityKey":"Bc+TTcSjmaHoH07urMj8HNEihNwL9DTFSkO+y3tHF+xM"},"_chains":{"BT5atoZoKL9tzunwjd4hvfwR9TiQqnY5vtwhIKUEwKwK":{"chainKey":{"counter":3,"key":"ysc07wNpb0lAbAfHKkuGfabVRkXVeohPjZGkWKm5B44="},"chainType":1,"messageKeys":{}}},"pendingPreKey":{"signedKeyId":5,"baseKey":"BZ0OUX+/6yrTs+wv2kYndLeSJdg5G+cq6lOqvsvIt6xo","preKeyId":4631194}}},"version":"v1"}