{"_sessions":{"BefEp2tCIuvp7GXkkoNQ7U+TtMevk/iuU89P5adzWv9o":{"registrationId":2058280703,"currentRatchet":{"ephemeralKeyPair":{"pubKey":"BWRUmWsU25Qsf8+h3n7kfOzI61VMnW/eAC17nIgFklIT","privKey":"MPEI3l0NaJWb5LFE1RhGvi1ct9LRw6zCw9r6Wrhlgk0="},"lastRemoteEphemeralKey":"BU+xcJWj7oYvnpOaThs9FnaWH1kjIP2QdulwPbYnlzMl","previousCounter":0,"rootKey":"kwMPzbcgPeCpdB+xJNzOkRdywK7ykGPxmmZElvPCD3g="},"indexInfo":{"baseKey":"BefEp2tCIuvp7GXkkoNQ7U+TtMevk/iuU89P5adzWv9o","baseKeyType":1,"closed":-1,"used":1748567564646,"created":1748567564646,"remoteIdentityKey":"BQIL5NMSWPKDX83yCa5bipUQ4wMtBD9SlSdFqfHpA01V"},"_chains":{"BWRUmWsU25Qsf8+h3n7kfOzI61VMnW/eAC17nIgFklIT":{"chainKey":{"counter":0,"key":"QZvlYSiBPRrOeimHaRCBpcU/IFcwzP29McIlxmly4LI="},"chainType":1,"messageKeys":{}}},"pendingPreKey":{"signedKeyId":14,"baseKey":"BefEp2tCIuvp7GXkkoNQ7U+TtMevk/iuU89P5adzWv9o"}}},"version":"v1"}