{"_sessions":{"BaAApvHGW/lrXB6sdld/m5irPgwh6hWtJIALSjck7y0z":{"registrationId":2087277524,"currentRatchet":{"ephemeralKeyPair":{"pubKey":"BZOd6WZ8815ll4LUrCi0Uiu2QyvpC/V2qpEIHSkiJxFn","privKey":"UJ8YhL11wBVshp8wQzFDMfJIzbLxic2r8o9EkFnDr3Y="},"lastRemoteEphemeralKey":"Bfjfu8al2gGzjgQ5n2rSlVaeayzd2cF+0TSRYSVRAqE5","previousCounter":0,"rootKey":"zS9YRKNg26UC5qCwGVhACknzhCdkOxK8Q6z9sdfXli0="},"indexInfo":{"baseKey":"BaAApvHGW/lrXB6sdld/m5irPgwh6hWtJIALSjck7y0z","baseKeyType":1,"closed":-1,"used":1748566373003,"created":1748566373003,"remoteIdentityKey":"BdkTczbee1qvlZm5FH8AJ74xviLZrCE7oHEDV0z5yaYq"},"_chains":{"BZOd6WZ8815ll4LUrCi0Uiu2QyvpC/V2qpEIHSkiJxFn":{"chainKey":{"counter":2,"key":"IPDj1DLrupcelXWZPE09HZBS2ZsGgumg2ZoMJvGgGfo="},"chainType":1,"messageKeys":{}}},"pendingPreKey":{"signedKeyId":3,"baseKey":"BaAApvHGW/lrXB6sdld/m5irPgwh6hWtJIALSjck7y0z","preKeyId":13241131}}},"version":"v1"}