{"_sessions":{"BTQ7NVq1MuclQwfHmS/s7aYmcSKAx5zBtW54kyCHZsUP":{"registrationId":89848382,"currentRatchet":{"ephemeralKeyPair":{"pubKey":"BQ0cRkHfT/Qnh11CTcOlig+WlxEDySPsU5+/hhrf0RIq","privKey":"yGfgvJJIwqFYvIU0Rr2VCkK7jfoOXR0oPunlar+el1k="},"lastRemoteEphemeralKey":"BbHHLdZs46QmfT+JLPO/+w1C2VkItc3tdCBU4zXVl7N7","previousCounter":0,"rootKey":"vfiuyTFQy1agcwO/N1lZ0Z/Zh64U3PamWJfzIeFqtYQ="},"indexInfo":{"baseKey":"BTQ7NVq1MuclQwfHmS/s7aYmcSKAx5zBtW54kyCHZsUP","baseKeyType":1,"closed":-1,"used":1748567564163,"created":1748567564163,"remoteIdentityKey":"BfXQXLVYst1/AhQ2d1VodOk508n9gEvXT+agWE+RYUNn"},"_chains":{"BQ0cRkHfT/Qnh11CTcOlig+WlxEDySPsU5+/hhrf0RIq":{"chainKey":{"counter":0,"key":"D1USPtGTHzS+9nPAq/fuQKaeL+Kq9jIoWyIyKHeDQu0="},"chainType":1,"messageKeys":{}}},"pendingPreKey":{"signedKeyId":8,"baseKey":"BTQ7NVq1MuclQwfHmS/s7aYmcSKAx5zBtW54kyCHZsUP","preKeyId":648740}}},"version":"v1"}