{"_sessions":{"BZPYqk3QBO7OYQeELVsKhtW0yXPtyRFkst1yM1VyAQAj":{"registrationId":468779162,"currentRatchet":{"ephemeralKeyPair":{"pubKey":"BYs/x1ffEu9LN/0O3moRJ/CTAaRuHiIFc0CBPoKw/QF7","privKey":"KLDEDd5gU4l1nsKHKu6L4ET6IBKxbA17fS/dfbfKrWk="},"lastRemoteEphemeralKey":"BWp/3ClGLOL4tdXi0P3GRecje6aSlmoNOA3zKw1jDnJb","previousCounter":0,"rootKey":"KgfycsmxdJI3c6q69PeubG4xs4OgBMTfnyKOtimQ7W0="},"indexInfo":{"baseKey":"BZPYqk3QBO7OYQeELVsKhtW0yXPtyRFkst1yM1VyAQAj","baseKeyType":1,"closed":-1,"used":1748567564034,"created":1748567564034,"remoteIdentityKey":"BYCDQOdGUxj5Yj+vnj0/7VWyW4oyy71sGnC0pMzs1DUq"},"_chains":{"BYs/x1ffEu9LN/0O3moRJ/CTAaRuHiIFc0CBPoKw/QF7":{"chainKey":{"counter":0,"key":"rk09ZEAvifFmdIVIaQ5ePyNjEij8qVb/9FweBqOODDU="},"chainType":1,"messageKeys":{}}},"pendingPreKey":{"signedKeyId":1,"baseKey":"BZPYqk3QBO7OYQeELVsKhtW0yXPtyRFkst1yM1VyAQAj"}}},"version":"v1"}