{"_sessions":{"BWYrT4pRXGJaFeKaCNVHxTqlwURRx/k7HbwhTLVirxtU":{"registrationId":2082704743,"currentRatchet":{"ephemeralKeyPair":{"pubKey":"BTvrNY1SVx68wPoD+WZEvnncERNfou4j6pO/HbtigsNA","privKey":"sJN5EEHFQpS41VTXeYbBJ/oVFhhm4Fjjr7eSwgPM1Uw="},"lastRemoteEphemeralKey":"Bd4uwXgjz7hZbFYZe89Uh9RnTAsaGvgGpMFwe+bAnQwJ","previousCounter":0,"rootKey":"wHyp26oljLQjTjXPDV5za/dw/0VNzFjGXdpWCZDFR/k="},"indexInfo":{"baseKey":"BWYrT4pRXGJaFeKaCNVHxTqlwURRx/k7HbwhTLVirxtU","baseKeyType":1,"closed":-1,"used":1748567564725,"created":1748567564725,"remoteIdentityKey":"BWwntbbNhXrXzrtdSHTbGm7eW38vV3c7TqIiALmQ/+Jp"},"_chains":{"BTvrNY1SVx68wPoD+WZEvnncERNfou4j6pO/HbtigsNA":{"chainKey":{"counter":0,"key":"OpE671nKcN2IMNvh638VxrazprVp3FJZz/PU+/lsFcQ="},"chainType":1,"messageKeys":{}}},"pendingPreKey":{"signedKeyId":0,"baseKey":"BWYrT4pRXGJaFeKaCNVHxTqlwURRx/k7HbwhTLVirxtU"}}},"version":"v1"}