{"_sessions":{"BW/uibHTiEpWmfh8RfIrMdcDXgQKLT+D0/HL1dD8Z4JY":{"registrationId":1544030408,"currentRatchet":{"ephemeralKeyPair":{"pubKey":"BbVU1KLnQabR5GSA8F/LWn2AKMR1TcEvDOaDfiHZQEdi","privKey":"UHa4R2TdeY2qaUzQtE4g9UsYgjEiUPMeJqFTPj2rJnE="},"lastRemoteEphemeralKey":"BdCJ4ZoqiWKqFYSJXjZQ2wNn5dNXAbI/1EM8kwhRT913","previousCounter":0,"rootKey":"u+0rYGeFiFUMqBX5WgIFQ47QtKWt0UgDDtuaNvCq6CA="},"indexInfo":{"baseKey":"BW/uibHTiEpWmfh8RfIrMdcDXgQKLT+D0/HL1dD8Z4JY","baseKeyType":2,"closed":-1,"used":1748567022470,"created":1748567022470,"remoteIdentityKey":"BUxABUbByw5KB4yajwemTRGTz1oekqJJH3m7wxXsoBZE"},"_chains":{"BdCJ4ZoqiWKqFYSJXjZQ2wNn5dNXAbI/1EM8kwhRT913":{"chainKey":{"counter":0,"key":"J1b1WLl+4gqY9jVTsItselH31Hm4auFpxTULgG/9HGo="},"chainType":2,"messageKeys":{}},"BbVU1KLnQabR5GSA8F/LWn2AKMR1TcEvDOaDfiHZQEdi":{"chainKey":{"counter":-1,"key":"CZmuHnyzCU6mvIpwCksYHyvw2aqffQGLUwY0QqGu5sU="},"chainType":1,"messageKeys":{}}}}},"version":"v1"}