{"_sessions":{"Bc+H7EUN7xlHVyNjuno8ogD15s7nQo/VO+awOG/qGmQI":{"registrationId":1724391816,"currentRatchet":{"ephemeralKeyPair":{"pubKey":"BQZMRTTd9rL4dPCjkYXKTtwynIbBuyF8Z6yySRJ1PjAu","privKey":"EHJi3V5xo1gNoBFuv/3dhhlGgWaDPqZtdfRq0AvD5VE="},"lastRemoteEphemeralKey":"BapG9A5icxRT6vS86MdBCcvijtniKUszqDYDZhw5zp8w","previousCounter":0,"rootKey":"NLrtQ3Dq6cmDDkxLbg8e8ekJFZxu/tfgtaG2Yz2l/kc="},"indexInfo":{"baseKey":"Bc+H7EUN7xlHVyNjuno8ogD15s7nQo/VO+awOG/qGmQI","baseKeyType":1,"closed":-1,"used":1748566372424,"created":1748566372424,"remoteIdentityKey":"BZ9z8Qo6q/vMu9/Ei5Mqkc6ugwVxnjgGLvUbFYo9vYsu"},"_chains":{"BQZMRTTd9rL4dPCjkYXKTtwynIbBuyF8Z6yySRJ1PjAu":{"chainKey":{"counter":2,"key":"0iTz7T9+EwG6hPCr19aTvaH1xRndpvHip78C0CKB/P4="},"chainType":1,"messageKeys":{}}},"pendingPreKey":{"signedKeyId":2,"baseKey":"Bc+H7EUN7xlHVyNjuno8ogD15s7nQo/VO+awOG/qGmQI","preKeyId":3471072}}},"version":"v1"}