{"_sessions":{"BSoAga1QZNWhPqjwDEQDVFkb4nxWpvQWx70QFPLVf2Yk":{"registrationId":201756679,"currentRatchet":{"ephemeralKeyPair":{"pubKey":"BVO6pGT2LyGbhRUYq0lgYSPp6Hi+X44mejiYVa2jwmNs","privKey":"EGx5herExDZobpV7LUzIYAZsDudcUK4y4OodLTMUCmg="},"lastRemoteEphemeralKey":"BTklQDQWHQt8l+o2RaWW/h/g7ybex6Frl9n+SsvFgFBk","previousCounter":0,"rootKey":"q70HvdMXR8D/dBAjw/EbYZHRFeOMHC3PwDawC0D3CQ4="},"indexInfo":{"baseKey":"BSoAga1QZNWhPqjwDEQDVFkb4nxWpvQWx70QFPLVf2Yk","baseKeyType":1,"closed":-1,"used":1748567563577,"created":1748567563577,"remoteIdentityKey":"BcRMnikSf/5QIM+f1riARJwr2Z+p5FTOgDiE+xPtVKFL"},"_chains":{"BVO6pGT2LyGbhRUYq0lgYSPp6Hi+X44mejiYVa2jwmNs":{"chainKey":{"counter":0,"key":"GbsLej6xse6xqZTg2zv8BszckTmY9olynjuObjK35vQ="},"chainType":1,"messageKeys":{}}},"pendingPreKey":{"signedKeyId":0,"baseKey":"BSoAga1QZNWhPqjwDEQDVFkb4nxWpvQWx70QFPLVf2Yk","preKeyId":16082179}}},"version":"v1"}