{"_sessions":{"Bay/6ssBtJB0jooo56CxH3y6gfUOiXttyHauby+I8hxf":{"registrationId":428787043,"currentRatchet":{"ephemeralKeyPair":{"pubKey":"BYAZpUV9sTvYBJFvIbZEAb8xfALK45aZ5BHBhLe35QE6","privKey":"SGa/ATNDh15kPxSzXhs3iz9DBcsrMrMKdtFD4C+3rkI="},"lastRemoteEphemeralKey":"BXk5dLfMt6xahFSob8eTwyjZuCSios5FOIOrUviylOVc","previousCounter":0,"rootKey":"hJy+4FeY/7NU1IhkXKSn7AEmjHcSMO+uEMAlLNS166w="},"indexInfo":{"baseKey":"Bay/6ssBtJB0jooo56CxH3y6gfUOiXttyHauby+I8hxf","baseKeyType":1,"closed":-1,"used":1748566373075,"created":1748566373075,"remoteIdentityKey":"Bd4qbev6XKyFMc2vvNhsJsbwuVauOKXAzKp6YM8x3Hpq"},"_chains":{"BYAZpUV9sTvYBJFvIbZEAb8xfALK45aZ5BHBhLe35QE6":{"chainKey":{"counter":3,"key":"j5PxeZkBqx58S+W5VYCtlq7hvypX2YQ3K+58B/5S/ro="},"chainType":1,"messageKeys":{}}},"pendingPreKey":{"signedKeyId":3,"baseKey":"Bay/6ssBtJB0jooo56CxH3y6gfUOiXttyHauby+I8hxf","preKeyId":6940040}}},"version":"v1"}