{"_sessions":{"BSzRxCcd0+WLE1sWLrszZ7HioXVqnFNMSH+NtA+0u+MX":{"registrationId":2123191543,"currentRatchet":{"ephemeralKeyPair":{"pubKey":"BdIo4XqIXW/0mtJ7F4ayIoYpqCD7QjHBqyW9XbrSklhz","privKey":"+PHW7N0nsP+NV6ZmRI81vw1cWwVg9IA06RcaBphFLnQ="},"lastRemoteEphemeralKey":"BWeU208NtqNLCd69zcMcvp25mAivNJMKz9bJ9wq+clFL","previousCounter":0,"rootKey":"vMrKnW4du5ReanCaJht+ahO9PNpXRREXkKQYP/xhG+Q="},"indexInfo":{"baseKey":"BSzRxCcd0+WLE1sWLrszZ7HioXVqnFNMSH+NtA+0u+MX","baseKeyType":1,"closed":-1,"used":1748567564280,"created":1748567564280,"remoteIdentityKey":"BecrS9WpX6zXPqRynGKhm7GMBfc8ZwhjZIS2RqtpQNVT"},"_chains":{"BdIo4XqIXW/0mtJ7F4ayIoYpqCD7QjHBqyW9XbrSklhz":{"chainKey":{"counter":0,"key":"gJoN2HYirIK7AckzmTfMpT5mglFIF2Tn4lI1mVEzALY="},"chainType":1,"messageKeys":{}}},"pendingPreKey":{"signedKeyId":12,"baseKey":"BSzRxCcd0+WLE1sWLrszZ7HioXVqnFNMSH+NtA+0u+MX","preKeyId":10775012}}},"version":"v1"}