{"_sessions":{"Bdm2U/uOjiYJgQezhbsQiNsJFJ5GyggdXTlV6anP1TgZ":{"registrationId":2113478630,"currentRatchet":{"ephemeralKeyPair":{"pubKey":"BSdqpyEAupacD/uYw6ib0xEJ/OZIOd0P8fofq2W3mKUo","privKey":"GPz2HzX1pf4RQf4l8S+7+S9zSK5A+vAxvbRs0Z+QhHc="},"lastRemoteEphemeralKey":"BWlRtdJwJmmkDRNOkQ810rFgA7TGDE2jfIH2OYS0Ynlw","previousCounter":0,"rootKey":"K7Akox1Ax73CeDvT5L6jG5jsrMlTIfOXxv/7NiSk148="},"indexInfo":{"baseKey":"Bdm2U/uOjiYJgQezhbsQiNsJFJ5GyggdXTlV6anP1TgZ","baseKeyType":1,"closed":-1,"used":1748566373605,"created":1748566373605,"remoteIdentityKey":"BZwshwiV3rfkqiqmPiocNTEMG7CugArGsChvh1lB/Kdo"},"_chains":{"BSdqpyEAupacD/uYw6ib0xEJ/OZIOd0P8fofq2W3mKUo":{"chainKey":{"counter":2,"key":"iY3RMlMPMv/cHjyGX+gi2imfj3LWIv+h4GcATL1Lfl0="},"chainType":1,"messageKeys":{}}},"pendingPreKey":{"signedKeyId":17,"baseKey":"Bdm2U/uOjiYJgQezhbsQiNsJFJ5GyggdXTlV6anP1TgZ","preKeyId":9228680}}},"version":"v1"}