{"_sessions":{"BaTGA6dI5O3CqEDsGZFRHR9Dc41qg5xoEXhwFueVC1EA":{"registrationId":510049713,"currentRatchet":{"ephemeralKeyPair":{"pubKey":"BSC5wgqgesmtT9sZrZMFoeyzB9d0dUCSH99xdiG8TToZ","privKey":"aE/GZuuQo/24f7lUtavQFacV7AD3N6UKh9FCY7nPlVE="},"lastRemoteEphemeralKey":"BYso4HQ7Plf+Fa4KqAn85i55GO2p2f4HyKz95cftrB9t","previousCounter":0,"rootKey":"sDfXFB+pjnyQ8tPEwmnpxyqzwF+OKkaLAPuAwTcHcLg="},"indexInfo":{"baseKey":"BaTGA6dI5O3CqEDsGZFRHR9Dc41qg5xoEXhwFueVC1EA","baseKeyType":1,"closed":-1,"used":1748566372829,"created":1748566372829,"remoteIdentityKey":"BRz9iplMiZiwZiBAL51n5esNa0WMQkiaBO/mRE+huFgY"},"_chains":{"BSC5wgqgesmtT9sZrZMFoeyzB9d0dUCSH99xdiG8TToZ":{"chainKey":{"counter":2,"key":"01zkV0x6F7w3gjwn3qp2ohzlw4uu2sj/51mV+pOZYCI="},"chainType":1,"messageKeys":{}}},"pendingPreKey":{"signedKeyId":6,"baseKey":"BaTGA6dI5O3CqEDsGZFRHR9Dc41qg5xoEXhwFueVC1EA","preKeyId":5903900}}},"version":"v1"}