{"_sessions":{"BWF7N85qxXT2F3gJMd6xPlwsIJp4G2edXorfG2e11GUY":{"registrationId":663468616,"currentRatchet":{"ephemeralKeyPair":{"pubKey":"BfjjUSMcaoIGMedZAr9M4dgtF+YR47e3169ubrJqGdRU","privKey":"mH9urMxh4yvl3P7fNgWOCuRzNHbghI8GpSLetfYyKnk="},"lastRemoteEphemeralKey":"BdiULp9MuG7ofN1ws4ery/j2MnKcQu+1owx5rAqBMvJm","previousCounter":0,"rootKey":"741aV3u7c0dQPWlA7mDFBxmjyQt+RRN2qSqT9WNhQCo="},"indexInfo":{"baseKey":"BWF7N85qxXT2F3gJMd6xPlwsIJp4G2edXorfG2e11GUY","baseKeyType":1,"closed":-1,"used":1748567564503,"created":1748567564503,"remoteIdentityKey":"BZLUIMBCCnvgGGOc+9jnEkLSCTp7hH3KGAMwA5z5DIQf"},"_chains":{"BfjjUSMcaoIGMedZAr9M4dgtF+YR47e3169ubrJqGdRU":{"chainKey":{"counter":0,"key":"RrwumoJ6/090nP4mgSlu3wFQ3OhXMcChDlp0Q+PaO7k="},"chainType":1,"messageKeys":{}}},"pendingPreKey":{"signedKeyId":2,"baseKey":"BWF7N85qxXT2F3gJMd6xPlwsIJp4G2edXorfG2e11GUY","preKeyId":3482633}}},"version":"v1"}