{"_sessions":{"BdqRa1fOyUlZMzHQjOoGbS6qaqKI4EdB2xho5yntJYg2":{"registrationId":355017831,"currentRatchet":{"ephemeralKeyPair":{"pubKey":"BW3ABcq05r1luK+gLFHYTDVjPPqFcnC0aUkFAQqrJhQD","privKey":"MCI+bDjYlc6sBagiW0eBz3oJPjENMdBg9qyCGCCarFw="},"lastRemoteEphemeralKey":"BTNb4XFiX58DwQsqB5EAvyyy6fTK+k2PS1KTB/54IIko","previousCounter":0,"rootKey":"FCLDUakfwiSc4k3vKVMbRCFXD26fMSjt7NyV9TS60aY="},"indexInfo":{"baseKey":"BdqRa1fOyUlZMzHQjOoGbS6qaqKI4EdB2xho5yntJYg2","baseKeyType":1,"closed":-1,"used":1748566373081,"created":1748566373081,"remoteIdentityKey":"BX2xpxpXza4FK5LeQRUdV8MtphARegR4gPGkS4jAf80d"},"_chains":{"BW3ABcq05r1luK+gLFHYTDVjPPqFcnC0aUkFAQqrJhQD":{"chainKey":{"counter":3,"key":"dNXXxTYHhZ2Jdxq03xxNhafdyFhSej95g2BUq27pnlo="},"chainType":1,"messageKeys":{}}},"pendingPreKey":{"signedKeyId":4,"baseKey":"BdqRa1fOyUlZMzHQjOoGbS6qaqKI4EdB2xho5yntJYg2","preKeyId":12175516}}},"version":"v1"}