{"_sessions":{"BVxFzZJgkCGI+NugrTxn/jEvWhrJVgXZH3GWqujvbz0a":{"registrationId":75983945,"currentRatchet":{"ephemeralKeyPair":{"pubKey":"BdnxPz/AtT/xY/SV2WG1KWSMZgYj2+WXVvAiVj+W+7A8","privKey":"aDiMo0rkXvP88lCQCPg/pGkSpGBn3oOITvxx6Hn4D0A="},"lastRemoteEphemeralKey":"BUqALmn0k7Kig76RPw1I/L0Tc0vybmo0Km+3u2GWYewm","previousCounter":0,"rootKey":"OXBvjT+xeokeOChrTR3+GPBIjprUzOsC7zltQz0LQFY="},"indexInfo":{"baseKey":"BVxFzZJgkCGI+NugrTxn/jEvWhrJVgXZH3GWqujvbz0a","baseKeyType":1,"closed":-1,"used":1748566372568,"created":1748566372568,"remoteIdentityKey":"BXb74I7wD1X9z9cH7JXVsqzKA9XtAiIrT4hFpEo9/tFU"},"_chains":{"BdnxPz/AtT/xY/SV2WG1KWSMZgYj2+WXVvAiVj+W+7A8":{"chainKey":{"counter":2,"key":"JPMgMGjxkEXyw6UTzjK5VU3dwHulZf1lpCSdtN5TLI8="},"chainType":1,"messageKeys":{}}},"pendingPreKey":{"signedKeyId":5,"baseKey":"BVxFzZJgkCGI+NugrTxn/jEvWhrJVgXZH3GWqujvbz0a","preKeyId":2711054}}},"version":"v1"}