{"_sessions":{"BZArqOquI+cxvbKcwOi/3sMH2jy1xM5KHjJw+u2Uc4Vv":{"registrationId":4096,"currentRatchet":{"ephemeralKeyPair":{"pubKey":"BVz4Vp7bl05UK9DaxA5L+2MN8M7pY6NFW9yHFjXw9fZ9","privKey":"6Jb/yru7P9RqP2Q4n+GDSwe4pH1zS9AkaAeU/oOiVmI="},"lastRemoteEphemeralKey":"BVV4EhVOIuqCUg4QZaS4ZHqCLGpkI8kojdIVEjI+EIY7","previousCounter":0,"rootKey":"+o2rbCs70cSxTpNesDlhE5c3O131b4+bclYXPScIIVA="},"indexInfo":{"baseKey":"BZArqOquI+cxvbKcwOi/3sMH2jy1xM5KHjJw+u2Uc4Vv","baseKeyType":1,"closed":-1,"used":1748567564048,"created":1748567564048,"remoteIdentityKey":"Bbi5aL+5qJqnB8oNqLE5eyv8f9zIOa6z5qz3BjLOLH4Z"},"_chains":{"BVz4Vp7bl05UK9DaxA5L+2MN8M7pY6NFW9yHFjXw9fZ9":{"chainKey":{"counter":0,"key":"8lbVjwt23sMXNG9hzTIcZi5BVz9fjSfz5ZZM25BFc88="},"chainType":1,"messageKeys":{}}},"pendingPreKey":{"signedKeyId":1,"baseKey":"BZArqOquI+cxvbKcwOi/3sMH2jy1xM5KHjJw+u2Uc4Vv"}}},"version":"v1"}