{"_sessions":{"BTNFh77jsZCbOT+t6hINz4cfgC6w4XV8tyd2zgXSh6Ij":{"registrationId":2122934288,"currentRatchet":{"ephemeralKeyPair":{"pubKey":"Bet6JhMVMx7ekGro7cBMvkNz9AjuDwKQkUMsToJ5hchu","privKey":"oGVx9fqCWCHCATT2QMc0rccpi2IDp4NHatRb9KC8Slo="},"lastRemoteEphemeralKey":"BbiQGEm/gZoZoJg38epDIJ+3UVnfqosy2kX10ImOq0Z0","previousCounter":0,"rootKey":"zFFWggE8pvpdfMmoJ2nOND+TW7RIRMjH0FVPuXGvlH4="},"indexInfo":{"baseKey":"BTNFh77jsZCbOT+t6hINz4cfgC6w4XV8tyd2zgXSh6Ij","baseKeyType":1,"closed":-1,"used":1748567564537,"created":1748567564537,"remoteIdentityKey":"BUvzDIBPjcRyB0CT419tbhtLpbJwKqfI46aPCdmwdRJi"},"_chains":{"Bet6JhMVMx7ekGro7cBMvkNz9AjuDwKQkUMsToJ5hchu":{"chainKey":{"counter":0,"key":"GQ4fG5k7plm3n19K7P7YW1F1GwnGvMDtwOBRDBh5tjw="},"chainType":1,"messageKeys":{}}},"pendingPreKey":{"signedKeyId":13286130,"baseKey":"BTNFh77jsZCbOT+t6hINz4cfgC6w4XV8tyd2zgXSh6Ij"}}},"version":"v1"}