{"_sessions":{"BYHonete9UnUEfSX2riXk4g4WD9En/saYKBlP3CZ2hJ6":{"registrationId":1566960307,"currentRatchet":{"ephemeralKeyPair":{"pubKey":"BQHkVgoJz2VhAQH+2ZAGUvwu+2fKuqrrdydMkhbrktsO","privKey":"6HjTj/+YedtfT7NiFqt7zzr7UTpKWAyG9HDMjQgXMHI="},"lastRemoteEphemeralKey":"Ba3Z8DJXp2BbT+QHPa5+mzLq0ZnCnyNzoJ0k3LORTJ1U","previousCounter":0,"rootKey":"gd4HTbV6FqcvsQP5UTpdIqPSrGnIMqIJaI94RwRDzK4="},"indexInfo":{"baseKey":"BYHonete9UnUEfSX2riXk4g4WD9En/saYKBlP3CZ2hJ6","baseKeyType":1,"closed":-1,"used":1748566373415,"created":1748566373415,"remoteIdentityKey":"BX3XB14YrzEAZOuuUtm8GmCD2YyTgL2gSNSa9B5a6+AW"},"_chains":{"BQHkVgoJz2VhAQH+2ZAGUvwu+2fKuqrrdydMkhbrktsO":{"chainKey":{"counter":2,"key":"VKVwm+Yyjq3nwaJ+LNh1lfrOjVHNz0HXoFit8QT+l4g="},"chainType":1,"messageKeys":{}}},"pendingPreKey":{"signedKeyId":11,"baseKey":"BYHonete9UnUEfSX2riXk4g4WD9En/saYKBlP3CZ2hJ6","preKeyId":8898328}}},"version":"v1"}