{"_sessions":{"BSDNrx641xPMpfvY4Sg3PWEcDK9KCGspkC+aTJVSD343":{"registrationId":491372889,"currentRatchet":{"ephemeralKeyPair":{"pubKey":"BQ4VPler+2tHQGDmT9SN5Tvek3Y6VXUFCbKtJZ9r/4l+","privKey":"0JHoovmHLh+EZOulpATHoWNtLG2+mobhdaLoiz3Nc2o="},"lastRemoteEphemeralKey":"BXkIyF+/cOKg7lqjJ8aAnslV7DYHTWW2ekVwQMic9Ek6","previousCounter":0,"rootKey":"m+iu5w4n6Fv+JBO85iRlKFAoXid/SLzE/oxH0TovQio="},"indexInfo":{"baseKey":"BSDNrx641xPMpfvY4Sg3PWEcDK9KCGspkC+aTJVSD343","baseKeyType":1,"closed":-1,"used":1748566372985,"created":1748566372985,"remoteIdentityKey":"BXx9ydwrXFHPGCNMkpx76dxQNQStQ01RGx5fpWWNqhgw"},"_chains":{"BQ4VPler+2tHQGDmT9SN5Tvek3Y6VXUFCbKtJZ9r/4l+":{"chainKey":{"counter":2,"key":"D6ySP0w7AXb/hPGJz/Xf+k6ETKIuOHeegQLkAJX3PiA="},"chainType":1,"messageKeys":{}}},"pendingPreKey":{"signedKeyId":6,"baseKey":"BSDNrx641xPMpfvY4Sg3PWEcDK9KCGspkC+aTJVSD343","preKeyId":10994020}}},"version":"v1"}