{"_sessions":{"BVpyILRVkLtLoA4NMR5ISSIXrL7410bT9t56h47O1EBf":{"registrationId":1610085476,"currentRatchet":{"ephemeralKeyPair":{"pubKey":"BfQFSY9ZCE7rfl8gJGOt5+8/BTqYdJn3+B+kIPuwhBNO","privKey":"COBw+L5laLs9t+vL7eAqDqpYnAifMn99XjvLRDujSU0="},"lastRemoteEphemeralKey":"BTymt7NPs5v+RhXziz+ftO6+Fw3LsoH2YIk/JsmmBiRq","previousCounter":0,"rootKey":"xLBH/B5s8FyYAcI8NYvBFpWzgr7a/xVXz6CMXiX4qIw="},"indexInfo":{"baseKey":"BVpyILRVkLtLoA4NMR5ISSIXrL7410bT9t56h47O1EBf","baseKeyType":1,"closed":-1,"used":1748566372673,"created":1748566372673,"remoteIdentityKey":"BX4eSnj/lm+giIaaxPCFnmZ5uCQ8S1SHsTaqk4EZlhB+"},"_chains":{"BfQFSY9ZCE7rfl8gJGOt5+8/BTqYdJn3+B+kIPuwhBNO":{"chainKey":{"counter":2,"key":"TXSvPCWFv/VzXSGmG35xPbXOJSbjEIFn1HhbxmwgNac="},"chainType":1,"messageKeys":{}}},"pendingPreKey":{"signedKeyId":49,"baseKey":"BVpyILRVkLtLoA4NMR5ISSIXrL7410bT9t56h47O1EBf","preKeyId":8976803}}},"version":"v1"}