{"_sessions":{"BV3QRaJZNexvVbDpGpWyK4ARVF5pdiod0v6wnfdHJUZy":{"registrationId":2065169113,"currentRatchet":{"ephemeralKeyPair":{"pubKey":"BfIT9ZNzVMpdb061gWN65JEhrUWVNV/pqP2xOvchTQwd","privKey":"ICivSQAFdm2lVF8Q/GG0/n0pd6iMA+893fI1WzFsH0M="},"lastRemoteEphemeralKey":"BbeUCSR3D+Ldn6TuBI3Y7WG/D3gUvg/skWIda796MrNE","previousCounter":0,"rootKey":"/UGge0aCCHpxOk/VFXxx6LySSWxmlO2nJLtgM1qb1Zs="},"indexInfo":{"baseKey":"BV3QRaJZNexvVbDpGpWyK4ARVF5pdiod0v6wnfdHJUZy","baseKeyType":1,"closed":-1,"used":1748567564670,"created":1748567564670,"remoteIdentityKey":"Bet0N7kObfNPrbRpC/tYbEjde92j7G6yPTjApkEjGdcA"},"_chains":{"BfIT9ZNzVMpdb061gWN65JEhrUWVNV/pqP2xOvchTQwd":{"chainKey":{"counter":0,"key":"sSfEFTCfkBoH5sdeoZpZeHj2+7K7xgO3y0Oal8PokmQ="},"chainType":1,"messageKeys":{}}},"pendingPreKey":{"signedKeyId":5526933,"baseKey":"BV3QRaJZNexvVbDpGpWyK4ARVF5pdiod0v6wnfdHJUZy"}}},"version":"v1"}