{"_sessions":{"BVvAU546a4/WqNOvwmPX75iP9dSgU8FdbuDzMEZtPLNs":{"registrationId":1124639745,"currentRatchet":{"ephemeralKeyPair":{"pubKey":"BTCCrT/NC/W/sRHRHsGYHeFvw03D1/d//PaT9ta/DCko","privKey":"eEUoD38GNV9z6HthDo5Uja8Jqfggk7HW/UkHr6DKWEM="},"lastRemoteEphemeralKey":"BR4E3QhN1cTs00LbqD0pjqh1R7ji//6DtIk1J1YyDyVU","previousCounter":0,"rootKey":"DDjl+invy1Vdn1jMVpLmnCtfwXy6FizRMD2BAEHjsQo="},"indexInfo":{"baseKey":"BVvAU546a4/WqNOvwmPX75iP9dSgU8FdbuDzMEZtPLNs","baseKeyType":1,"closed":-1,"used":1748566372213,"created":1748566372213,"remoteIdentityKey":"BfkESs8rmzhjgOtBGpfwP3/DdPWrthovwOiQjnN/raMO"},"_chains":{"BTCCrT/NC/W/sRHRHsGYHeFvw03D1/d//PaT9ta/DCko":{"chainKey":{"counter":2,"key":"B762ueTySCtS0SPRhH02Ta2cK7ol9UHX4obrmwK6qJo="},"chainType":1,"messageKeys":{}}},"pendingPreKey":{"signedKeyId":1,"baseKey":"BVvAU546a4/WqNOvwmPX75iP9dSgU8FdbuDzMEZtPLNs"}}},"version":"v1"}