{"_sessions":{"BS7pz0MO6KFCJYIcylFBH7n8ROB9SBXSugt8LQqFIFJI":{"registrationId":2082098879,"currentRatchet":{"ephemeralKeyPair":{"pubKey":"BRPdQUWPUxjVuwlNyjuB2g/TX2Dnygn/Hp7N9pTvsVIW","privKey":"IL+QhAnextqnVj7Zpt1G5IEdJAUwgSSNjQ9j47nPtlM="},"lastRemoteEphemeralKey":"BXE/iXjBmInIPnUWWWZ4khXAkL2pMIr9zdDHdBbR2Hox","previousCounter":0,"rootKey":"QnYApyaO1zne0K/tE7VRWrWYxVLzAkvfO7v09aTEQCg="},"indexInfo":{"baseKey":"BS7pz0MO6KFCJYIcylFBH7n8ROB9SBXSugt8LQqFIFJI","baseKeyType":1,"closed":-1,"used":1748567564208,"created":1748567564208,"remoteIdentityKey":"BdK0uL02J5z6F1q9GigLBzYFdgExbzUCtUgLMp4tfM0s"},"_chains":{"BRPdQUWPUxjVuwlNyjuB2g/TX2Dnygn/Hp7N9pTvsVIW":{"chainKey":{"counter":0,"key":"PfOm7MmYmx11+1umi1WdQ/2a6twnmLd3E5MgHsi+2Po="},"chainType":1,"messageKeys":{}}},"pendingPreKey":{"signedKeyId":2,"baseKey":"BS7pz0MO6KFCJYIcylFBH7n8ROB9SBXSugt8LQqFIFJI","preKeyId":14657284}}},"version":"v1"}