{"_sessions":{"Bbh832LolE1pGjETeZpHe0VmkZSA+ufEJp5vFyTQ0JZO":{"registrationId":717770733,"currentRatchet":{"ephemeralKeyPair":{"pubKey":"BUVhQWanwKKqdUNKnLqgeM0gn52452XpdCAbeL271Gog","privKey":"WOvqWZk6ctsXoaaSt6eDdjuPQ5NxSd1sD8+H0vUySUs="},"lastRemoteEphemeralKey":"Bck2L4ZkTuzfnPBV8RItF+nTxVdt0MeDXDpghWqJ6Dwg","previousCounter":0,"rootKey":"Z6qSWFsRHc0tPuURHcoksMtEntdByan/ENF5IXSusOY="},"indexInfo":{"baseKey":"Bbh832LolE1pGjETeZpHe0VmkZSA+ufEJp5vFyTQ0JZO","baseKeyType":1,"closed":-1,"used":1748566372923,"created":1748566372923,"remoteIdentityKey":"BRPjnf2Lyyp41MAKsjr8ASz4zid1V1fGiH4j+AumEPF9"},"_chains":{"BUVhQWanwKKqdUNKnLqgeM0gn52452XpdCAbeL271Gog":{"chainKey":{"counter":2,"key":"x10aVdClqRKixihx6ePrIqsAMcl/Gz7gpGfVDHa3tVU="},"chainType":1,"messageKeys":{}}},"pendingPreKey":{"signedKeyId":2,"baseKey":"Bbh832LolE1pGjETeZpHe0VmkZSA+ufEJp5vFyTQ0JZO","preKeyId":1548880}}},"version":"v1"}