{"_sessions":{"BfGy/yFX9QKUN1gm20mxjTHdkhxqEDlO2C0UJHUoPfgk":{"registrationId":741850071,"currentRatchet":{"ephemeralKeyPair":{"pubKey":"BR1NXpmbpe598PkuVbq7bzsWm58ehEuM8uhSWTu2mhsN","privKey":"GPaVSniDCuPHeHHYQ0GCJjlu7o9+cCLNVWmJaRtqgEI="},"lastRemoteEphemeralKey":"BZV3tduK7nmydT3H9FRMtTD5TdSsvAqPaWi2HCzS55Ye","previousCounter":0,"rootKey":"Qama+33BwPD5s3HjOhVVKoTtV1TBSNdl12zEDEEXwGQ="},"indexInfo":{"baseKey":"BfGy/yFX9QKUN1gm20mxjTHdkhxqEDlO2C0UJHUoPfgk","baseKeyType":1,"closed":-1,"used":1748566372961,"created":1748566372961,"remoteIdentityKey":"BaP9kiL4O+aebmqmd8lDk85kgth5eVdHJg+kWbWNlrAX"},"_chains":{"BR1NXpmbpe598PkuVbq7bzsWm58ehEuM8uhSWTu2mhsN":{"chainKey":{"counter":2,"key":"xWfLCUoxf+SnvXbT6PznN9QK9CA+UxOP7pR3tCyeO60="},"chainType":1,"messageKeys":{}}},"pendingPreKey":{"signedKeyId":0,"baseKey":"BfGy/yFX9QKUN1gm20mxjTHdkhxqEDlO2C0UJHUoPfgk","preKeyId":10932378}}},"version":"v1"}