{"_sessions":{"BW8NfLEpxN22+vCwooCAToUcwGhs9erSvJ2JZDKY+tQn":{"registrationId":10298,"currentRatchet":{"ephemeralKeyPair":{"pubKey":"BdozimLByJ2tFH2FbAYtMhSEkDCbHsDE5kPiIZorY8UT","privKey":"2OgpctH8qoDPpwTg9iZb9q6U2gN2t0U1xQA5vREUK0Q="},"lastRemoteEphemeralKey":"BXAJYF/ibmMRA5c9s6AHyYHWUSVJSFyHN6ZJk1A8cW4g","previousCounter":0,"rootKey":"ItoVyjxaEnsgHxZzeSopQP3VLjgZN8tPA98+aIwAUn8="},"indexInfo":{"baseKey":"BW8NfLEpxN22+vCwooCAToUcwGhs9erSvJ2JZDKY+tQn","baseKeyType":1,"closed":-1,"used":1748566371913,"created":1748566371913,"remoteIdentityKey":"BZ//0oj6KuQrZO2q1XkEIwU8BOJWUFyyiLvoMMVpa+c0"},"_chains":{"BdozimLByJ2tFH2FbAYtMhSEkDCbHsDE5kPiIZorY8UT":{"chainKey":{"counter":2,"key":"T1xhDlgQ0Ef+TvDyvsXO+GaRYpTpi4U74z6EpwhPPrk="},"chainType":1,"messageKeys":{}}},"pendingPreKey":{"signedKeyId":1,"baseKey":"BW8NfLEpxN22+vCwooCAToUcwGhs9erSvJ2JZDKY+tQn","preKeyId":4657}}},"version":"v1"}