{"_sessions":{"BRdwTCB8PLtWG9xkc0fDYjyS2/c76p9w3Bgcj4Po8C0l":{"registrationId":936713334,"currentRatchet":{"ephemeralKeyPair":{"pubKey":"BWiIA7C8+TAELCFJ93r7ASLh3kdQI7ZFf2MidMJ3oitR","privKey":"kDvltp4gir/peVwTONoSxDQYZGxi3JetdjEjmzZitWs="},"lastRemoteEphemeralKey":"BcKEEqD26hu27oHMRYYtngaeHfN2knt60r4ZnjY6f/dK","previousCounter":0,"rootKey":"+UXKv7u91Z86d8iKkfpTQoYb3Ah5vqgP9ENx1E+9Sh0="},"indexInfo":{"baseKey":"BRdwTCB8PLtWG9xkc0fDYjyS2/c76p9w3Bgcj4Po8C0l","baseKeyType":1,"closed":-1,"used":1748566372407,"created":1748566372407,"remoteIdentityKey":"BRksLe6+80oXQuTC9NpXpcmaH3QbTX4NdrnRDHDCcY5P"},"_chains":{"BWiIA7C8+TAELCFJ93r7ASLh3kdQI7ZFf2MidMJ3oitR":{"chainKey":{"counter":2,"key":"70gkghD7Opde4mUIK9M89LSr9OfkmpgQJbe94ebq6pk="},"chainType":1,"messageKeys":{}}},"pendingPreKey":{"signedKeyId":0,"baseKey":"BRdwTCB8PLtWG9xkc0fDYjyS2/c76p9w3Bgcj4Po8C0l","preKeyId":1017271}}},"version":"v1"}