{"_sessions":{"BSo56ov8rn1/siIMwixDfblF+WzanIBCFujeaXR+dvsx":{"registrationId":1311055886,"currentRatchet":{"ephemeralKeyPair":{"pubKey":"BdxyZMBPyb4Gx0YcLIGJsGhFW0Y1opNjy8pLHS5mB2Z+","privKey":"sL1lk6xwpHV9JRa+q3SVX9WXvVAej+JPptl0Xx1/nlE="},"lastRemoteEphemeralKey":"BbXwhekJxFRJrCi4RixCWXJHExClGdD08+vQbGXpZ2Jy","previousCounter":0,"rootKey":"9l9S7w2Rd7OgfZJbYX/Ap/N1GJV580F7nmvUU9us9YU="},"indexInfo":{"baseKey":"BSo56ov8rn1/siIMwixDfblF+WzanIBCFujeaXR+dvsx","baseKeyType":1,"closed":-1,"used":1748566372717,"created":1748566372717,"remoteIdentityKey":"BQfg5VZ2qjqtOnYwBkvCC5lobTXjwt8AhKDgd2ACxWcl"},"_chains":{"BdxyZMBPyb4Gx0YcLIGJsGhFW0Y1opNjy8pLHS5mB2Z+":{"chainKey":{"counter":2,"key":"UmR1u/Vaqvj869CGggE0OntxL6Ft35CAJi/3qFqQhFM="},"chainType":1,"messageKeys":{}}},"pendingPreKey":{"signedKeyId":1,"baseKey":"BSo56ov8rn1/siIMwixDfblF+WzanIBCFujeaXR+dvsx"}}},"version":"v1"}