{"_sessions":{"BXdnYn9Q4JEqZIAEHDFBQztzBAYtcP5oKgix2l/Mkyka":{"registrationId":168138949,"currentRatchet":{"ephemeralKeyPair":{"pubKey":"BZ8oGdH+Srpou+fK5qPhy2UqyXzSWeEW41YBDox7pl5N","privKey":"GAhc9kxhFk9mZij7X+fxbn71KtnvNQGP/4k+SMclfWo="},"lastRemoteEphemeralKey":"BR4UCA1fI2wmv5A3CVXz5fwCQ46HdvG8SlpVHpeUJLMq","previousCounter":0,"rootKey":"AxdfxC4385E0nWb6DC2HE5GHi10hILPdbVs6+WGakok="},"indexInfo":{"baseKey":"BXdnYn9Q4JEqZIAEHDFBQztzBAYtcP5oKgix2l/Mkyka","baseKeyType":1,"closed":-1,"used":1748566373087,"created":1748566373087,"remoteIdentityKey":"BS5OgiPZ+wvggtJkHW6TLWIWjtfDWnZ1nwcmzQ5vDotd"},"_chains":{"BZ8oGdH+Srpou+fK5qPhy2UqyXzSWeEW41YBDox7pl5N":{"chainKey":{"counter":2,"key":"VYr+zld5+ciWcU7oBMdzHwdbvKMg4jpkeW/87J1+wGQ="},"chainType":1,"messageKeys":{}}},"pendingPreKey":{"signedKeyId":12,"baseKey":"BXdnYn9Q4JEqZIAEHDFBQztzBAYtcP5oKgix2l/Mkyka","preKeyId":6314988}}},"version":"v1"}