{"_sessions":{"BeCKymNJlP/jyqPZYniNSqn1GAvjD92K4pwM7kLukwh1":{"registrationId":2070146259,"currentRatchet":{"ephemeralKeyPair":{"pubKey":"Bcg5aFTi5GR8dg2zgwqJBNPi4abC82nu5gl27Kg3E+x5","privKey":"8N3eel9cHd2Ui1O9+OVm6du5dEDVrxuh70WWxBVNTlY="},"lastRemoteEphemeralKey":"BSDwDTDGYFk11tqEc0k14Ib/RP+Xz0/5FfS/+4J9K0I+","previousCounter":0,"rootKey":"VCovQvWMHu1zKytNa5qlbwjj6EtXg195LcxAalg+owU="},"indexInfo":{"baseKey":"BeCKymNJlP/jyqPZYniNSqn1GAvjD92K4pwM7kLukwh1","baseKeyType":1,"closed":-1,"used":1748566373191,"created":1748566373191,"remoteIdentityKey":"BZEdGcxa9xLeER3Vi5ai+FF8FfjyudsIQ+AQOwhK+3Qd"},"_chains":{"Bcg5aFTi5GR8dg2zgwqJBNPi4abC82nu5gl27Kg3E+x5":{"chainKey":{"counter":2,"key":"qNM7wMPXb874DH7mDKBSrdzh6WrUyIPoA2P0Rqje3xY="},"chainType":1,"messageKeys":{}}},"pendingPreKey":{"signedKeyId":0,"baseKey":"BeCKymNJlP/jyqPZYniNSqn1GAvjD92K4pwM7kLukwh1","preKeyId":9278211}}},"version":"v1"}