{"_sessions":{"BTZX/tWhjXNTQfq0SRps869iaF3ChMuNIApNco+kNQgj":{"registrationId":15942,"currentRatchet":{"ephemeralKeyPair":{"pubKey":"BUnUeJ91EjD2M7Mgljt4JqNAL1Pn/+fzgoQV1ss1TXwA","privKey":"aGJ6ZWKT9NgmFLHltUVWx9bH9v9bbLri2CHM9N79KEI="},"lastRemoteEphemeralKey":"BSWEPKaScwCay6Ik32oCF67jOKcI0qERQrd5ouFfAHIS","previousCounter":0,"rootKey":"efZvdqiMYKR5uc4ESGpFwFYz2wLERy8BbzPr3SSWO48="},"indexInfo":{"baseKey":"BTZX/tWhjXNTQfq0SRps869iaF3ChMuNIApNco+kNQgj","baseKeyType":2,"closed":-1,"used":1748566145233,"created":1748566145233,"remoteIdentityKey":"Bd+B36RZQEkRWxM0kNQ6kDbXLp7gBHJr2tgyIASpR+9t"},"_chains":{"BSWEPKaScwCay6Ik32oCF67jOKcI0qERQrd5ouFfAHIS":{"chainKey":{"counter":0,"key":"POUYGW+90UNfNLRi3CeVQ5p12XXxOcQfyl2bGWKZqmM="},"chainType":2,"messageKeys":{}},"BUnUeJ91EjD2M7Mgljt4JqNAL1Pn/+fzgoQV1ss1TXwA":{"chainKey":{"counter":2,"key":"xzU5zSJnNOjhWAEB5mjalQJJNGy9yfseqD2UO/k0Uyc="},"chainType":1,"messageKeys":{}}}}},"version":"v1"}