{"_sessions":{"BRVE3e+qoH9+DnIYzCuThvXb8DJ/vX/SQm7HWbS3WHlM":{"registrationId":702572338,"currentRatchet":{"ephemeralKeyPair":{"pubKey":"BSXtS7HhSkgAu6FU19DKscxocbF3QVDsRmTZInIdQnYF","privKey":"oMsOrIT+qr+N3pv6PNJGVH0rO3kxggh1FTS8RJaS+HU="},"lastRemoteEphemeralKey":"BYTvfYMzXFjR8wJO33qnvIJUkmCj86vxJzXiPSBwOhwB","previousCounter":0,"rootKey":"ghRuQsJHE/bXTmHsW9MllazJlfGPPZh25R7Wb61SbSA="},"indexInfo":{"baseKey":"BRVE3e+qoH9+DnIYzCuThvXb8DJ/vX/SQm7HWbS3WHlM","baseKeyType":1,"closed":-1,"used":1748566373556,"created":1748566373556,"remoteIdentityKey":"BSQeizctWZoOrej+rHOTvSn/IGwv+SlVm+RrU310BH0O"},"_chains":{"BSXtS7HhSkgAu6FU19DKscxocbF3QVDsRmTZInIdQnYF":{"chainKey":{"counter":2,"key":"vpXrMwxVEhJb92jOmoOmjh4Q1tTGGhM1ZEm9LaJHoXQ="},"chainType":1,"messageKeys":{}}},"pendingPreKey":{"signedKeyId":0,"baseKey":"BRVE3e+qoH9+DnIYzCuThvXb8DJ/vX/SQm7HWbS3WHlM"}}},"version":"v1"}