{"_sessions":{"BX8aKr9uyH8DNo3zlTlnv2ADMhgSMoVtz350aWq+J/9e":{"registrationId":137467772,"currentRatchet":{"ephemeralKeyPair":{"pubKey":"BbyqIE1bmc1nA2xopMt3PPzHxs8qIMkJ4TH3KvDD085S","privKey":"IPpPCbnY6gf8IoZtH+EYT0zoxHfM4CSshY9I2sG1EmU="},"lastRemoteEphemeralKey":"BXJB6sX9opSqeCwSzNDBkjns9BODVNoedxHyoLPqBkIK","previousCounter":0,"rootKey":"xZCEthRU2kCJcggh1109fOzBcznmL4UQfeT3HoFUxLY="},"indexInfo":{"baseKey":"BX8aKr9uyH8DNo3zlTlnv2ADMhgSMoVtz350aWq+J/9e","baseKeyType":1,"closed":-1,"used":1748567564452,"created":1748567564452,"remoteIdentityKey":"BfCRzp/Wqul7G/5XZnQnWSvazmnwMRIJTVd91h7dfhcm"},"_chains":{"BbyqIE1bmc1nA2xopMt3PPzHxs8qIMkJ4TH3KvDD085S":{"chainKey":{"counter":0,"key":"1b4ycPweRyveYlKXTcrvZtwQi+3/Nn7slA5XUc6GJd8="},"chainType":1,"messageKeys":{}}},"pendingPreKey":{"signedKeyId":1,"baseKey":"BX8aKr9uyH8DNo3zlTlnv2ADMhgSMoVtz350aWq+J/9e","preKeyId":11304895}}},"version":"v1"}