{"_sessions":{"BYTJ0L38iB1EvFnz41thick0i/whkYX4b7bVYN6EHq1w":{"registrationId":77989083,"currentRatchet":{"ephemeralKeyPair":{"pubKey":"BRN1zEpWpFq/S+SwVgUC4tGOP3y2sj2yxp/MtAiDnbBM","privKey":"EEDBhM4xGiu5uw66nWyQIAoaywAL8NDBo4vdQi43kVg="},"lastRemoteEphemeralKey":"Bf/H75b128EBD7wcsxZmw7YXMDIu8IV8KO++i+HtKg8e","previousCounter":0,"rootKey":"nUwAucj4tMfVStvamkxLjd/LxvYzj0CfEtcq6QhdIA0="},"indexInfo":{"baseKey":"BYTJ0L38iB1EvFnz41thick0i/whkYX4b7bVYN6EHq1w","baseKeyType":1,"closed":-1,"used":1748566372120,"created":1748566372120,"remoteIdentityKey":"BcuJyWDUqW7Hspry8Mg6r6e7hmNsRgTb5kOgzq+aRF4Y"},"_chains":{"BRN1zEpWpFq/S+SwVgUC4tGOP3y2sj2yxp/MtAiDnbBM":{"chainKey":{"counter":2,"key":"7mbXzUrXZCegR2adjC1hzJdflMUkki5vNiVoK101FdI="},"chainType":1,"messageKeys":{}}},"pendingPreKey":{"signedKeyId":1,"baseKey":"BYTJ0L38iB1EvFnz41thick0i/whkYX4b7bVYN6EHq1w","preKeyId":3905988}}},"version":"v1"}