{"_sessions":{"BfVV+c44Cp04czwM+5ImSQ1qFPTvEzu9f6C0TphMjDgG":{"registrationId":150347128,"currentRatchet":{"ephemeralKeyPair":{"pubKey":"BQNofM358wpwZP9JLZUuhjAv2loYPHd1X8SHeGLKlOE7","privKey":"AP6mauNandEe1l2Gz93FLkxurcO5xSKGhDiA5ukJxno="},"lastRemoteEphemeralKey":"BfqImK2utOcR0FX3M7bZmYsMvuDXPbKzmzP2PXQeVWkE","previousCounter":0,"rootKey":"zHD18NKaeCx6RfYwWJHFi2UABIH/gpzNlSHxBMF5H1U="},"indexInfo":{"baseKey":"BfVV+c44Cp04czwM+5ImSQ1qFPTvEzu9f6C0TphMjDgG","baseKeyType":1,"closed":-1,"used":1748567564220,"created":1748567564220,"remoteIdentityKey":"BfUSEnOyQUBdRoLkJhxel0kaKXmlayZ7k9SS231UfjAk"},"_chains":{"BQNofM358wpwZP9JLZUuhjAv2loYPHd1X8SHeGLKlOE7":{"chainKey":{"counter":0,"key":"+v/mQPl13w3cu3cRfE9KzM9zbPROkyBpEreXntOE3eY="},"chainType":1,"messageKeys":{}}},"pendingPreKey":{"signedKeyId":3,"baseKey":"BfVV+c44Cp04czwM+5ImSQ1qFPTvEzu9f6C0TphMjDgG","preKeyId":4717131}}},"version":"v1"}