{"_sessions":{"BaIXvg2IMfT2QyhzZ74C6FCWcpmZ0IzAUlWGYApoSzMq":{"registrationId":853988746,"currentRatchet":{"ephemeralKeyPair":{"pubKey":"Ba0grBYE7DVEzCj33siiqoc4CKXR65BGRkqGXD6hh2xk","privKey":"ELCwnVxeL2klD1f/655uTlQrAiZ5jg+tecAQELSdiWA="},"lastRemoteEphemeralKey":"Be1Q8gcEI5dHsft8k/wSmxz2gc7BDVyp151SVz4gCtZF","previousCounter":0,"rootKey":"4Tn9PaXpUZVWbqUVJBwmYDBZx+hkbN0vKDujR/kLDUQ="},"indexInfo":{"baseKey":"BaIXvg2IMfT2QyhzZ74C6FCWcpmZ0IzAUlWGYApoSzMq","baseKeyType":1,"closed":-1,"used":1748566373657,"created":1748566373657,"remoteIdentityKey":"Be9Idnr0P3/PqdUsGpZL/rLxDN7BI19w3PCQBdu51c5g"},"_chains":{"Ba0grBYE7DVEzCj33siiqoc4CKXR65BGRkqGXD6hh2xk":{"chainKey":{"counter":2,"key":"bJix7gqs8xsB8ZKKucIPvxsnZYz3oDpTZBsVCWGTlsU="},"chainType":1,"messageKeys":{}}},"pendingPreKey":{"signedKeyId":2,"baseKey":"BaIXvg2IMfT2QyhzZ74C6FCWcpmZ0IzAUlWGYApoSzMq"}}},"version":"v1"}