{"_sessions":{"BUkyi1+eadSb0/kXfBvPBOIgPtJnWUbnoClJNXQjctZa":{"registrationId":1475548152,"currentRatchet":{"ephemeralKeyPair":{"pubKey":"BaOwq2t8Ri1pLDwXVnPTf+UhMr6+I4rlqSh+dx06lZY/","privKey":"qJSGHAVrtOwZm0JpboHoddfx0T52fQbivVzdydq313o="},"lastRemoteEphemeralKey":"Bf4pD6Rhn5svGHjm75juEx7cMFa8qtC528OZGgiyoNBw","previousCounter":0,"rootKey":"1IaFA+SgODpPzvxkIjUdYoA+79eDBoH7FTf/v5CJT00="},"indexInfo":{"baseKey":"BUkyi1+eadSb0/kXfBvPBOIgPtJnWUbnoClJNXQjctZa","baseKeyType":1,"closed":-1,"used":1748567564651,"created":1748567564651,"remoteIdentityKey":"BUtUvFDKsEMh5ALBQroZUbSJuaVoDkUgt9VwQvdTatsY"},"_chains":{"BaOwq2t8Ri1pLDwXVnPTf+UhMr6+I4rlqSh+dx06lZY/":{"chainKey":{"counter":0,"key":"iOx4+EAIWpqi0oLdIA8faU3GK6YBO4m5uWvpUWCxM3E="},"chainType":1,"messageKeys":{}}},"pendingPreKey":{"signedKeyId":10897245,"baseKey":"BUkyi1+eadSb0/kXfBvPBOIgPtJnWUbnoClJNXQjctZa"}}},"version":"v1"}