{"_sessions":{"BSLcx0HLFH7tNMKdepO0M/WMyAV7nkAkNbL3JtAS7fgN":{"registrationId":352976296,"currentRatchet":{"ephemeralKeyPair":{"pubKey":"BV7/sjKvZCLQITL99WmfY1O101gR+Q4dEsIW0WNuWj1z","privKey":"IE8NHuEP5vNR5+xBNSs4rQmHvODU6GLL++1QTzuQqnc="},"lastRemoteEphemeralKey":"Bd41dI3wy78aRYZMnn0Ml9YU5vXHwUJnJL0Zg3eRip5+","previousCounter":0,"rootKey":"JYbQ+7BbVrZaNPdAPqSeGrePs55/MpfE0zsUOgF10kU="},"indexInfo":{"baseKey":"BSLcx0HLFH7tNMKdepO0M/WMyAV7nkAkNbL3JtAS7fgN","baseKeyType":1,"closed":-1,"used":1748567564435,"created":1748567564435,"remoteIdentityKey":"BRzaniKkZzmN0NgKKcGDKA+3li6wXle0l0AN7852EtYe"},"_chains":{"BV7/sjKvZCLQITL99WmfY1O101gR+Q4dEsIW0WNuWj1z":{"chainKey":{"counter":0,"key":"p6anHWR1yDc3GQLJn6qzLfSojzPxk6NOYJBPbxtaImM="},"chainType":1,"messageKeys":{}}},"pendingPreKey":{"signedKeyId":0,"baseKey":"BSLcx0HLFH7tNMKdepO0M/WMyAV7nkAkNbL3JtAS7fgN","preKeyId":13853726}}},"version":"v1"}