{"_sessions":{"BQKqkwoRaP2l3Azenwadx3XrHbaCFdbB17m6hD61eUQz":{"registrationId":1701747474,"currentRatchet":{"ephemeralKeyPair":{"pubKey":"BYQC8kLH8KWUfA3uZ6wfMjH1vTJ4JFCqY+N87m7JywAq","privKey":"CLyhrHn7LaywLW6/Afon2uMjBbKvJS4fXqt9wGv4SWs="},"lastRemoteEphemeralKey":"BdUPvHrTmtoCDR3ga7uC5urcPckDUeZLpQWArj2djM9E","previousCounter":0,"rootKey":"7ZKamboxbR1b+rndorYPInv4GQxj22/npskJVkC+K+Q="},"indexInfo":{"baseKey":"BQKqkwoRaP2l3Azenwadx3XrHbaCFdbB17m6hD61eUQz","baseKeyType":1,"closed":-1,"used":1748566372978,"created":1748566372978,"remoteIdentityKey":"BWriKLJu2HglCxsk37SMQ7HMhzqF9pXpSkZxberTTQNT"},"_chains":{"BYQC8kLH8KWUfA3uZ6wfMjH1vTJ4JFCqY+N87m7JywAq":{"chainKey":{"counter":2,"key":"Q8f+p4dMJ3RreiisrJBoY9Uc8uqmzqsuIuCSDzU83ko="},"chainType":1,"messageKeys":{}}},"pendingPreKey":{"signedKeyId":5,"baseKey":"BQKqkwoRaP2l3Azenwadx3XrHbaCFdbB17m6hD61eUQz","preKeyId":86060}}},"version":"v1"}