{"_sessions":{"BSFQiPxCWBa6j5+/3L04ETRDkEcsu/bgXLdqwet4BepF":{"registrationId":582875805,"currentRatchet":{"ephemeralKeyPair":{"pubKey":"BZW9/OqtpdTzIc8gGCGVUCtYd1qJEOGea7qTzZ1Vvt8s","privKey":"SF7KktIyqS5mGX/mcC18x4uYbsxv3K9QiAz0iVUWKUA="},"lastRemoteEphemeralKey":"BY+QYu+9oxGUyseq8hFZWuOnzFEm7vkGw1/srm9dpz0Q","previousCounter":0,"rootKey":"6r3AjGNuCl6rdkIRjIG5zjzW60GJLg/o3ugpHos9JEU="},"indexInfo":{"baseKey":"BSFQiPxCWBa6j5+/3L04ETRDkEcsu/bgXLdqwet4BepF","baseKeyType":1,"closed":-1,"used":1748566373298,"created":1748566373298,"remoteIdentityKey":"BQq2KLq7cs7Oll3Mtu4ng/8vqpWCQsZI75JGU53G7+xN"},"_chains":{"BZW9/OqtpdTzIc8gGCGVUCtYd1qJEOGea7qTzZ1Vvt8s":{"chainKey":{"counter":2,"key":"l57mxhEk7L2/xGyu63y2UNKjqIG/BVWa3ogk+Zc8Z5E="},"chainType":1,"messageKeys":{}}},"pendingPreKey":{"signedKeyId":8,"baseKey":"BSFQiPxCWBa6j5+/3L04ETRDkEcsu/bgXLdqwet4BepF","preKeyId":11532561}}},"version":"v1"}