{"_sessions":{"BQ/lpZvQaudtG1Brn7d4XZCwZKO70aGBWtXHzlPRM6wj":{"registrationId":1793738273,"currentRatchet":{"ephemeralKeyPair":{"pubKey":"BdiGfluuNPxXg14xliQKsHatcSTAjpqkqA8ThvF4G21I","privKey":"gH93kIQevz+5PsxO+Xi/YJEIMtAeU2NmyjTl9Uy9U0Q="},"lastRemoteEphemeralKey":"BYy0KCyeM1tkVqGUIeFr7o2kuR1sQqQZqVI2+7IhI85N","previousCounter":0,"rootKey":"Mok8z9Xx/Mn3vm5gQxMwMe6Dy7tL5T9RQn7D4HtZu5M="},"indexInfo":{"baseKey":"BQ/lpZvQaudtG1Brn7d4XZCwZKO70aGBWtXHzlPRM6wj","baseKeyType":1,"closed":-1,"used":1748566373404,"created":1748566373404,"remoteIdentityKey":"BT3rsb9p8Rv9HAefuxYVVdQEAaDNTB+pR/VvjSXN475u"},"_chains":{"BdiGfluuNPxXg14xliQKsHatcSTAjpqkqA8ThvF4G21I":{"chainKey":{"counter":2,"key":"BO89NQSbdoamBOXpzXORmsWyLF3g4PXTK9LeZnWDLSQ="},"chainType":1,"messageKeys":{}}},"pendingPreKey":{"signedKeyId":14,"baseKey":"BQ/lpZvQaudtG1Brn7d4XZCwZKO70aGBWtXHzlPRM6wj","preKeyId":16401074}}},"version":"v1"}