{"_sessions":{"BTIac50soPBL1tF0/el86/iFnqAah+KouTgAvwAekFwd":{"registrationId":672349467,"currentRatchet":{"ephemeralKeyPair":{"pubKey":"Bf2Hp6D3z3FPZVPcvs1vASFzzV9CTD7o/7YbLR02/oVs","privKey":"KAwTYbkW5MUub2CmTBnkDwzBR8gxD1U9gr0ydaadyXM="},"lastRemoteEphemeralKey":"BTh22yxAjBVTJ+esv08Fi+be9Rej2A8obDKKKVoXhqRc","previousCounter":0,"rootKey":"J+hmaueiDht0dq9loMFTmRSJP5uJyqY5y+LUO4w5/Mc="},"indexInfo":{"baseKey":"BTIac50soPBL1tF0/el86/iFnqAah+KouTgAvwAekFwd","baseKeyType":1,"closed":-1,"used":1748566372789,"created":1748566372789,"remoteIdentityKey":"BSr0XXVDJzSXXnJAE+Jpur7dWQecX3Zm72zljdEzoS4i"},"_chains":{"Bf2Hp6D3z3FPZVPcvs1vASFzzV9CTD7o/7YbLR02/oVs":{"chainKey":{"counter":2,"key":"ciG/mmqNpXtFkdLk70dYzrI00MoaA3mvslBrrrH/wV0="},"chainType":1,"messageKeys":{}}},"pendingPreKey":{"signedKeyId":59,"baseKey":"BTIac50soPBL1tF0/el86/iFnqAah+KouTgAvwAekFwd","preKeyId":14692202}}},"version":"v1"}