{"_sessions":{"BQFrHW04jOPUhdOgBrtX2vbeCcKmROqQHwDqvq6EWBM/":{"registrationId":1400191811,"currentRatchet":{"ephemeralKeyPair":{"pubKey":"BSDT77SLAstF8T/viStdGAcYoiOy2ZlXcV0eFbuTMgVM","privKey":"2AQL+9N8kiOjEOxkTH0hO2mBWkvaq+v4SPrs3V0PMFY="},"lastRemoteEphemeralKey":"BQCKrak3/bk1HNyHkI8Ko6mmgRa30J6oqXZc/UjnD4UZ","previousCounter":0,"rootKey":"RrtyU+DMTHtI9uwWLotVdCuzob1LJsRHvRa0O9ANydo="},"indexInfo":{"baseKey":"BQFrHW04jOPUhdOgBrtX2vbeCcKmROqQHwDqvq6EWBM/","baseKeyType":1,"closed":-1,"used":1748566371953,"created":1748566371953,"remoteIdentityKey":"BWnqXbFaz9vOJNSWM8aKHwrzjwGH+sb8FbCtzz4uDVN4"},"_chains":{"BSDT77SLAstF8T/viStdGAcYoiOy2ZlXcV0eFbuTMgVM":{"chainKey":{"counter":2,"key":"rwoyJjfabvwP6nGogxHJDYfsmN9Q4soR9JVa/LrP4FM="},"chainType":1,"messageKeys":{}}},"pendingPreKey":{"signedKeyId":26,"baseKey":"BQFrHW04jOPUhdOgBrtX2vbeCcKmROqQHwDqvq6EWBM/"}}},"version":"v1"}