{"_sessions":{"Bb/XVp10x/KpWGtLeritflOpEvp+AMz5NJ/ahhOKnFEd":{"registrationId":1395130393,"currentRatchet":{"ephemeralKeyPair":{"pubKey":"BX7p1ilWgJccgXhzkvnKL6aOyIwMsaA1a4y5E5nkAK9F","privKey":"mBA73LsTlcU7zcJufxIGkSHevjB86riCI1PKFEUoRF0="},"lastRemoteEphemeralKey":"BaMOlMx0QGaziPykt2jcEQOoeK1LamfkznROyakzZjh1","previousCounter":0,"rootKey":"gnA8vseRoxmM1EfRiAIuPYVZBv+2019s2kJI+Q7b3XM="},"indexInfo":{"baseKey":"Bb/XVp10x/KpWGtLeritflOpEvp+AMz5NJ/ahhOKnFEd","baseKeyType":1,"closed":-1,"used":1748566372132,"created":1748566372132,"remoteIdentityKey":"BTyGyRMd+6jXQB2qP8QSbBVGkpmf8xXubW9XjWA7Mw5L"},"_chains":{"BX7p1ilWgJccgXhzkvnKL6aOyIwMsaA1a4y5E5nkAK9F":{"chainKey":{"counter":2,"key":"YvKWGrbFjcZ8NzDAGpiOpw1rCskvExzp+JzmSY/5m9Y="},"chainType":1,"messageKeys":{}}},"pendingPreKey":{"signedKeyId":8,"baseKey":"Bb/XVp10x/KpWGtLeritflOpEvp+AMz5NJ/ahhOKnFEd","preKeyId":10249549}}},"version":"v1"}