{"_sessions":{"BTK/ZbO70ks4Fl97OYJcm3aDtdoVHIKC37O5U+tgJLpY":{"registrationId":1891933679,"currentRatchet":{"ephemeralKeyPair":{"pubKey":"BTqbx5utWs5zOQ17KhTclA5A9IUleLo/NGl2G3MOaC5j","privKey":"MAS6G0w/aeysa3dWhmpbsqYo4ibuNtc+bQjgioE9bXM="},"lastRemoteEphemeralKey":"BYULUcJsRopRV/K4f+y/wCbiir9+FKeMXakrMc8xPyQF","previousCounter":0,"rootKey":"O1UZbFxth+0+cN486QXKI05uP7wg5NvOZvqy+0SWCmM="},"indexInfo":{"baseKey":"BTK/ZbO70ks4Fl97OYJcm3aDtdoVHIKC37O5U+tgJLpY","baseKeyType":1,"closed":-1,"used":1748566372557,"created":1748566372557,"remoteIdentityKey":"BceQUoYNDvST4ppuwEC+HFKxBiANibU1zGNutMw5LjxQ"},"_chains":{"BTqbx5utWs5zOQ17KhTclA5A9IUleLo/NGl2G3MOaC5j":{"chainKey":{"counter":2,"key":"H0nJy5W+ig7MelHRldx2j30tY++vtfAL1QgYmRmbHD8="},"chainType":1,"messageKeys":{}}},"pendingPreKey":{"signedKeyId":0,"baseKey":"BTK/ZbO70ks4Fl97OYJcm3aDtdoVHIKC37O5U+tgJLpY","preKeyId":6735731}}},"version":"v1"}