{"_sessions":{"BbZ8Xh2y5jEdYMuyuwT7lxpCnxRCY6K3a3XREb673A5g":{"registrationId":661808229,"currentRatchet":{"ephemeralKeyPair":{"pubKey":"BUbV/SVLOxtEWlRxDxgvaoH2KaycAJhhj3EmLlhXbcIL","privKey":"aARcuVtTozVPrqvNMTmInUncfcsI9LN4by0zGtQJq3s="},"lastRemoteEphemeralKey":"BYDaSNbIeli6no3Z1e07TDJ2DCZT5QZSdua6o0quN14A","previousCounter":0,"rootKey":"Mhz1xn7M9Tfg2CUbOQxlMtEuZDAUh4ahGtlk38WqD+k="},"indexInfo":{"baseKey":"BbZ8Xh2y5jEdYMuyuwT7lxpCnxRCY6K3a3XREb673A5g","baseKeyType":1,"closed":-1,"used":1748567564350,"created":1748567564350,"remoteIdentityKey":"BW9E2pTG1YXN4RhdrYRDxSmYCvhXPaGoFw2h6tt6ts95"},"_chains":{"BUbV/SVLOxtEWlRxDxgvaoH2KaycAJhhj3EmLlhXbcIL":{"chainKey":{"counter":0,"key":"CK6k0CS7rfmNO5LgSWhb2YG9/P7B3CBCyiVoGfSeEFQ="},"chainType":1,"messageKeys":{}}},"pendingPreKey":{"signedKeyId":9,"baseKey":"BbZ8Xh2y5jEdYMuyuwT7lxpCnxRCY6K3a3XREb673A5g","preKeyId":3793691}}},"version":"v1"}