{"_sessions":{"BW/bBVUY7WaIYpsJ1vi3fTPDiPHF/ZAJf9MoL8W2F0dv":{"registrationId":490682398,"currentRatchet":{"ephemeralKeyPair":{"pubKey":"BckVsAHHb+9BuVlhLleuBXIuXgYG62hn5Nt9UB4k5uxm","privKey":"yNPDrmdVfBfhoIVnqnkl3YWo77WjibOU/LyvQ+9sx1c="},"lastRemoteEphemeralKey":"BeJ6tmV/nARg0IpMHzdasXrqtSsHA9I87rfJihHKXKcF","previousCounter":0,"rootKey":"5JnmNjE1RzcpM7XbaMQNbR6izwYclx1YJHapAUOzo3I="},"indexInfo":{"baseKey":"BW/bBVUY7WaIYpsJ1vi3fTPDiPHF/ZAJf9MoL8W2F0dv","baseKeyType":1,"closed":-1,"used":1748566373483,"created":1748566373483,"remoteIdentityKey":"BayJ+UY7mOwNPZy6TzMeqRhumdKZ/Ixl//FE2IEUXIsw"},"_chains":{"BckVsAHHb+9BuVlhLleuBXIuXgYG62hn5Nt9UB4k5uxm":{"chainKey":{"counter":2,"key":"ARo1NoTXXo2iW5upJWaJf2pp7hXjBell2p8VgauOsd8="},"chainType":1,"messageKeys":{}}},"pendingPreKey":{"signedKeyId":593134,"baseKey":"BW/bBVUY7WaIYpsJ1vi3fTPDiPHF/ZAJf9MoL8W2F0dv"}}},"version":"v1"}