{"_sessions":{"BYMu7KL7qQVGnht048HrSwS7rzTWjKyObSxJcYWUp29u":{"registrationId":506316152,"currentRatchet":{"ephemeralKeyPair":{"pubKey":"BVYs24fk/b1atNzUdMbDRx4c1YWWdLQsBV95tzQLBm0i","privKey":"MP9g6tBB6C0/y/JmCDj3k663TjCUApCtthAtA3xKkVE="},"lastRemoteEphemeralKey":"BSxIjVNNrA12FeMJnfH1psiXSj+FbKB12Tx9oTEnPGAl","previousCounter":2,"rootKey":"HUMkucQPYYKPXPhobxvCjQ0Sg2LOF1L5tQCGLGAncIY="},"indexInfo":{"baseKey":"BYMu7KL7qQVGnht048HrSwS7rzTWjKyObSxJcYWUp29u","baseKeyType":1,"closed":-1,"used":1748567754885,"created":1748566372851,"remoteIdentityKey":"BW3BKYviSWiehiIdH2bCNzMeFYArCYcAVFEZe/jxOz0O"},"_chains":{"BSxIjVNNrA12FeMJnfH1psiXSj+FbKB12Tx9oTEnPGAl":{"chainKey":{"counter":1,"key":"xcCakpEuRdXSqPFt+XrWrWV95rrOA2noEM4903/aeVk="},"chainType":2,"messageKeys":{}},"BVYs24fk/b1atNzUdMbDRx4c1YWWdLQsBV95tzQLBm0i":{"chainKey":{"counter":-1,"key":"s5oawxDQuG6HA5J/dUxncRdsZknv/8XxJL/XMQW04DA="},"chainType":1,"messageKeys":{}}}}},"version":"v1"}