{"_sessions":{"BbGxw8n0bz/iX2YMiKeLBR0ZvfWTaXeP9f6BBmxpxeRl":{"registrationId":1182466535,"currentRatchet":{"ephemeralKeyPair":{"pubKey":"BRFjYuxc7iaspdGQIU5tqQKS+GOfpYlOUqra7dEMlTtD","privKey":"oEOSUm218qninJtFdQ7t3bIcw1ydUB3Af+iq1MOHZ18="},"lastRemoteEphemeralKey":"Bd99DreI+nvy60frqmHvnU0q8og2Hc9BotqjzBcr5Dds","previousCounter":0,"rootKey":"Ci2XWYNqhJjT5WrF0l5W9MfPRHwuzmf/knE/et1Rseg="},"indexInfo":{"baseKey":"BbGxw8n0bz/iX2YMiKeLBR0ZvfWTaXeP9f6BBmxpxeRl","baseKeyType":1,"closed":-1,"used":1748567564730,"created":1748567564730,"remoteIdentityKey":"BR6RHOLqM+/eFZSfmtszIM8kPWhaCtKXCGgSqRCv09Y1"},"_chains":{"BRFjYuxc7iaspdGQIU5tqQKS+GOfpYlOUqra7dEMlTtD":{"chainKey":{"counter":0,"key":"hYguLLd2i10pKwC0GCjIogSTtbI7EbIknsz4CqQoxNc="},"chainType":1,"messageKeys":{}}},"pendingPreKey":{"signedKeyId":1,"baseKey":"BbGxw8n0bz/iX2YMiKeLBR0ZvfWTaXeP9f6BBmxpxeRl"}}},"version":"v1"}