{"_sessions":{"BQzI3XespsGfwuwu1CcU/7IqDIsIZWoyT4eE1ov+/0g0":{"registrationId":338092986,"currentRatchet":{"ephemeralKeyPair":{"pubKey":"Bbu7Pd/mozxq7yP2B10YJJT6rlQwBKlPoem7yUiRqTV1","privKey":"EH/RKbHlsiDpMsPoQHTp1AqWfk1W5QDGhqSgXGutt2U="},"lastRemoteEphemeralKey":"BetpI3jT1KCHvmOExw4VulaKG/gk3tue8bvjJYa2yeZm","previousCounter":0,"rootKey":"3HqIJlbYZmBhkrCb4dzURgz/7s8FSPAk2tyMa1m0pvM="},"indexInfo":{"baseKey":"BQzI3XespsGfwuwu1CcU/7IqDIsIZWoyT4eE1ov+/0g0","baseKeyType":1,"closed":-1,"used":1748567564151,"created":1748567564151,"remoteIdentityKey":"BTzVB+noFdyqW0ceKd/rf+eY1VqTYTP69TdqGwv8eRoH"},"_chains":{"Bbu7Pd/mozxq7yP2B10YJJT6rlQwBKlPoem7yUiRqTV1":{"chainKey":{"counter":0,"key":"WNlyidZSJ6WBfVOG9oKGJtS3dYG51zkZdNjFC+7tgFY="},"chainType":1,"messageKeys":{}}},"pendingPreKey":{"signedKeyId":10,"baseKey":"BQzI3XespsGfwuwu1CcU/7IqDIsIZWoyT4eE1ov+/0g0","preKeyId":3948148}}},"version":"v1"}