{"_sessions":{"BSLpTQhDJ5ApcAHezE+Tai9zrO9U5mTNkZ1C4Cj9n/MK":{"registrationId":838301974,"currentRatchet":{"ephemeralKeyPair":{"pubKey":"BROPV9UXs+Bf4i/FW6D28/wQPDZwjX3+2CWYVNlCK496","privKey":"sArRukuBTGWNjAP0sCJbw29AQ8Rzs8P5kJ75wHKVAmY="},"lastRemoteEphemeralKey":"BVEsoRXlWTAjyzcuTTRT5gaRXiNr0+IT9OlUEWZ2q6hm","previousCounter":0,"rootKey":"hKOvvFQehyQsIyd8whC5jVstFoti09i77J7WnxvtLeY="},"indexInfo":{"baseKey":"BSLpTQhDJ5ApcAHezE+Tai9zrO9U5mTNkZ1C4Cj9n/MK","baseKeyType":1,"closed":-1,"used":1748567564697,"created":1748567564697,"remoteIdentityKey":"BVXUIt1QoW51WV64GovoX6fJzfD0Af1fdPVZslh2BBl+"},"_chains":{"BROPV9UXs+Bf4i/FW6D28/wQPDZwjX3+2CWYVNlCK496":{"chainKey":{"counter":0,"key":"86OwLn11Kt+LRh9KBSUj84zSYJgoWj4EE7HgQz7U56E="},"chainType":1,"messageKeys":{}}},"pendingPreKey":{"signedKeyId":44,"baseKey":"BSLpTQhDJ5ApcAHezE+Tai9zrO9U5mTNkZ1C4Cj9n/MK","preKeyId":10593096}}},"version":"v1"}