{"_sessions":{"Bemd40UNz4l2C1b4Z2XW9/533pU9n97DQ76od1W4q8xO":{"registrationId":1316881486,"currentRatchet":{"ephemeralKeyPair":{"pubKey":"BYZVL6AFOzSO5Vq8T6lNk93MNB23VbLSQhpx8tEOHBN2","privKey":"0DAGrvV8YVlc0mIXkgV25Obhxg1e0yZUIZ2GIUwvLnc="},"lastRemoteEphemeralKey":"BWzv93uL42uj8mf5/526czQsRYCW1OLBgyf/uV2ZxPRa","previousCounter":0,"rootKey":"h+8uQaj20T/hlapRVxWq6VBghuTFUfuLdq5RKblAgbQ="},"indexInfo":{"baseKey":"Bemd40UNz4l2C1b4Z2XW9/533pU9n97DQ76od1W4q8xO","baseKeyType":1,"closed":-1,"used":1748567564230,"created":1748567564230,"remoteIdentityKey":"BR5ohvv6EByVe0aVyQkeDoEBdJ3F1TnFgq9FyrgLUdE5"},"_chains":{"BYZVL6AFOzSO5Vq8T6lNk93MNB23VbLSQhpx8tEOHBN2":{"chainKey":{"counter":0,"key":"MeR/YqDpwLhq1QLY8b7wGD76Bfx7aC4ICbv+/W7T8fE="},"chainType":1,"messageKeys":{}}},"pendingPreKey":{"signedKeyId":13,"baseKey":"Bemd40UNz4l2C1b4Z2XW9/533pU9n97DQ76od1W4q8xO","preKeyId":5338030}}},"version":"v1"}