{"_sessions":{"Bdg50axfM5cuqiSaKn7ZvjhoE72OJ2s1RhXgAUMnjjBL":{"registrationId":850343722,"currentRatchet":{"ephemeralKeyPair":{"pubKey":"BX1+DcSZDSk2Y9qmzqZIoB3PGue9OlugWQ5gatb+wAFl","privKey":"MF2413p58ki2/O5vAUVlGF16pBmy6lmkcZjYZ9my7k8="},"lastRemoteEphemeralKey":"BTQqVEGRVmOWUlqKXrhFkb2OL/danmPZWhTXpAvc+AYB","previousCounter":0,"rootKey":"tiOUVu6A7mKP9e3CwHUbFyssoadimFY6qcGVl4igdtw="},"indexInfo":{"baseKey":"Bdg50axfM5cuqiSaKn7ZvjhoE72OJ2s1RhXgAUMnjjBL","baseKeyType":1,"closed":-1,"used":1748566372094,"created":1748566372094,"remoteIdentityKey":"BdwuRE0ek45W0uOTUX/aWKdwwgB2h/8XliWw92Us+VM/"},"_chains":{"BX1+DcSZDSk2Y9qmzqZIoB3PGue9OlugWQ5gatb+wAFl":{"chainKey":{"counter":2,"key":"mjzvsn+UeaGPp4mGE0V5xyqnuOXar7Lvksa7FqLNqv4="},"chainType":1,"messageKeys":{}}},"pendingPreKey":{"signedKeyId":1,"baseKey":"Bdg50axfM5cuqiSaKn7ZvjhoE72OJ2s1RhXgAUMnjjBL"}}},"version":"v1"}