{"_sessions":{"BUPSCVe6c4dd9xC8bthUSUR+ylNqu2T+PkcgjPRPdLop":{"registrationId":427284109,"currentRatchet":{"ephemeralKeyPair":{"pubKey":"BX1U9TMPptBYU2ym4K40gRoZflf5OlkR1APdJdrLo3sr","privKey":"wNFkWihwIX9CE80zf1FGSfsfD/xN7HOj+J07saZsCWA="},"lastRemoteEphemeralKey":"BfVnwgAje2ZlgTKgskDIjzDf6pn9Ki61xouqI7YPBudK","previousCounter":0,"rootKey":"/g5c+vd0Z5fp9WGQm2faXpUIwK1oTr/bVgIrW2IXVDM="},"indexInfo":{"baseKey":"BUPSCVe6c4dd9xC8bthUSUR+ylNqu2T+PkcgjPRPdLop","baseKeyType":1,"closed":-1,"used":1748566373478,"created":1748566373478,"remoteIdentityKey":"Ba77o/i7j28JQF6vy7vjp902lynm1TmsO4ixTjRQe8Ve"},"_chains":{"BX1U9TMPptBYU2ym4K40gRoZflf5OlkR1APdJdrLo3sr":{"chainKey":{"counter":3,"key":"6EC0xvjFvRTzhSma2vZQyfN6JmaisqWotBbkAl3rJPY="},"chainType":1,"messageKeys":{}}},"pendingPreKey":{"signedKeyId":11565666,"baseKey":"BUPSCVe6c4dd9xC8bthUSUR+ylNqu2T+PkcgjPRPdLop"}}},"version":"v1"}