{"_sessions":{"BVsnUjNo1fwn77P6nKL04kPMy14dsIzS9NJj3eewM5Qm":{"registrationId":873662817,"currentRatchet":{"ephemeralKeyPair":{"pubKey":"BcZyiksyoFLd0eVi+BvgWL6F/093FQJCRPoPfF0mW9sD","privKey":"cKtxfrAIVjanf3uRf0dnD7cyAYAc/A7dMNmMQuWxi0w="},"lastRemoteEphemeralKey":"Bb2mXkDaihcJQLqMrgKQze1m8dq0o1qL7mF8LYUWtjJe","previousCounter":0,"rootKey":"QNti47TsxrQk62T56JqNeguSbOE52w5tIxvFo8fljL0="},"indexInfo":{"baseKey":"BVsnUjNo1fwn77P6nKL04kPMy14dsIzS9NJj3eewM5Qm","baseKeyType":1,"closed":-1,"used":1748566373580,"created":1748566373580,"remoteIdentityKey":"BfLPQUJXODcUx9OU8ijZ8U60CTV7KMOIciOJN0g12I84"},"_chains":{"BcZyiksyoFLd0eVi+BvgWL6F/093FQJCRPoPfF0mW9sD":{"chainKey":{"counter":2,"key":"PQ/zoLPlYgq7GIkBl095v+ulFWkP/ltJ/uzv4u1mCOk="},"chainType":1,"messageKeys":{}}},"pendingPreKey":{"signedKeyId":43,"baseKey":"BVsnUjNo1fwn77P6nKL04kPMy14dsIzS9NJj3eewM5Qm","preKeyId":11280715}}},"version":"v1"}