{"_sessions":{"BW0+2c2HnO9MFyjzaVbKLIszH6qQoHswShclhBICSkQN":{"registrationId":840175946,"currentRatchet":{"ephemeralKeyPair":{"pubKey":"BbZS+wI4yNUAr5UEAZgCO8O7uxIO+GZc/ALy9qodA0t6","privKey":"CPJdZF4vZn3z1czWxvq4c7JqrBno2B79VLTH5HXUZGU="},"lastRemoteEphemeralKey":"BVHt7BD0e/eMY3LJkqk3i5kQITjnh4jqIPKq5TzX5AQ/","previousCounter":0,"rootKey":"yzXJcAaikNoh7XSSU5X44QV3E24r+2R9yRX8x9XaIEA="},"indexInfo":{"baseKey":"BW0+2c2HnO9MFyjzaVbKLIszH6qQoHswShclhBICSkQN","baseKeyType":1,"closed":-1,"used":1748567564377,"created":1748567564377,"remoteIdentityKey":"BcciHu8DRjWEQErpWdxihsDpt39stSHLANSlDFIkgsMa"},"_chains":{"BbZS+wI4yNUAr5UEAZgCO8O7uxIO+GZc/ALy9qodA0t6":{"chainKey":{"counter":0,"key":"ZMB9L/YqjpVioUQNx4fO1PXM4g1KOvV5UElmkLSbVtg="},"chainType":1,"messageKeys":{}}},"pendingPreKey":{"signedKeyId":4,"baseKey":"BW0+2c2HnO9MFyjzaVbKLIszH6qQoHswShclhBICSkQN"}}},"version":"v1"}