{"_sessions":{"BaG/uuTyTeRqnOx3zxgI23w0xawrcfavjS2vYWTJSRY6":{"registrationId":1473766463,"currentRatchet":{"ephemeralKeyPair":{"pubKey":"BX4E5Bb9OlJEPlHuBh5AkpYy8JUEWDGi77++iNHtlphH","privKey":"QIX8noCvq66vYtMaLa7d1mOO2mExCd88OeoISk2GuUM="},"lastRemoteEphemeralKey":"BVpa2g019SMr/ieZ36iCaXeolCfpH74cL9Hu3J+xR0MT","previousCounter":0,"rootKey":"wbZnHWWuzorvFxeL5FrAk0+ffwm5n6TumapXvb48Pr4="},"indexInfo":{"baseKey":"BaG/uuTyTeRqnOx3zxgI23w0xawrcfavjS2vYWTJSRY6","baseKeyType":1,"closed":-1,"used":1748566372413,"created":1748566372413,"remoteIdentityKey":"BZF/XgDWiIDVj2cbuDAkryIry6b/UenNqmFK/t46sjc/"},"_chains":{"BX4E5Bb9OlJEPlHuBh5AkpYy8JUEWDGi77++iNHtlphH":{"chainKey":{"counter":2,"key":"id2j5jW/dZI0T9eegKxovoazWsR5DW2wPiT3h3otkvc="},"chainType":1,"messageKeys":{}}},"pendingPreKey":{"signedKeyId":0,"baseKey":"BaG/uuTyTeRqnOx3zxgI23w0xawrcfavjS2vYWTJSRY6","preKeyId":1551364}}},"version":"v1"}