{"_sessions":{"BcG91Rwi4nYn+YaiKpa8SzU+7UuTzonfEUkPyHQIDodm":{"registrationId":2034846243,"currentRatchet":{"ephemeralKeyPair":{"pubKey":"BROwAd3ROeV8M5MpRat6zJB5nA9F1wzXWKLzUybNHzxe","privKey":"eDT6mx8t7Ze8a2I6xnTznFpbxmyn4YIBqpWLDTofFl8="},"lastRemoteEphemeralKey":"BT8AJDrMZtyo6JID2p23YHLkeBn02R7zn80nRjr/EZ9j","previousCounter":0,"rootKey":"mZ8YMTMsj3UKh8iy+BLNjM16c6cJsDCHXLeZj51Kjuo="},"indexInfo":{"baseKey":"BcG91Rwi4nYn+YaiKpa8SzU+7UuTzonfEUkPyHQIDodm","baseKeyType":1,"closed":-1,"used":1748566372990,"created":1748566372990,"remoteIdentityKey":"BZE/6arT1idLyy3q0zYowk9OSTChvaz8ntr3M2MYshUd"},"_chains":{"BROwAd3ROeV8M5MpRat6zJB5nA9F1wzXWKLzUybNHzxe":{"chainKey":{"counter":2,"key":"dLbbkXgCZN4LYjtKe0z+hzgxc/VqxVVzHIEfzs0FIz8="},"chainType":1,"messageKeys":{}}},"pendingPreKey":{"signedKeyId":15,"baseKey":"BcG91Rwi4nYn+YaiKpa8SzU+7UuTzonfEUkPyHQIDodm","preKeyId":15104805}}},"version":"v1"}