{"_sessions":{"BU8+3zUkSRp9WaoE7qDLeFq4EhNU+AelwHcp5jsLSKJm":{"registrationId":141185372,"currentRatchet":{"ephemeralKeyPair":{"pubKey":"BQ75xghAlMMdEVzuKoIe8IUp55/Qv6rDANRJbmOavusg","privKey":"EE0OWcj+xbr/Mc4uVLTH5Es+1ATTO9cGSsL8e3oTs1s="},"lastRemoteEphemeralKey":"BfawQNrXeKemWXi6yFBgzNGO+DnBy52xUUmtPVKsfZ4Q","previousCounter":0,"rootKey":"1VfoE8ViFeg1ye0PzB7FnUs/nJuQqVF8sr0lS1XaGnI="},"indexInfo":{"baseKey":"BU8+3zUkSRp9WaoE7qDLeFq4EhNU+AelwHcp5jsLSKJm","baseKeyType":1,"closed":-1,"used":1748566373586,"created":1748566373586,"remoteIdentityKey":"Baqv5MfOzooDNjd7RG//zX+LSkDY+J0YSzObeKMH8M8P"},"_chains":{"BQ75xghAlMMdEVzuKoIe8IUp55/Qv6rDANRJbmOavusg":{"chainKey":{"counter":2,"key":"go1DjCZ0b6koGkZCgIOiOLXsE0ayxnF08EZCp/rc4o8="},"chainType":1,"messageKeys":{}}},"pendingPreKey":{"signedKeyId":12,"baseKey":"BU8+3zUkSRp9WaoE7qDLeFq4EhNU+AelwHcp5jsLSKJm","preKeyId":14377533}}},"version":"v1"}