{"_sessions":{"BTnHePPaM3pRxQcnrtvnwD8xIIo4SsePmtRkjSdWHKYd":{"registrationId":1620112998,"currentRatchet":{"ephemeralKeyPair":{"pubKey":"BQjba8rmaxzaaHNEL5ZSPFYOi/FpAZR99hdG6vvlU4M9","privKey":"mG1lE1BHNoLSWzQLFxnaQDM6ZM9TksD+iHRnuzQ4iGg="},"lastRemoteEphemeralKey":"BR7zjQLKRvAVDXpFteTOnKmafSqopYFjtnwapydVeFg5","previousCounter":0,"rootKey":"gffXG8kgeuzJzDkNSmX0HX7S3ejvRxJ7PDxDOWIiEAE="},"indexInfo":{"baseKey":"BTnHePPaM3pRxQcnrtvnwD8xIIo4SsePmtRkjSdWHKYd","baseKeyType":1,"closed":-1,"used":1748566373233,"created":1748566373233,"remoteIdentityKey":"BTSpQtmp38M0IVCgOaAoga5ZVEcASsZ/9t34KFdOfFwM"},"_chains":{"BQjba8rmaxzaaHNEL5ZSPFYOi/FpAZR99hdG6vvlU4M9":{"chainKey":{"counter":2,"key":"3iuOvUJIhBiGLkRghPBr8L9UPBMV3Y/sQF8QGPqpvws="},"chainType":1,"messageKeys":{}}},"pendingPreKey":{"signedKeyId":0,"baseKey":"BTnHePPaM3pRxQcnrtvnwD8xIIo4SsePmtRkjSdWHKYd","preKeyId":9475427}}},"version":"v1"}