{"_sessions":{"BQ0XIWS4C1Vk+K6mVa4uR6EqNMVM2o1eBuskJEweKTMv":{"registrationId":329226973,"currentRatchet":{"ephemeralKeyPair":{"pubKey":"BeukZQaqwU71pge4T2V2pdm3/WQUMqbl00tkfaEDUeIh","privKey":"4G3JfzQFXGZ/gRRN1w04OwcizIHeVn6d2jC6MsZu9H8="},"lastRemoteEphemeralKey":"BUb2alnQAczD7jVYjdB5XeIPx846AXeylIHBWimEewRo","previousCounter":0,"rootKey":"EVUkbrLXKSY9tz4dpGI7MSwCBqLb3mWvskhFVo9SpBc="},"indexInfo":{"baseKey":"BQ0XIWS4C1Vk+K6mVa4uR6EqNMVM2o1eBuskJEweKTMv","baseKeyType":1,"closed":-1,"used":1748566372337,"created":1748566372337,"remoteIdentityKey":"BcD0rkupFLeAoOjOTqqwneJLbKS3KIHEd5aPJvKRtJlM"},"_chains":{"BeukZQaqwU71pge4T2V2pdm3/WQUMqbl00tkfaEDUeIh":{"chainKey":{"counter":2,"key":"G5S/P8p2MrfILVsp9PyTq7VKnktn/0+lRZMrEpDrkdI="},"chainType":1,"messageKeys":{}}},"pendingPreKey":{"signedKeyId":3,"baseKey":"BQ0XIWS4C1Vk+K6mVa4uR6EqNMVM2o1eBuskJEweKTMv","preKeyId":4618830}}},"version":"v1"}