{"_sessions":{"BfkIdR3QT1gEweDCMA9uMQLqicR9Ne4qCLRuZE1u/U9n":{"registrationId":175974493,"currentRatchet":{"ephemeralKeyPair":{"pubKey":"BV3ZEsBZNoXRg03ry02vzvatExeS2Td2eL1hZJvDKQ56","privKey":"CD/o4LfF+/VGdOntm2d0WIyxfumiwRaIWmPoIi8Bv3A="},"lastRemoteEphemeralKey":"BcA5BeXFHC9Zhd78ioJ0IfX49uw7sGNqbH6EAFm2aXUk","previousCounter":0,"rootKey":"yIh8tRBcgo9vJ7GNiuxF8vyx7CZAiJyNX1XMIPe78LQ="},"indexInfo":{"baseKey":"BfkIdR3QT1gEweDCMA9uMQLqicR9Ne4qCLRuZE1u/U9n","baseKeyType":1,"closed":-1,"used":1748566372679,"created":1748566372679,"remoteIdentityKey":"BVfp+RDPUgYpJs3LukasMF1q8xW6xbs4qlJBKuQ9uIxN"},"_chains":{"BV3ZEsBZNoXRg03ry02vzvatExeS2Td2eL1hZJvDKQ56":{"chainKey":{"counter":2,"key":"yLSO7rjc7yEFECOo9LbOcx7C3xQizZhEk0nljGaZruQ="},"chainType":1,"messageKeys":{}}},"pendingPreKey":{"signedKeyId":1,"baseKey":"BfkIdR3QT1gEweDCMA9uMQLqicR9Ne4qCLRuZE1u/U9n","preKeyId":15378002}}},"version":"v1"}