{"_sessions":{"BQ14RHQNEVdeS5KdfKJvDWv9Aez1ABVnGCmo1mzV3tg4":{"registrationId":1904431189,"currentRatchet":{"ephemeralKeyPair":{"pubKey":"BQKj1MglrOpynE4B0mHUQfvzCDMTy7EI9qQZM9YNjWsi","privKey":"2OgeJGcPur9DLoSki+XH8ylvSClHZpWG/jfrBXiIrEc="},"lastRemoteEphemeralKey":"Ba+4DDmjkfYxeGKVoHPBlTGbbz6Km/M4hQL5ZP2wEeU/","previousCounter":0,"rootKey":"vFI/3xoGeEcYqN112vfIrwUCW7P6IvIKY1014QXEtSU="},"indexInfo":{"baseKey":"BQ14RHQNEVdeS5KdfKJvDWv9Aez1ABVnGCmo1mzV3tg4","baseKeyType":1,"closed":-1,"used":1748567564366,"created":1748567564366,"remoteIdentityKey":"BalsPQZLGP42bj2xM9xJa6pcK7TQECCmCjgt52nhp6hi"},"_chains":{"BQKj1MglrOpynE4B0mHUQfvzCDMTy7EI9qQZM9YNjWsi":{"chainKey":{"counter":0,"key":"9AdjW2fLCGpndVYmarD6MQbS5vDAXU4iYrHMsQzcGDY="},"chainType":1,"messageKeys":{}}},"pendingPreKey":{"signedKeyId":0,"baseKey":"BQ14RHQNEVdeS5KdfKJvDWv9Aez1ABVnGCmo1mzV3tg4","preKeyId":5450638}}},"version":"v1"}