{"_sessions":{"BeAl4eF8Puiy4TCZodxoAy56Hr6CUTILMDaV/jIDtBNb":{"registrationId":1094549839,"currentRatchet":{"ephemeralKeyPair":{"pubKey":"BXIovo1WJN0kNirt+tf8K2lZoqJNnC3PpUMCHvKAhxl/","privKey":"COvv+UAgl4CVTa1Nm+teoutPxjtpR9GlIhTCFUrK8FY="},"lastRemoteEphemeralKey":"BYa3PjoTVpbvGH8LIviF/QzUwRbdCTY1KGbtT/RBUbc+","previousCounter":0,"rootKey":"MLfGU9sAAfi9vquUERR/Ly1KHBo7Dw1irP86I4GucDA="},"indexInfo":{"baseKey":"BeAl4eF8Puiy4TCZodxoAy56Hr6CUTILMDaV/jIDtBNb","baseKeyType":1,"closed":-1,"used":1748566372354,"created":1748566372354,"remoteIdentityKey":"BWpuJy2++Yy4Z32MC1grgnHU3GEHrXrVfVnRjKee+LdF"},"_chains":{"BXIovo1WJN0kNirt+tf8K2lZoqJNnC3PpUMCHvKAhxl/":{"chainKey":{"counter":2,"key":"Ht8gvxbW7kMxR6+s3bUeoqUajb0nTmRJOb2i2rfC1/Y="},"chainType":1,"messageKeys":{}}},"pendingPreKey":{"signedKeyId":7,"baseKey":"BeAl4eF8Puiy4TCZodxoAy56Hr6CUTILMDaV/jIDtBNb","preKeyId":12492932}}},"version":"v1"}