{"_sessions":{"Bc/eZtExDwtXD8MgYMtjJWnHz6Tyr/ZmDTUnc5FH54x0":{"registrationId":1074565087,"currentRatchet":{"ephemeralKeyPair":{"pubKey":"BQJM5kyhcfn7dJuc0al2mxvDpoRfbn9r5ogRRCR6eyIc","privKey":"OG+kQflUb2GwBQz5pIMiAdCwCDiwMxjjdHWQSG7oGl0="},"lastRemoteEphemeralKey":"BaFhioeyXaQ9eO0Qrse/+PAAf4Xj+CDDhSwplnja1IAF","previousCounter":0,"rootKey":"u0jUmuI3h7UrKkhCZPUDdgpGlx6hnHmCBnJk9xOeTXE="},"indexInfo":{"baseKey":"Bc/eZtExDwtXD8MgYMtjJWnHz6Tyr/ZmDTUnc5FH54x0","baseKeyType":1,"closed":-1,"used":1748567564565,"created":1748567564565,"remoteIdentityKey":"BQudL9perGk5DjKiJC0W9Pq/AD76WgykrbI3jCY/od4r"},"_chains":{"BQJM5kyhcfn7dJuc0al2mxvDpoRfbn9r5ogRRCR6eyIc":{"chainKey":{"counter":0,"key":"JatleoEuj2CS5R4v7mGR3ZPheA8GZ05c6WBltUR0Byg="},"chainType":1,"messageKeys":{}}},"pendingPreKey":{"signedKeyId":12,"baseKey":"Bc/eZtExDwtXD8MgYMtjJWnHz6Tyr/ZmDTUnc5FH54x0","preKeyId":6317778}}},"version":"v1"}