{"_sessions":{"BX9teNvC8qekpYDPW+dhtedAhro86uA97dqY6AyGKsME":{"registrationId":478712856,"currentRatchet":{"ephemeralKeyPair":{"pubKey":"BU9tqn21uIv/z7LFWy+g43ehVnasjFQrNrq5CL8LOatk","privKey":"WDnwFTkzv9Gx3gLdtvg2M9xclCd1YsbPoN0//dy+TkE="},"lastRemoteEphemeralKey":"BXpAaz1u+zhO/zGTjYYYyZP//u9vSZxJpPu/tKsV/Z17","previousCounter":0,"rootKey":"//AFzQljkCMQ2VhZTDgW5C8cJ+47dRnMmOOCLZmLbf0="},"indexInfo":{"baseKey":"BX9teNvC8qekpYDPW+dhtedAhro86uA97dqY6AyGKsME","baseKeyType":1,"closed":-1,"used":1748566372839,"created":1748566372839,"remoteIdentityKey":"BWptyUCtSKqCi9Sk2jyXlnRuHFl/D3/T0JpeXrGPltlY"},"_chains":{"BU9tqn21uIv/z7LFWy+g43ehVnasjFQrNrq5CL8LOatk":{"chainKey":{"counter":2,"key":"rVJ8PxkSBLJ81/+htZEsEgR46GGFRWEJl4IEsBIQIJM="},"chainType":1,"messageKeys":{}}},"pendingPreKey":{"signedKeyId":7,"baseKey":"BX9teNvC8qekpYDPW+dhtedAhro86uA97dqY6AyGKsME","preKeyId":3522721}}},"version":"v1"}