{"_sessions":{"BRvuyLV95WIZ/H7Jo+t4HAxIy0klMGqyi6X6jS9+gqFS":{"registrationId":1347606072,"currentRatchet":{"ephemeralKeyPair":{"pubKey":"BaPw9TL+KT27I4a6IOZurFltegF2DGZ+yDD8P4bwXfZM","privKey":"EE+vXH2heASE0H3wu/tl8gBDUFNxWNEkp2Ct2dx/lUM="},"lastRemoteEphemeralKey":"BXOgieBu9Fur5/7UY5JzDkfCnmIslBSbypR7kuGP0TsH","previousCounter":0,"rootKey":"l8JaQGhITNsmnGIHqXF2AjgNC5dU7AI/4ZVauqhQ0a0="},"indexInfo":{"baseKey":"BRvuyLV95WIZ/H7Jo+t4HAxIy0klMGqyi6X6jS9+gqFS","baseKeyType":1,"closed":-1,"used":1748566372933,"created":1748566372933,"remoteIdentityKey":"BTny6syCqlSKpjNuIABhg5b/B7UJAVvrjz5eOLVub7Am"},"_chains":{"BaPw9TL+KT27I4a6IOZurFltegF2DGZ+yDD8P4bwXfZM":{"chainKey":{"counter":2,"key":"9nTUN9Qw/NNQjEPkH2BN2zqaDSzrhEY4WX2zRc6ddXQ="},"chainType":1,"messageKeys":{}}},"pendingPreKey":{"signedKeyId":0,"baseKey":"BRvuyLV95WIZ/H7Jo+t4HAxIy0klMGqyi6X6jS9+gqFS"}}},"version":"v1"}