{"_sessions":{"BUfpFCEgNBPjNM3mWWRpJ89us1KzYZTLg250VS5teNBu":{"registrationId":576941784,"currentRatchet":{"ephemeralKeyPair":{"pubKey":"BadLBKsJjkq4rhn6HOtdyQrAcMsom6rPhLnKRWw11v0A","privKey":"YC0qcP+KbK0Wl99ezcQLentUFD0ymhTW6vOcf9R1QFo="},"lastRemoteEphemeralKey":"BQXR8F1aqFyGHb/07m8R2/6MlvYldU7VGkdeJc+0Q1If","previousCounter":0,"rootKey":"AtADmQU7h/bH9xvA6jcpIvQS5d6QAaLslYF+ipyQRSI="},"indexInfo":{"baseKey":"BUfpFCEgNBPjNM3mWWRpJ89us1KzYZTLg250VS5teNBu","baseKeyType":1,"closed":-1,"used":1748566372384,"created":1748566372384,"remoteIdentityKey":"BekbvFJ9QIYB5yW0KML3XMZnDRuR22M2uMTBSb6QD6FQ"},"_chains":{"BadLBKsJjkq4rhn6HOtdyQrAcMsom6rPhLnKRWw11v0A":{"chainKey":{"counter":3,"key":"n8ruFE/niAPyJzBtWeahwcjAse+pEjKd9uUNLCXMnQ4="},"chainType":1,"messageKeys":{}}},"pendingPreKey":{"signedKeyId":0,"baseKey":"BUfpFCEgNBPjNM3mWWRpJ89us1KzYZTLg250VS5teNBu","preKeyId":6782922}}},"version":"v1"}