{"_sessions":{"BbqBbeiYaGyk510zVidhLBposas/SyL5w0hsjh2ljat0":{"registrationId":307529770,"currentRatchet":{"ephemeralKeyPair":{"pubKey":"BQ9D/5vqC6/OtCLgnTj4X5PxDwEkK8MFzHQ4OxYHxZRW","privKey":"cO0YEsJSr9KOesF56295569TFBKz3QsQVjO59uEZ2UA="},"lastRemoteEphemeralKey":"Bb6YqCIlzY0KSo5NH/EOzMbdi/Iv1dPaqbJGcdnUQwEX","previousCounter":0,"rootKey":"t4rFts1YVYVHFjmLD2lSQ9EAEWsjkb6R/A9rM3z+r1I="},"indexInfo":{"baseKey":"BbqBbeiYaGyk510zVidhLBposas/SyL5w0hsjh2ljat0","baseKeyType":1,"closed":-1,"used":1748566372779,"created":1748566372779,"remoteIdentityKey":"BasfKziATMSoBii2OnwLG9BrqrR7WoOnQncHrAbzi9kR"},"_chains":{"BQ9D/5vqC6/OtCLgnTj4X5PxDwEkK8MFzHQ4OxYHxZRW":{"chainKey":{"counter":2,"key":"wgGa0dH3U49006zqwuJNUqzO2Em6sAkwoMWoRdKiCLs="},"chainType":1,"messageKeys":{}}},"pendingPreKey":{"signedKeyId":19,"baseKey":"BbqBbeiYaGyk510zVidhLBposas/SyL5w0hsjh2ljat0","preKeyId":13783694}}},"version":"v1"}