{"_sessions":{"BdRTt7mgk8ffTG/6jGtqp3ZLrlocLylLsjpgiBoHEepQ":{"registrationId":1142805952,"currentRatchet":{"ephemeralKeyPair":{"pubKey":"Bag1YD5YxvnjjboJtv49a2C68f2M6xWFKdVfIESGEMsZ","privKey":"KCdGdD8Y/cCSJx7njA1jGiAWR68reqYmdRJkxN6K8mk="},"lastRemoteEphemeralKey":"BcnyyO9wrYHzhjzq0sE9ZI7CAbPpqf+R/l+9bmnDZn9E","previousCounter":0,"rootKey":"LCa3aFEfg3q82GFQqbt/hPVYKjVfj7DuGCBtBqW/1G8="},"indexInfo":{"baseKey":"BdRTt7mgk8ffTG/6jGtqp3ZLrlocLylLsjpgiBoHEepQ","baseKeyType":1,"closed":-1,"used":1748566372372,"created":1748566372372,"remoteIdentityKey":"BZ9yL3g+KHd4oGE9S+q68rKAs0pgHRCdvUhH8vwHMC8E"},"_chains":{"Bag1YD5YxvnjjboJtv49a2C68f2M6xWFKdVfIESGEMsZ":{"chainKey":{"counter":2,"key":"N0PLOQSAbzO+wXlkt7Lkbx1OzXW+hRhMWxblw8Oc7uA="},"chainType":1,"messageKeys":{}}},"pendingPreKey":{"signedKeyId":2,"baseKey":"BdRTt7mgk8ffTG/6jGtqp3ZLrlocLylLsjpgiBoHEepQ","preKeyId":16548930}}},"version":"v1"}