{"_sessions":{"BSsBYPPrxBh0yMACGkfMenmK2qpTfRQ5t314w55rPIhn":{"registrationId":1744019679,"currentRatchet":{"ephemeralKeyPair":{"pubKey":"BW5AETvP0b82g5pOTWMXw8OZehH46x15+8NGBzGmUx5D","privKey":"6BY4eD6EdSAZ+qBFHkqjyzEXN7lHQYxG5FsLKTSXQnQ="},"lastRemoteEphemeralKey":"BYKpyWRprY8CziAy9FlMVy6tfRiUQXiNcX+9sSTc8ZsB","previousCounter":0,"rootKey":"ZVXIWR3dX0M5274OCbfzb4rLzzxUuDJFmISGfQVrGBE="},"indexInfo":{"baseKey":"BSsBYPPrxBh0yMACGkfMenmK2qpTfRQ5t314w55rPIhn","baseKeyType":1,"closed":-1,"used":1748566372690,"created":1748566372690,"remoteIdentityKey":"BRpP760LvvOcf1BsQkd6hp3LP0WWAZ8pjpnI3gI3zkAF"},"_chains":{"BW5AETvP0b82g5pOTWMXw8OZehH46x15+8NGBzGmUx5D":{"chainKey":{"counter":2,"key":"QYALngu8EEr6iBNSyw+Ot15BHJhJ1upijTXb/OG4wjY="},"chainType":1,"messageKeys":{}}},"pendingPreKey":{"signedKeyId":0,"baseKey":"BSsBYPPrxBh0yMACGkfMenmK2qpTfRQ5t314w55rPIhn","preKeyId":7957426}}},"version":"v1"}