{"_sessions":{"BbfphObx0CzYgYMd3SoPv8C8AacZ8LwIsubnyswJUTgn":{"registrationId":705462463,"currentRatchet":{"ephemeralKeyPair":{"pubKey":"BbCZHOoA/y+Ztr8h8ykBlA9JL9ZWqNci1G0pFZlS6HFo","privKey":"OJcLZkW3wpK5HDUBO95h6jw9MRe1Do/Ppn9+9LTZ1XU="},"lastRemoteEphemeralKey":"BVP7PPIjwVwSIN9yq0tGBYrb0pSfTYcQSyXCoojkgtIO","previousCounter":0,"rootKey":"kYamLul/2d9tOR+Wa4lshZ2h66PUJy5IVwIhpryVF3w="},"indexInfo":{"baseKey":"BbfphObx0CzYgYMd3SoPv8C8AacZ8LwIsubnyswJUTgn","baseKeyType":1,"closed":-1,"used":1748566373069,"created":1748566373069,"remoteIdentityKey":"Be60oQ/FLTc5KKfCVz/NFHJZ44p6w/pvOdIO5Rtwm1AJ"},"_chains":{"BbCZHOoA/y+Ztr8h8ykBlA9JL9ZWqNci1G0pFZlS6HFo":{"chainKey":{"counter":2,"key":"73/ZwLcBoS2C4tz53vkkS++Y6V+2lqXuDdvj6XxCgsg="},"chainType":1,"messageKeys":{}}},"pendingPreKey":{"signedKeyId":6,"baseKey":"BbfphObx0CzYgYMd3SoPv8C8AacZ8LwIsubnyswJUTgn","preKeyId":1415066}}},"version":"v1"}