{"_sessions":{"BRIQpOUxIKbxxDtkPsULo1VyA++HnGWa4GpxMp1ziDIV":{"registrationId":1874721268,"currentRatchet":{"ephemeralKeyPair":{"pubKey":"BTVm3MyZ31RoCgc+csG4NPtFRWvZK3NFv903j2VnQ/Mm","privKey":"aK8z9ntQUhVXXTG4VBkpi8Vsn98bSKAeTh7Ezw08J1I="},"lastRemoteEphemeralKey":"BZu9NS6DAKxVAXEff/7b+9dKXm10sTp2MaC/DEteDTsG","previousCounter":0,"rootKey":"BKXTHoLFealT770DP0cwso45C6vQlDQr6l0LwQjINEI="},"indexInfo":{"baseKey":"BRIQpOUxIKbxxDtkPsULo1VyA++HnGWa4GpxMp1ziDIV","baseKeyType":1,"closed":-1,"used":1748567564309,"created":1748567564309,"remoteIdentityKey":"BQfYx/sNT91BxQSVzy9djWxt5XpMbWx3beSXZN/sqHZ7"},"_chains":{"BTVm3MyZ31RoCgc+csG4NPtFRWvZK3NFv903j2VnQ/Mm":{"chainKey":{"counter":0,"key":"JXkMkwYJPtUll7Fdu7huHOaqZR4ifGNJqsmduLj9NjA="},"chainType":1,"messageKeys":{}}},"pendingPreKey":{"signedKeyId":12696775,"baseKey":"BRIQpOUxIKbxxDtkPsULo1VyA++HnGWa4GpxMp1ziDIV"}}},"version":"v1"}