{"_sessions":{"BaTpSgkD1tmrir3xyuwjWMCkcz4ZBfE2EkTADKaJ3h1f":{"registrationId":867249021,"currentRatchet":{"ephemeralKeyPair":{"pubKey":"BW8wfmHncM55vwsFyKUFOY/Pq0XJdYZTb1sBoGAip2BG","privKey":"CBnvXJ690Kv4aDeBtjb8qs5LpH/ZZmv5LXPzoi1mxX0="},"lastRemoteEphemeralKey":"BbPeQVkv51HQiTxa/1zkzR6OUNU2SP1d/VtyikhAVOwt","previousCounter":0,"rootKey":"CtNyfv4dP3DxC48OlgOQaKBfkPGX/+3UdhtIPwNiXEA="},"indexInfo":{"baseKey":"BaTpSgkD1tmrir3xyuwjWMCkcz4ZBfE2EkTADKaJ3h1f","baseKeyType":1,"closed":-1,"used":1748567564157,"created":1748567564157,"remoteIdentityKey":"BWQPFddEjiN8o2EyBVK9KKLHTXD7FTwybkqTxHnbMq0o"},"_chains":{"BW8wfmHncM55vwsFyKUFOY/Pq0XJdYZTb1sBoGAip2BG":{"chainKey":{"counter":0,"key":"s/dgVDNcUtHHR+g4SVgBQMCA50LVPigD0X2A/Qs6NBE="},"chainType":1,"messageKeys":{}}},"pendingPreKey":{"signedKeyId":13,"baseKey":"BaTpSgkD1tmrir3xyuwjWMCkcz4ZBfE2EkTADKaJ3h1f","preKeyId":11124859}}},"version":"v1"}