{"_sessions":{"BQiLB5WfT5/wcquV+Q5cZCyYFsNE48ABFDJWx9e6RZI6":{"registrationId":13725749,"currentRatchet":{"ephemeralKeyPair":{"pubKey":"BYveMTxiG9FHbwtQKMytygYj3MDvGc3HBSnlKBNMmLIu","privKey":"GKnV5NUQbhAP3VoBECf9ns64f72DrCwmO5OCwYjSr1g="},"lastRemoteEphemeralKey":"BaMlZsqtgdDQkbQQ3xjBtwbttfVTS17Fxr+S6UWRGLEQ","previousCounter":0,"rootKey":"8BnXAmz/ZbDtRfzxqVElJXCMcG8gvz5toiqsi58i/pQ="},"indexInfo":{"baseKey":"BQiLB5WfT5/wcquV+Q5cZCyYFsNE48ABFDJWx9e6RZI6","baseKeyType":1,"closed":-1,"used":1748566373007,"created":1748566373007,"remoteIdentityKey":"BVf20Ipz7AZRTeQ/SJUkDHJj84OQMmtuVL2liPV/R8Qk"},"_chains":{"BYveMTxiG9FHbwtQKMytygYj3MDvGc3HBSnlKBNMmLIu":{"chainKey":{"counter":2,"key":"a+fXnGC6Xez3rTmQzRtnCyRNOekRgIJ8UPtW8SLxpAw="},"chainType":1,"messageKeys":{}}},"pendingPreKey":{"signedKeyId":4,"baseKey":"BQiLB5WfT5/wcquV+Q5cZCyYFsNE48ABFDJWx9e6RZI6"}}},"version":"v1"}