{"_sessions":{"BdTufDPKQRqMhjLbSUw0AszG4dXMtsCvwUgcVFT5n1Yy":{"registrationId":2065262379,"currentRatchet":{"ephemeralKeyPair":{"pubKey":"BY64GqPZFwBy7YBuBxVb7KbJ0ZsG/vGxZsgfhYaQsvEN","privKey":"2FdbNkOsXkcdTCowAqFwrwfOnoWSUHGZFa4GtlvoKXo="},"lastRemoteEphemeralKey":"BfaF0nqFISRggSyPsnixC4k8uKJuwS13vwI1qTBKqCtf","previousCounter":0,"rootKey":"zAeGMw623YhNdosjO9X/GnGvyuBWX0yMM5MtNLjp9hc="},"indexInfo":{"baseKey":"BdTufDPKQRqMhjLbSUw0AszG4dXMtsCvwUgcVFT5n1Yy","baseKeyType":1,"closed":-1,"used":1748567564315,"created":1748567564315,"remoteIdentityKey":"BU2pMVACVlrcXQSMMgApBmawt+5Xiwzo5bLqYcjH/6dz"},"_chains":{"BY64GqPZFwBy7YBuBxVb7KbJ0ZsG/vGxZsgfhYaQsvEN":{"chainKey":{"counter":0,"key":"GQLSjPbapaRbM7zN8lP5bEj7G9POf5xGx8McBwTj9xg="},"chainType":1,"messageKeys":{}}},"pendingPreKey":{"signedKeyId":2,"baseKey":"BdTufDPKQRqMhjLbSUw0AszG4dXMtsCvwUgcVFT5n1Yy","preKeyId":11617163}}},"version":"v1"}