{"_sessions":{"BTLt7Y1NHwro+dseRdyLFpjqqzuDaZPAHFP/hQRU3xtw":{"registrationId":2080678655,"currentRatchet":{"ephemeralKeyPair":{"pubKey":"BQLVuGXPMxpgHC1TCOvyqQSlHr1KB9QrzsmGe4JWQPcA","privKey":"WIGrZHCQa0/XLkJZXyZc5DGIrTv6UfhUeiuH2Ibwxmk="},"lastRemoteEphemeralKey":"BQQ1qAYUqnywYiLKQLmNu7J0fIwfDgk6QM0omLxCWUJ8","previousCounter":0,"rootKey":"d1Mvm2zvNskMELOLEkvhNF5UL2K3rORFX6oJqy6wYfU="},"indexInfo":{"baseKey":"BTLt7Y1NHwro+dseRdyLFpjqqzuDaZPAHFP/hQRU3xtw","baseKeyType":1,"closed":-1,"used":1748566372296,"created":1748566372296,"remoteIdentityKey":"BfgAkEH4Pc1EJMsls8CEWNOOis9g4cUVjj+gBACkQWc6"},"_chains":{"BQLVuGXPMxpgHC1TCOvyqQSlHr1KB9QrzsmGe4JWQPcA":{"chainKey":{"counter":3,"key":"wvfv0ukkAVO1g4WrqSgqMbpOPvToG3qmhOrItDjskj8="},"chainType":1,"messageKeys":{}}},"pendingPreKey":{"signedKeyId":2,"baseKey":"BTLt7Y1NHwro+dseRdyLFpjqqzuDaZPAHFP/hQRU3xtw"}}},"version":"v1"}