{"_sessions":{"BQdtQA3b9Tu2mOUzWDa/n2M0hhQ2nJ56Oew2egkNlEJa":{"registrationId":662203822,"currentRatchet":{"ephemeralKeyPair":{"pubKey":"BdIv0pSkeSh8GOXoh5t9p3ZbgSuaJyO7etUkeEJPvTJB","privKey":"GGSgD3wA7X/XzXylQufkh5TyFP7Ei7g1EC0ebzbt4nw="},"lastRemoteEphemeralKey":"BYM7dJUnpLwxRien/E/djJS8pFZJN8Lokgcac+Kg+CQe","previousCounter":0,"rootKey":"hJCLlPMmKqiYydaFm5Q2BnLKMnc2A0VnqviaKXnJT5k="},"indexInfo":{"baseKey":"BQdtQA3b9Tu2mOUzWDa/n2M0hhQ2nJ56Oew2egkNlEJa","baseKeyType":1,"closed":-1,"used":1748566372507,"created":1748566372507,"remoteIdentityKey":"BS5y3DUhtUzMZ6zTu4dsHkk6U7IDL95OlVD20ecmiDlL"},"_chains":{"BdIv0pSkeSh8GOXoh5t9p3ZbgSuaJyO7etUkeEJPvTJB":{"chainKey":{"counter":2,"key":"Zgc0qQs4+0YrrSnAhetyURSrOf5JB9AedLZl/djp4dM="},"chainType":1,"messageKeys":{}}},"pendingPreKey":{"signedKeyId":2,"baseKey":"BQdtQA3b9Tu2mOUzWDa/n2M0hhQ2nJ56Oew2egkNlEJa","preKeyId":5662470}}},"version":"v1"}