{"_sessions":{"BaeSwkLCvXr4cAI+rVfpszZSf2pd6jKXRThMnUrVvJcQ":{"registrationId":1768880979,"currentRatchet":{"ephemeralKeyPair":{"pubKey":"BQIOb014MEYdrtY/ADsfsPn58VwHlniLscE+ZQwcl9Qi","privKey":"+AnHEGHpCDLzXKPnEtrA35JiHFYl9N5VnUoZVNPa1Uo="},"lastRemoteEphemeralKey":"BV15lzCFYzzGx1UME5mVTXxx7TdN0sVzbdcUh1K11ksW","previousCounter":0,"rootKey":"b1xxdd9BhPaY66uEL9TT+ufWj57Xg9kKcWm9AultMog="},"indexInfo":{"baseKey":"BaeSwkLCvXr4cAI+rVfpszZSf2pd6jKXRThMnUrVvJcQ","baseKeyType":1,"closed":-1,"used":1748566373632,"created":1748566373632,"remoteIdentityKey":"BYj7L7gMdA2e+AvRVEiaTmkLiAwCGhKEavqQwj4cc40Q"},"_chains":{"BQIOb014MEYdrtY/ADsfsPn58VwHlniLscE+ZQwcl9Qi":{"chainKey":{"counter":2,"key":"47Cw6207fytxxYoWfHQ7Gc2UHuH9kOFoSF/YCmRBgh8="},"chainType":1,"messageKeys":{}}},"pendingPreKey":{"signedKeyId":1,"baseKey":"BaeSwkLCvXr4cAI+rVfpszZSf2pd6jKXRThMnUrVvJcQ","preKeyId":14584423}}},"version":"v1"}