{"_sessions":{"BRFijtZZWcWIfHbsZk/WOdufiwtpD/rFp9tCfYrYE0Yg":{"registrationId":1316917143,"currentRatchet":{"ephemeralKeyPair":{"pubKey":"Bf29VNC4jCNUV3p+tMzEa3u8jmQYeSo5ISFOAN8z1HI+","privKey":"sLdKFgcXh2g9i9ah2TVqAFFFpVU3Jwc9qTYSooHf4WU="},"lastRemoteEphemeralKey":"BY7mN8P+azDpL/SkwAXlulpDlCtZI3vCc47k5M8Vb85l","previousCounter":0,"rootKey":"RJUSAemZ2G94LR7AuwQuTom5IefdGRJNZekQ+5FJpkA="},"indexInfo":{"baseKey":"BRFijtZZWcWIfHbsZk/WOdufiwtpD/rFp9tCfYrYE0Yg","baseKeyType":1,"closed":-1,"used":1748566372230,"created":1748566372230,"remoteIdentityKey":"BYi3QQEV8NkCgPoH1WcHUZ0j7Au2/A6Nsy40Y9+LMjx8"},"_chains":{"Bf29VNC4jCNUV3p+tMzEa3u8jmQYeSo5ISFOAN8z1HI+":{"chainKey":{"counter":2,"key":"OxFLxn/x+CWuZnn6EB8yKBIACBe0L6A7EjYVT8U1hi4="},"chainType":1,"messageKeys":{}}},"pendingPreKey":{"signedKeyId":23,"baseKey":"BRFijtZZWcWIfHbsZk/WOdufiwtpD/rFp9tCfYrYE0Yg","preKeyId":14925047}}},"version":"v1"}