{"_sessions":{"BajpUYSqfL1CqnKjWYT/cfWd+7+pbulihrU2fB1Dl78a":{"registrationId":380352576,"currentRatchet":{"ephemeralKeyPair":{"pubKey":"Bf2FnCHTArfGJk5QdU+8sIbpayXkCUgyn+r8IAWDVOFf","privKey":"GCE/6yTbTQIKltIcDriDHAqHrI8fmC9PlA7pqBr8D1c="},"lastRemoteEphemeralKey":"BdEXzvwyz8V/UCYp5VrhMG94Z4SPIoQQNnrpEnv6IBFo","previousCounter":0,"rootKey":"YHbNpdSb7k2FXfGnsCytm9T/I3iU25ZqSw/M/UWdadQ="},"indexInfo":{"baseKey":"BajpUYSqfL1CqnKjWYT/cfWd+7+pbulihrU2fB1Dl78a","baseKeyType":1,"closed":-1,"used":1748567564594,"created":1748567564594,"remoteIdentityKey":"BRbEIqDgszPCjIkXS+3WZyHQ4fTyDXFDpKXSoyDawskR"},"_chains":{"Bf2FnCHTArfGJk5QdU+8sIbpayXkCUgyn+r8IAWDVOFf":{"chainKey":{"counter":0,"key":"8la3GK1QK6td1miAWSUuayZzXfJ3hXX2YDZ3Z2nA6Hw="},"chainType":1,"messageKeys":{}}},"pendingPreKey":{"signedKeyId":6,"baseKey":"BajpUYSqfL1CqnKjWYT/cfWd+7+pbulihrU2fB1Dl78a","preKeyId":10399405}}},"version":"v1"}