{"_sessions":{"BXtDemgegJJ41aw9WFZ7qIgifAe5I/0/cZwKeIconMZF":{"registrationId":1531711695,"currentRatchet":{"ephemeralKeyPair":{"pubKey":"BWJ6QQTCW8piUcXGajQ/Z9L6k5PmpsPfN4JIiIU5/bUC","privKey":"APcbhvcNHXsW9vLFqzBK3lYmWisbxcuMOmbK1EUBQl8="},"lastRemoteEphemeralKey":"BdT2inN5Yh/3UoZ2zdxzP31/+eh83dj/LypvVKBJs04m","previousCounter":0,"rootKey":"I4gDgk1Po1JX+NXeAJw+rdBHUomZENbDRWHCy7y4Yxo="},"indexInfo":{"baseKey":"BXtDemgegJJ41aw9WFZ7qIgifAe5I/0/cZwKeIconMZF","baseKeyType":1,"closed":-1,"used":1748567564765,"created":1748567564765,"remoteIdentityKey":"BfNZNmyh0G76FAdALNu/vGoshmiQutjuvSLrpsOvwkBg"},"_chains":{"BWJ6QQTCW8piUcXGajQ/Z9L6k5PmpsPfN4JIiIU5/bUC":{"chainKey":{"counter":0,"key":"GnR6rLaPzLWbbReyz20aGIzQ2NTHnRW7qKxayvgOJNU="},"chainType":1,"messageKeys":{}}},"pendingPreKey":{"signedKeyId":0,"baseKey":"BXtDemgegJJ41aw9WFZ7qIgifAe5I/0/cZwKeIconMZF"}}},"version":"v1"}