{"_sessions":{"BapTEJKt+4gVjqS4esc3SAe54Nb4zjV4ywT2zBQuDaN5":{"registrationId":1011744184,"currentRatchet":{"ephemeralKeyPair":{"pubKey":"BTXEKFYuyf5vUkfy+Qg68hjV3G3obVj1gbrm4NjOFl07","privKey":"MD49BoILEUzPLnk6vhmd7KcLYUrC+GjqrbjWUNCthHo="},"lastRemoteEphemeralKey":"BamX9l0AegGjDYnBCUEQ5ff9RmEYSuaAWcZmGDyGAcg5","previousCounter":0,"rootKey":"H1WW825pXGstJbVnV3rkjAq5gExyX1a5Y4l6GoaXXLE="},"indexInfo":{"baseKey":"BapTEJKt+4gVjqS4esc3SAe54Nb4zjV4ywT2zBQuDaN5","baseKeyType":1,"closed":-1,"used":1748566372251,"created":1748566372251,"remoteIdentityKey":"BbawXZA8znre2pO93JsthxHzMO6Wykp5bdMbcZ+2ff09"},"_chains":{"BTXEKFYuyf5vUkfy+Qg68hjV3G3obVj1gbrm4NjOFl07":{"chainKey":{"counter":2,"key":"dKJ3DxdL+wqgl0K1v/UDQDqLw4JWp672ALxtkdAYVVE="},"chainType":1,"messageKeys":{}}},"pendingPreKey":{"signedKeyId":13172726,"baseKey":"BapTEJKt+4gVjqS4esc3SAe54Nb4zjV4ywT2zBQuDaN5","preKeyId":5409}}},"version":"v1"}