{"_sessions":{"BRPlZzVOxAUbi/enUf33ZXO/tDVSeucPykiEDNHMqVRt":{"registrationId":578700843,"currentRatchet":{"ephemeralKeyPair":{"pubKey":"Bb6he98zJWwAwB6gAt0HeEec1j04aTfLpFGRu9DIc3lt","privKey":"WMpEjpE1zdXQ6ouuM3xhwpTzrjS+/Toe+/7A0XqHGHI="},"lastRemoteEphemeralKey":"BeQ/GgkiCdvoKzKNpfkZ6+Ax+Omb8wOK/3cffKx8gg4g","previousCounter":0,"rootKey":"uuL9UZYRm9lD5YpOvVnvzE+o6xjmgNrNb0Ax9f0TRGU="},"indexInfo":{"baseKey":"BRPlZzVOxAUbi/enUf33ZXO/tDVSeucPykiEDNHMqVRt","baseKeyType":1,"closed":-1,"used":1748567564293,"created":1748567564293,"remoteIdentityKey":"BeKbNxZSHTrUgxhJ1aV1ZCR0FvD6BR8rmHztGiKIrLF/"},"_chains":{"Bb6he98zJWwAwB6gAt0HeEec1j04aTfLpFGRu9DIc3lt":{"chainKey":{"counter":0,"key":"vHhr2/12FUU8MGwHL3A2V2DeYQp1fdM8vwzss78jd1Y="},"chainType":1,"messageKeys":{}}},"pendingPreKey":{"signedKeyId":4,"baseKey":"BRPlZzVOxAUbi/enUf33ZXO/tDVSeucPykiEDNHMqVRt","preKeyId":6301308}}},"version":"v1"}