{"_sessions":{"BfZWzZrZNyrgJMskikkTHMRixi/lowvqSBHjh313dLFI":{"registrationId":1445927051,"currentRatchet":{"ephemeralKeyPair":{"pubKey":"BXrE7MGkXb1r9sTFYJ7zQ+L4iTEyfvxg/0cAqBvqEgsL","privKey":"sFoyzac9grSW5bxY1zQcCDQ0FUU6ofTmW+v+QMxKoX4="},"lastRemoteEphemeralKey":"BdRh1QWaJqDz8RtsU4Alipt79z/w09LeWFxyCY/VvWp2","previousCounter":0,"rootKey":"iwBMSwPXGrjrgTxtL5wa73bcKmtPhlwmv/0/wZcbtd4="},"indexInfo":{"baseKey":"BfZWzZrZNyrgJMskikkTHMRixi/lowvqSBHjh313dLFI","baseKeyType":1,"closed":-1,"used":1748567564169,"created":1748567564169,"remoteIdentityKey":"BWZOVDad2/BS7GC3ywkrbt8y+X8MEpDxL8Q/TPJWwwJA"},"_chains":{"BXrE7MGkXb1r9sTFYJ7zQ+L4iTEyfvxg/0cAqBvqEgsL":{"chainKey":{"counter":0,"key":"9qztw0D7hZPaipOoHzg6Sb3Up6HDLQW7XGHn/lAkmPk="},"chainType":1,"messageKeys":{}}},"pendingPreKey":{"signedKeyId":8,"baseKey":"BfZWzZrZNyrgJMskikkTHMRixi/lowvqSBHjh313dLFI","preKeyId":3261564}}},"version":"v1"}