{"_sessions":{"BaM2P8gvdC7ZjfXwk8ROv6DuF70FW0yj9r0zNkd3XMkM":{"registrationId":11332,"currentRatchet":{"ephemeralKeyPair":{"pubKey":"BV4rCIneb6Zx88byhlKyyrEbXdUgHOFDujBbYpn0HB1I","privKey":"uNYCWiTxHKOjGmyeDWUWwPnUfg0CtSKNg9f0AQNvqFM="},"lastRemoteEphemeralKey":"BZplzqH+xKO3Jv7KlVkQWRntXWpQnweK9hGeJOhJ/l4n","previousCounter":0,"rootKey":"mkr24WT62IShUvUfhREnoGyRcTAwnCTOLLW7gMcq+6s="},"indexInfo":{"baseKey":"BaM2P8gvdC7ZjfXwk8ROv6DuF70FW0yj9r0zNkd3XMkM","baseKeyType":1,"closed":-1,"used":1748566371907,"created":1748566371907,"remoteIdentityKey":"BbGN8/GaE/0YSbFBmrVcToAHszdPlaxvdx1wTxL+uyFC"},"_chains":{"BV4rCIneb6Zx88byhlKyyrEbXdUgHOFDujBbYpn0HB1I":{"chainKey":{"counter":3,"key":"ol824CaqEi5haZpRDwFoGF94zmpGeVDsc2DUZMPyAds="},"chainType":1,"messageKeys":{}}},"pendingPreKey":{"signedKeyId":1,"baseKey":"BaM2P8gvdC7ZjfXwk8ROv6DuF70FW0yj9r0zNkd3XMkM"}}},"version":"v1"}