{"_sessions":{"BdaqUjka9eRfoOr3G8pZe8IHqEGoKZg1NG7mEVKm2Joj":{"registrationId":922473322,"currentRatchet":{"ephemeralKeyPair":{"pubKey":"Bfv8faR3aI+mHqJo191ruQUaKA4ex3W9KqQyvtQ/uyFW","privKey":"eIMo2/R+DDboT0LUZo3O0OmU987/hfz+XJj/5bXdDVc="},"lastRemoteEphemeralKey":"BUp+4+GNhj90ITtTdPPpvSrCGnOi7B6Jllm7mCs5vS0L","previousCounter":0,"rootKey":"bGIWu7CicYBdojuf9NP0Wil9ZlmRodoVimobC6O9J24="},"indexInfo":{"baseKey":"BdaqUjka9eRfoOr3G8pZe8IHqEGoKZg1NG7mEVKm2Joj","baseKeyType":1,"closed":-1,"used":1748566373390,"created":1748566373390,"remoteIdentityKey":"BeEPQIg1BXPrcC18UiUMEx2UFt+X00I5yEbH9oXkFHRl"},"_chains":{"Bfv8faR3aI+mHqJo191ruQUaKA4ex3W9KqQyvtQ/uyFW":{"chainKey":{"counter":2,"key":"Y3lFMzydY9FgdeaL5Rl5riPHBcsvsp6F+Xuse8KcVxw="},"chainType":1,"messageKeys":{}}},"pendingPreKey":{"signedKeyId":11,"baseKey":"BdaqUjka9eRfoOr3G8pZe8IHqEGoKZg1NG7mEVKm2Joj","preKeyId":4900759}}},"version":"v1"}