{"_sessions":{"BVNYRlxbnTpzUc6Oc+HeeJENhR/Bz5Xdwwd5wBVAYMMI":{"registrationId":981904280,"currentRatchet":{"ephemeralKeyPair":{"pubKey":"BY9i5Pz3fYSb/dfbK8LEJONjX3e8GaSQNKpadzIaLOAR","privKey":"wH0XRX8T55AWTMION8gIifU6045GUtLpK3TWFXV8W0g="},"lastRemoteEphemeralKey":"BZc7Lu8ZxmOWWyQly7Qzodn3TaWn1t+MFzmYIi0Zl54v","previousCounter":0,"rootKey":"nVV3WtnxhOCvVv6CSeK4/oMFrwaFuAeACbskwFHBFp4="},"indexInfo":{"baseKey":"BVNYRlxbnTpzUc6Oc+HeeJENhR/Bz5Xdwwd5wBVAYMMI","baseKeyType":1,"closed":-1,"used":1748566372644,"created":1748566372644,"remoteIdentityKey":"BYkSm4okFVeZVDVw5pkQL1HFFFZN7B2g7qwE0xPX51Z9"},"_chains":{"BY9i5Pz3fYSb/dfbK8LEJONjX3e8GaSQNKpadzIaLOAR":{"chainKey":{"counter":2,"key":"n/8u2DfX+8wXN4x1a1fdA0SzMMGPXfLNR2p2NOymr+o="},"chainType":1,"messageKeys":{}}},"pendingPreKey":{"signedKeyId":0,"baseKey":"BVNYRlxbnTpzUc6Oc+HeeJENhR/Bz5Xdwwd5wBVAYMMI","preKeyId":1814241}}},"version":"v1"}