{"_sessions":{"BY/tXuCOBDuNotsNDTUHKIY1RbB8AbzFlmYnnuXIrQ8J":{"registrationId":246841858,"currentRatchet":{"ephemeralKeyPair":{"pubKey":"BZDwpBBNsToKjhC9/WIuyvrvFhrL8yuDjHAW2H0MqXkV","privKey":"YORQO9bXRyFg1V2GGYaeKmSBrJZ3mNDvWN8mXjtmvFA="},"lastRemoteEphemeralKey":"BZgMj6AeUsQ7vqUSvX58Wh1VJhR/wewM6iJae1dbfOR9","previousCounter":0,"rootKey":"4ZAr5Qufs+5VGtRf+DlJZZxU0ItaI5RxFjCAWT+lhyQ="},"indexInfo":{"baseKey":"BY/tXuCOBDuNotsNDTUHKIY1RbB8AbzFlmYnnuXIrQ8J","baseKeyType":1,"closed":-1,"used":1748566372224,"created":1748566372224,"remoteIdentityKey":"BePSp1XtsKSA6ySk436Er8ZjcgQs8LSZ9uaRe2jp4sl4"},"_chains":{"BZDwpBBNsToKjhC9/WIuyvrvFhrL8yuDjHAW2H0MqXkV":{"chainKey":{"counter":2,"key":"2EpLfjo2nEEaaqNmCmI95IkwW77ux41k/j1yqQR3u8M="},"chainType":1,"messageKeys":{}}},"pendingPreKey":{"signedKeyId":1,"baseKey":"BY/tXuCOBDuNotsNDTUHKIY1RbB8AbzFlmYnnuXIrQ8J","preKeyId":11843704}}},"version":"v1"}