{"_sessions":{"Bfhx91/jGjHGcTEEaWQHrlwOE9dQ894t0ccw3xaDaCwt":{"registrationId":1044144286,"currentRatchet":{"ephemeralKeyPair":{"pubKey":"BWMS9Lzw+S+01lAWtW5i+dzGM6Q8TIbjkFv9WnYWDhI8","privKey":"sA6TuGd6Yi+IOw2JhEh4A3nKoX9PSd/lbRLm5aXs51A="},"lastRemoteEphemeralKey":"BbdgpejPaHw7+ut7M8vAuYxTdjcbMf7AIbc1QqIcpY8r","previousCounter":0,"rootKey":"1+8PoLY9jSl76r/G7LfEQfsCHcAhKd5LKfKkcU3BVJk="},"indexInfo":{"baseKey":"Bfhx91/jGjHGcTEEaWQHrlwOE9dQ894t0ccw3xaDaCwt","baseKeyType":1,"closed":-1,"used":1748567564526,"created":1748567564526,"remoteIdentityKey":"BasE1tv4p70xa3eQhgmqqcZS646hRGVlcXfhKBckkAcR"},"_chains":{"BWMS9Lzw+S+01lAWtW5i+dzGM6Q8TIbjkFv9WnYWDhI8":{"chainKey":{"counter":0,"key":"u3C7jEruyzJGURlBcjSEwK1spmN8oAR6SYM4LFMn/MM="},"chainType":1,"messageKeys":{}}},"pendingPreKey":{"signedKeyId":10,"baseKey":"Bfhx91/jGjHGcTEEaWQHrlwOE9dQ894t0ccw3xaDaCwt","preKeyId":8909503}}},"version":"v1"}