{"_sessions":{"BZHQHc6cDapf37EDuyEbk/TMeibl93n/nOJqoXC4rjx7":{"registrationId":122102713,"currentRatchet":{"ephemeralKeyPair":{"pubKey":"Bab9xRAsVgOwkUB1zl94Dz8Qa0XRykA6J9sUWAXpWi9u","privKey":"+EJfDXNdKN+fGOTlMnlny1d4F8bE4OOM9VHmybkMCF0="},"lastRemoteEphemeralKey":"BYdrf8QamH9lqSOH22h++KVf4nvZTKyaLCRGWQxMO897","previousCounter":0,"rootKey":"aV/fg+Lo9gOBK/4xIgzwiOqQZ+T6KEJIat7PzeAETHg="},"indexInfo":{"baseKey":"BZHQHc6cDapf37EDuyEbk/TMeibl93n/nOJqoXC4rjx7","baseKeyType":1,"closed":-1,"used":1748567564446,"created":1748567564446,"remoteIdentityKey":"BeMrhe7WlNMgIkC/ytxWG6MEfFhAwR65eDWIujz+fjpN"},"_chains":{"Bab9xRAsVgOwkUB1zl94Dz8Qa0XRykA6J9sUWAXpWi9u":{"chainKey":{"counter":0,"key":"CM0va0lPAULFyWu/sTILmkbm6jja01fsNALQ1tQ1/I0="},"chainType":1,"messageKeys":{}}},"pendingPreKey":{"signedKeyId":2,"baseKey":"BZHQHc6cDapf37EDuyEbk/TMeibl93n/nOJqoXC4rjx7","preKeyId":166809}}},"version":"v1"}