{"_sessions":{"BR0fQcI3tQbr0KLbek3ivJ26jsYtav6ppatYoD7b24JK":{"registrationId":29450064,"currentRatchet":{"ephemeralKeyPair":{"pubKey":"BY3CLCgaxvGA8pE44XG/OMloc9jkOYRnyE3hKNl6F88b","privKey":"SOB2EKnHimpJ4I41PmZE/nolsqWD5hiCG8VrTYqw1k4="},"lastRemoteEphemeralKey":"Bfk/OBGwqDTLureHeIL5LxcltBy+LIv0FeKn3p0XFOQz","previousCounter":0,"rootKey":"HLN1I62cO8Df3+vCDIrUA8OiICq44kiYnL0C+d2JWjA="},"indexInfo":{"baseKey":"BR0fQcI3tQbr0KLbek3ivJ26jsYtav6ppatYoD7b24JK","baseKeyType":1,"closed":-1,"used":1748566372801,"created":1748566372801,"remoteIdentityKey":"BX69zl6A/TkvtkxiZwHzwD6hz4sgHuPQHJVx/OE0YFRm"},"_chains":{"BY3CLCgaxvGA8pE44XG/OMloc9jkOYRnyE3hKNl6F88b":{"chainKey":{"counter":2,"key":"2NJBN2HgxTdW5MkM451xxd8ikVpGOYZxINnVfmbOFF8="},"chainType":1,"messageKeys":{}}},"pendingPreKey":{"signedKeyId":2,"baseKey":"BR0fQcI3tQbr0KLbek3ivJ26jsYtav6ppatYoD7b24JK","preKeyId":825600}}},"version":"v1"}