{"_sessions":{"BQM4Fik31qUakQ/QOn5HMgNovMJBW6oRjpyQdUEIOtZe":{"registrationId":1821342940,"currentRatchet":{"ephemeralKeyPair":{"pubKey":"BbDbcJoHf7X97XgVI57EU9G0z20KuNClOT3IoY+O60wE","privKey":"iCruArV2DdrUv16gDGo5uF5KcCMdMpilBYxQTBnx+mQ="},"lastRemoteEphemeralKey":"BeM5UTm56D6uZSRQRHaZ7I2lL7cS5gCz3rpEzOvTUyFy","previousCounter":0,"rootKey":"MEf2/Sj0eowZ0tLlCQ+1rgyyv4X6DbVSv2hr/HnR/GE="},"indexInfo":{"baseKey":"BQM4Fik31qUakQ/QOn5HMgNovMJBW6oRjpyQdUEIOtZe","baseKeyType":1,"closed":-1,"used":1748567564736,"created":1748567564736,"remoteIdentityKey":"BUriUCoxEg8vT2CMh8xOfgD78EOHhOuw488pCNjjpOA/"},"_chains":{"BbDbcJoHf7X97XgVI57EU9G0z20KuNClOT3IoY+O60wE":{"chainKey":{"counter":0,"key":"vHSb4ZVWeUA9N6CUYVjR2P+lFizDbrEsAoeLxgJibnM="},"chainType":1,"messageKeys":{}}},"pendingPreKey":{"signedKeyId":1,"baseKey":"BQM4Fik31qUakQ/QOn5HMgNovMJBW6oRjpyQdUEIOtZe","preKeyId":1205371}}},"version":"v1"}