{"_sessions":{"BQXnScY8fyeyRHrAWuj5lO8SNUMMTOdtDOkxQTpz1r8d":{"registrationId":941892406,"currentRatchet":{"ephemeralKeyPair":{"pubKey":"BRreWJcZREyLgmWDQC9LXZ6LLCAVLUJeTzOgDC1jyF8o","privKey":"GLTWdpoVrFXIOE/lESKPJZlZX2Mu+hOHiFNU1/W3bm4="},"lastRemoteEphemeralKey":"BecLPpUrb75TjVumq6J41Ud626RfFyPT7K2Eolt8YOMo","previousCounter":0,"rootKey":"MpTBtYvF1eG51LJSxdUQvIiO9DSu6jYUr8qPX25WK7M="},"indexInfo":{"baseKey":"BQXnScY8fyeyRHrAWuj5lO8SNUMMTOdtDOkxQTpz1r8d","baseKeyType":1,"closed":-1,"used":1748567564344,"created":1748567564344,"remoteIdentityKey":"BWmcuoR8nGljo4hQ7gYMERxi0n5SN9oeru3xvuKqnnky"},"_chains":{"BRreWJcZREyLgmWDQC9LXZ6LLCAVLUJeTzOgDC1jyF8o":{"chainKey":{"counter":0,"key":"XrzVLzk/uZRyuuRkzarbsmGpeBTsr3PXcJhHHOpRY7A="},"chainType":1,"messageKeys":{}}},"pendingPreKey":{"signedKeyId":1,"baseKey":"BQXnScY8fyeyRHrAWuj5lO8SNUMMTOdtDOkxQTpz1r8d","preKeyId":13111005}}},"version":"v1"}