{"_sessions":{"BYXDfi+YD97m2ATrp2HQHvGU0NHWAGMn9GFhH7f4B2EM":{"registrationId":1195373862,"currentRatchet":{"ephemeralKeyPair":{"pubKey":"BYV4hYF77CO6DD3/D9od8cl6WoVf9BT56mGziietL+52","privKey":"+LHYTtLKfSpJAMD0DINN4tg9jFNo25FK9Kh3aDLNJGc="},"lastRemoteEphemeralKey":"BTLdkxXIditdDcuW5IbdoHmdnQADGgePWuZRILAHgXsY","previousCounter":0,"rootKey":"FScQ9rXFQJZHls6lm3+XcoRNoQ1Ab/7acnLrr2kUlaU="},"indexInfo":{"baseKey":"BYXDfi+YD97m2ATrp2HQHvGU0NHWAGMn9GFhH7f4B2EM","baseKeyType":1,"closed":-1,"used":1748567564192,"created":1748567564192,"remoteIdentityKey":"Bdbe2Hl5N1+Isa+qJufLKQsq8+rHksbYG80nnW1XnAQJ"},"_chains":{"BYV4hYF77CO6DD3/D9od8cl6WoVf9BT56mGziietL+52":{"chainKey":{"counter":0,"key":"wnn+q2wlusTzLMUCpODm73CTXfkcGJ9QTbDXZYnNq/Y="},"chainType":1,"messageKeys":{}}},"pendingPreKey":{"signedKeyId":22,"baseKey":"BYXDfi+YD97m2ATrp2HQHvGU0NHWAGMn9GFhH7f4B2EM","preKeyId":16021381}}},"version":"v1"}