{"_sessions":{"BZKm/wTlZqudeW6C2Pxv+Apsp2AJwYHeauR/vRz0jz0e":{"registrationId":1071671175,"currentRatchet":{"ephemeralKeyPair":{"pubKey":"BUV2/skOjYbmuzrdF+yMNLRVQmZBO7i1jnjwClfZiT9j","privKey":"+CeFVeMsDqIonpHGkthuHm/DipVDdSGH2tbR7O371H8="},"lastRemoteEphemeralKey":"BQOQLrcz3i03ByWizpJTxDFVta8fuvhgCnEtw+Qh8AtQ","previousCounter":0,"rootKey":"659iTwXDRDpW722zpAbDHNYbNKpcxzjwCF5uf0VBdVc="},"indexInfo":{"baseKey":"BZKm/wTlZqudeW6C2Pxv+Apsp2AJwYHeauR/vRz0jz0e","baseKeyType":1,"closed":-1,"used":1748567564123,"created":1748567564123,"remoteIdentityKey":"Bf4kBMTOOlQ76z6rCgcRDdshGvVPfz+KFZrNGWVF6HJ2"},"_chains":{"BUV2/skOjYbmuzrdF+yMNLRVQmZBO7i1jnjwClfZiT9j":{"chainKey":{"counter":0,"key":"40fxgOBFN/mlYTeQKVTNJ2nTQUULBKNtl4z1qzxwsc4="},"chainType":1,"messageKeys":{}}},"pendingPreKey":{"signedKeyId":0,"baseKey":"BZKm/wTlZqudeW6C2Pxv+Apsp2AJwYHeauR/vRz0jz0e"}}},"version":"v1"}