{"_sessions":{"BWTnKp69GjcquA9HV/Yek9P+PbP+q8LCsIdMBkhd2ONd":{"registrationId":1346128808,"currentRatchet":{"ephemeralKeyPair":{"pubKey":"BZawizDWnBA0pcN0jwIe9mdAeM64Bmde61reX/Xwpx53","privKey":"qJMNp1gz0eDENu6V6MK1fcCtH/1YhmwVwu6VL7QtZX0="},"lastRemoteEphemeralKey":"BagPpXV1seZd/DkEpEdUkS2kRMQPaT9BYA0J4eYhp7Zw","previousCounter":0,"rootKey":"0eqSoP4d5DHQdHxRsQr1eiOceQAiRNH0KPUqJka+X6I="},"indexInfo":{"baseKey":"BWTnKp69GjcquA9HV/Yek9P+PbP+q8LCsIdMBkhd2ONd","baseKeyType":1,"closed":-1,"used":1748566372235,"created":1748566372235,"remoteIdentityKey":"BchaMMogQO8AIi1wR7aq2QeMnoooRyo51qvnhQ6JFa0J"},"_chains":{"BZawizDWnBA0pcN0jwIe9mdAeM64Bmde61reX/Xwpx53":{"chainKey":{"counter":2,"key":"gRmh7LEKCS1qmmDG4d5uemWq5BtgsE8NSCrQpknB7pU="},"chainType":1,"messageKeys":{}}},"pendingPreKey":{"signedKeyId":0,"baseKey":"BWTnKp69GjcquA9HV/Yek9P+PbP+q8LCsIdMBkhd2ONd"}}},"version":"v1"}