{"_sessions":{"BdDYXR7tHBj2qw+D0nBz9ErpD8s7qLmXjj0EeBJsK4gE":{"registrationId":947856010,"currentRatchet":{"ephemeralKeyPair":{"pubKey":"BS3SXT9nvgUewzm3gdLEv8QEA4KV+ugxRON6jJrmayQD","privKey":"8NpPdyaBYrS0vumrpqz+qIXxVeVTCwFvhDGMsY5RN1Q="},"lastRemoteEphemeralKey":"BQ9zfQ95eP1+I1SYTj/1obOxojQdSRXcKktn15/pYFhF","previousCounter":0,"rootKey":"82tX/+8WW1vL0ZKOP7SFFu5DCPu61/H+5XaHeZsLxqc="},"indexInfo":{"baseKey":"BdDYXR7tHBj2qw+D0nBz9ErpD8s7qLmXjj0EeBJsK4gE","baseKeyType":1,"closed":-1,"used":1748566372114,"created":1748566372114,"remoteIdentityKey":"BXDg9EG4zzgiTIC4Vpq40uKkaFEsKLxqHQOXNYy00i1H"},"_chains":{"BS3SXT9nvgUewzm3gdLEv8QEA4KV+ugxRON6jJrmayQD":{"chainKey":{"counter":2,"key":"kgGW+T/cXTCTKbvPDbnOMDibJ4Oq7SPoVldLQdl7hzU="},"chainType":1,"messageKeys":{}}},"pendingPreKey":{"signedKeyId":3978849,"baseKey":"BdDYXR7tHBj2qw+D0nBz9ErpD8s7qLmXjj0EeBJsK4gE","preKeyId":126}}},"version":"v1"}