{"_sessions":{"BUUYekPCiGf2cBKlmKdG36GPeuvp7gvd9agsFf/Zm7R8":{"registrationId":90,"currentRatchet":{"ephemeralKeyPair":{"pubKey":"BYlTbO+IB5LM7j6ihXusKclDRBJ+Bn+m5+EuXIFYEdZ1","privKey":"eP63rwkQwW6O7uSSMCfkwVL4cEEb+cwoVLBUhh33+lI="},"lastRemoteEphemeralKey":"BX4niKHfXSL1LX64e3LoNZ462fEGGKO5fL5rh0ZFfLQy","previousCounter":0,"rootKey":"RZHKzXdL9Kt/yqDNbI4flTG8t11dikyB2AmEybmKalA="},"indexInfo":{"baseKey":"BUUYekPCiGf2cBKlmKdG36GPeuvp7gvd9agsFf/Zm7R8","baseKeyType":1,"closed":-1,"used":1748566372073,"created":1748566372073,"remoteIdentityKey":"BbDKrQEz0V9kHGtuUnDF27aESFh3p95XPbs9LGu2xn9e"},"_chains":{"BYlTbO+IB5LM7j6ihXusKclDRBJ+Bn+m5+EuXIFYEdZ1":{"chainKey":{"counter":2,"key":"ko6Iifh8Dd+7wMiZFVF/2FL4W0DvTLobHPggwF1JTR4="},"chainType":1,"messageKeys":{}}},"pendingPreKey":{"signedKeyId":1,"baseKey":"BUUYekPCiGf2cBKlmKdG36GPeuvp7gvd9agsFf/Zm7R8"}}},"version":"v1"}