{"_sessions":{"BSgh2jHe4Q1koyIt0WUH7WUfsEB2Bn4b8w79nwWDqXVZ":{"registrationId":61538120,"currentRatchet":{"ephemeralKeyPair":{"pubKey":"BROD9Hebh38UbqkGXly89r/OtScqZpKnwxc6y5HoGM9W","privKey":"GCPIHNqktCF5o6qp50ckzqj7+/2hYSsRyZ8x2GVVpGs="},"lastRemoteEphemeralKey":"BRUzofnYYZiKvVu2Zq/YOusVtJSRPUdeXraFV4Pfrtcv","previousCounter":0,"rootKey":"BSydfYFVTjf8UlCbq93l6DsMkOcW0VCvUg54BSXy6x4="},"indexInfo":{"baseKey":"BSgh2jHe4Q1koyIt0WUH7WUfsEB2Bn4b8w79nwWDqXVZ","baseKeyType":1,"closed":-1,"used":1748566372767,"created":1748566372767,"remoteIdentityKey":"BROQSC3MBPVF+YjSdHHwMzlNHQy8+W8/7jsdJKa/nbNM"},"_chains":{"BROD9Hebh38UbqkGXly89r/OtScqZpKnwxc6y5HoGM9W":{"chainKey":{"counter":2,"key":"IC+PfRo+4Y9cPjuQsaFdiFBEWcOby7Vi8uqVUhTteLo="},"chainType":1,"messageKeys":{}}},"pendingPreKey":{"signedKeyId":2,"baseKey":"BSgh2jHe4Q1koyIt0WUH7WUfsEB2Bn4b8w79nwWDqXVZ","preKeyId":7051008}}},"version":"v1"}