{"_sessions":{"BQjkPPl2yAZAtUDdR6z8IBVtpA2HwDzrQ4xue39IDI5C":{"registrationId":102190568,"currentRatchet":{"ephemeralKeyPair":{"pubKey":"BbauIu1Sq/c8dzglJc/WecvhyHykkWTZp0t3Xgkim5oh","privKey":"OL+WTMPTQeKMUqiO5xzAfr9fUPqDK9AJWumssJzIxls="},"lastRemoteEphemeralKey":"BUlqkLbF/CDgDnOJsUvASH/G9TNgMifp54LZ53gJ+9YV","previousCounter":0,"rootKey":"RUZtDad8l+elcEQIMdid0+lQC4sWiq/8G7rcL/bwLos="},"indexInfo":{"baseKey":"BQjkPPl2yAZAtUDdR6z8IBVtpA2HwDzrQ4xue39IDI5C","baseKeyType":1,"closed":-1,"used":1748567564441,"created":1748567564441,"remoteIdentityKey":"BUxTbTPq33XuW8f8/kQqHEVsJj6gRwsEClUhArHmT1cH"},"_chains":{"BbauIu1Sq/c8dzglJc/WecvhyHykkWTZp0t3Xgkim5oh":{"chainKey":{"counter":0,"key":"d1w6XDyX9/ZJvjsIuKhRrAc65e9hMf7KrVzG4r8JmXE="},"chainType":1,"messageKeys":{}}},"pendingPreKey":{"signedKeyId":7,"baseKey":"BQjkPPl2yAZAtUDdR6z8IBVtpA2HwDzrQ4xue39IDI5C","preKeyId":16281001}}},"version":"v1"}