{"_sessions":{"BX4ZI3k57xHmug0owtkPBNzdn+WmZCyKUqQtbNi4/Rh+":{"registrationId":570316786,"currentRatchet":{"ephemeralKeyPair":{"pubKey":"BYD0G+21JIS1wHSIRAwgK1RY2gSdwa77jqnKG6L3UCNO","privKey":"OB5u+HIDifWAa3MBkNHebDBxHdiO7mNJylt+fK+NOkY="},"lastRemoteEphemeralKey":"BQ3DwL7fxBBC4vVUfqN0/fmnUTHPa1nK8f2KCiQEXNNC","previousCounter":0,"rootKey":"QnFgewKYeRVnjczeYvGhddoM7DRVGi8rb6rmVNAfzq4="},"indexInfo":{"baseKey":"BX4ZI3k57xHmug0owtkPBNzdn+WmZCyKUqQtbNi4/Rh+","baseKeyType":1,"closed":-1,"used":1748567564692,"created":1748567564692,"remoteIdentityKey":"BYETiLToPUFwFL4APz7iXtpFdW8RVJS/+7J0DJRJPUo9"},"_chains":{"BYD0G+21JIS1wHSIRAwgK1RY2gSdwa77jqnKG6L3UCNO":{"chainKey":{"counter":0,"key":"oVe4+QTOKM+wfJMHNj/6xg8TelXOxgWlaq2+XYikZxE="},"chainType":1,"messageKeys":{}}},"pendingPreKey":{"signedKeyId":2,"baseKey":"BX4ZI3k57xHmug0owtkPBNzdn+WmZCyKUqQtbNi4/Rh+"}}},"version":"v1"}