{"_sessions":{"BUAXPvDfBZKUWZK0rnN5p8zjtwRRSa5+vaZ/vMWDLMUI":{"registrationId":1299334041,"currentRatchet":{"ephemeralKeyPair":{"pubKey":"Bc03mQ7doAJb09+UGxMBXihMuTzH6eldvO4fnYKoFykd","privKey":"GKUjPVZjIZmwRnoBKJ9yrlgkhtCpNynAdWxeelMUHnA="},"lastRemoteEphemeralKey":"BcWnAMOSreXoOmS0Yjiz+y4eE5T1IGST2TD/CURGRAh8","previousCounter":0,"rootKey":"dQPnCasmHrT6vrbiJpnlJXFLaUo7a5uGxhvV3JaUdqw="},"indexInfo":{"baseKey":"BUAXPvDfBZKUWZK0rnN5p8zjtwRRSa5+vaZ/vMWDLMUI","baseKeyType":1,"closed":-1,"used":1748566372439,"created":1748566372439,"remoteIdentityKey":"BeqlqxS/ZVZp4HZl0iXJXSB/i1+ZZ/UEVVRjGNIQeMI2"},"_chains":{"Bc03mQ7doAJb09+UGxMBXihMuTzH6eldvO4fnYKoFykd":{"chainKey":{"counter":2,"key":"nJmgCe8+Sdh6m+MBzVeI3syKdC68CS+ayfnIovrtAp0="},"chainType":1,"messageKeys":{}}},"pendingPreKey":{"signedKeyId":1,"baseKey":"BUAXPvDfBZKUWZK0rnN5p8zjtwRRSa5+vaZ/vMWDLMUI"}}},"version":"v1"}