{"_sessions":{"Ba0yxpCce4oBIWS+2+hgSxSXBkU6T2u81p8+sY+fJ+8/":{"registrationId":1510723755,"currentRatchet":{"ephemeralKeyPair":{"pubKey":"BbXyVhhPVkt6hu/gKhUFXsQTbwMPk0OC7ZASWEbGbcVF","privKey":"GGucE/eQCIkyKP2ExR5ly1OFTNP8+zift43I245a4H0="},"lastRemoteEphemeralKey":"BYaHglCiG0TmcZmNB4MMpWxa7Xw/4oedEHT3zGnHMNMy","previousCounter":0,"rootKey":"Q0S7uRiPH9oEpWVuiCCP8+dMn+/lWwisbVo3o98ta3E="},"indexInfo":{"baseKey":"Ba0yxpCce4oBIWS+2+hgSxSXBkU6T2u81p8+sY+fJ+8/","baseKeyType":1,"closed":-1,"used":1748566372174,"created":1748566372174,"remoteIdentityKey":"BX0zGv1v928EtoVuHsHs7lOnOM7btrgzOzhNy+9eVHhd"},"_chains":{"BbXyVhhPVkt6hu/gKhUFXsQTbwMPk0OC7ZASWEbGbcVF":{"chainKey":{"counter":2,"key":"vzvdvu4LLs8u/Sx9JVfic1mVlEYEZkU/3wydboCqmGE="},"chainType":1,"messageKeys":{}}},"pendingPreKey":{"signedKeyId":1,"baseKey":"Ba0yxpCce4oBIWS+2+hgSxSXBkU6T2u81p8+sY+fJ+8/"}}},"version":"v1"}