{"_sessions":{"BbnegoW4Kx8hQ4yOpCPoKroeDANkyHLLYEzRk3Ut5ylP":{"registrationId":601457581,"currentRatchet":{"ephemeralKeyPair":{"pubKey":"Bdkb0lFpgGsrXycTgvAiFHn0UEpZzSaV0bRgGxqzEywv","privKey":"gLnAZrIBldV0bzSkEsJpPT4+VyOcQz7XRQZ90J0c2Vw="},"lastRemoteEphemeralKey":"BZOH2BGPb/NwcyBJz+TQz0fB0jHe4XgqLVRqmqEhh3hY","previousCounter":0,"rootKey":"LMHcA8WuLpJBJI/uyAMwyjJPkwZtkLokywnSxNUhj80="},"indexInfo":{"baseKey":"BbnegoW4Kx8hQ4yOpCPoKroeDANkyHLLYEzRk3Ut5ylP","baseKeyType":1,"closed":-1,"used":1748566373059,"created":1748566373059,"remoteIdentityKey":"BfIEFWdoOGAwVE7gk6vTxDq9RYbCTj9uHx91z1uQ4DdG"},"_chains":{"Bdkb0lFpgGsrXycTgvAiFHn0UEpZzSaV0bRgGxqzEywv":{"chainKey":{"counter":2,"key":"fnppl/t16rR4B25mz4nXYLH2mOp2soAyx1y3tvP75LI="},"chainType":1,"messageKeys":{}}},"pendingPreKey":{"signedKeyId":21,"baseKey":"BbnegoW4Kx8hQ4yOpCPoKroeDANkyHLLYEzRk3Ut5ylP","preKeyId":16597063}}},"version":"v1"}