{"_sessions":{"BWhRCpAojHYiaZCoNvpyxdDocgUbRFjwWkfj2kXsC8N3":{"registrationId":929280668,"currentRatchet":{"ephemeralKeyPair":{"pubKey":"BZ/UaDE2xrPwvQ7btLWJ9CVaFAT6gIis+VYVFjiW0ypR","privKey":"cMkaXsND1fhfaRgsvqe1zTpPR/9dusRo+4k3k0CcnmM="},"lastRemoteEphemeralKey":"BeH1tQqTnHqIzlH0+jSf5jVVO87TtGsoEeDlBr3Qld4y","previousCounter":0,"rootKey":"rWKMavTDam+VO5NQjccbs8amTXw9VQEXUcW1KjN68js="},"indexInfo":{"baseKey":"BWhRCpAojHYiaZCoNvpyxdDocgUbRFjwWkfj2kXsC8N3","baseKeyType":1,"closed":-1,"used":1748566373438,"created":1748566373438,"remoteIdentityKey":"BYlgONXvcrfMMzq/AQpRBkagePdt4sEeXmLd1qTam+J0"},"_chains":{"BZ/UaDE2xrPwvQ7btLWJ9CVaFAT6gIis+VYVFjiW0ypR":{"chainKey":{"counter":2,"key":"spsUcPWZW5o5tKWnK1m716PAYCjx9BJ8EjmaTl7MiqE="},"chainType":1,"messageKeys":{}}},"pendingPreKey":{"signedKeyId":0,"baseKey":"BWhRCpAojHYiaZCoNvpyxdDocgUbRFjwWkfj2kXsC8N3","preKeyId":12547695}}},"version":"v1"}