{"_sessions":{"BU0g6/m15CPsBz1LnTqtr0FZpZiBbz8vyP2KBUXrZEYE":{"registrationId":1670812607,"currentRatchet":{"ephemeralKeyPair":{"pubKey":"BW2VnCim+zdZmVDfW4exZFz0dPiMSnl/hECIfG61Eg51","privKey":"sMxwuyEN9BHuj2nkZzLieoDk1gawhNsYG2e4EJhiikM="},"lastRemoteEphemeralKey":"BaM5bApLC2uyISGrxBWueDT2VqryzVdRKcP5SayhgjI+","previousCounter":0,"rootKey":"pM+wTL6WznRBSfsXCCn4wIWCtxXN9zjexrrlMygcdQY="},"indexInfo":{"baseKey":"BU0g6/m15CPsBz1LnTqtr0FZpZiBbz8vyP2KBUXrZEYE","baseKeyType":2,"closed":-1,"used":1748567165225,"created":1748567165225,"remoteIdentityKey":"BdyLU28RsUkgQGLGv9kLJuglsA6KtECHLig9/l3M2N9E"},"_chains":{"BaM5bApLC2uyISGrxBWueDT2VqryzVdRKcP5SayhgjI+":{"chainKey":{"counter":0,"key":"dPPEdF+tahLzpuh/oxH1qZJYrCZ949codGYYnUjg0w4="},"chainType":2,"messageKeys":{}},"BW2VnCim+zdZmVDfW4exZFz0dPiMSnl/hECIfG61Eg51":{"chainKey":{"counter":-1,"key":"NS9gl+e/0UmUBM/Zp+QeLPLH15JM47koSWgQ36S/ni0="},"chainType":1,"messageKeys":{}}}}},"version":"v1"}