{"_sessions":{"BV9uj0NvhN6FysnLdPr9ZKn6NuEIZKcsEeVaMWF4jZ4Z":{"registrationId":179338248,"currentRatchet":{"ephemeralKeyPair":{"pubKey":"BR6AbliIeUb9cxDH1U1sSS6Fu0WD5UCxaRINr2YUuzMt","privKey":"8El/Exzp7xfwt9NMwdF6kxGv5MY+7dEp/wf9rwLJLUw="},"lastRemoteEphemeralKey":"BVAdkhouzmMTSvvHuRWtsja5g8gh4vgStJfVK40XgHlB","previousCounter":0,"rootKey":"gFiJZo7skmje16dgO5iel2qAsHTzmKC2xzOKChf0AdY="},"indexInfo":{"baseKey":"BV9uj0NvhN6FysnLdPr9ZKn6NuEIZKcsEeVaMWF4jZ4Z","baseKeyType":1,"closed":-1,"used":1748566372739,"created":1748566372739,"remoteIdentityKey":"BYa+Na4+ceZ24QHFvAxyRIsCHQuFe67VoubebCSPLV1P"},"_chains":{"BR6AbliIeUb9cxDH1U1sSS6Fu0WD5UCxaRINr2YUuzMt":{"chainKey":{"counter":2,"key":"gk7pb/2f2vVsk0mLhzxZTS3i634A2RY7Tas49CL6sQk="},"chainType":1,"messageKeys":{}}},"pendingPreKey":{"signedKeyId":9,"baseKey":"BV9uj0NvhN6FysnLdPr9ZKn6NuEIZKcsEeVaMWF4jZ4Z"}}},"version":"v1"}