{"_sessions":{"BY3bsA8IBF+8rfxnsAyDJVLml6OJDmRdPivAQO2U4FBl":{"registrationId":168,"currentRatchet":{"ephemeralKeyPair":{"pubKey":"BSJiFoSLBfXaIN19dRneqr24hXX5Bt++/3P3wILtG+h/","privKey":"sA25+DvU+CG+F+ZQHvLZpXfwl+8vw6vwJ1QFMgFv3G4="},"lastRemoteEphemeralKey":"BUI0/mzxjWY/6SG7+YWGF7ai5WSdQXE1MtqudufHR0M6","previousCounter":0,"rootKey":"X2omt9qbNvoeWDOAYiE5GrvWhUnJ9L4nt2Qb3kmhq+c="},"indexInfo":{"baseKey":"BY3bsA8IBF+8rfxnsAyDJVLml6OJDmRdPivAQO2U4FBl","baseKeyType":1,"closed":-1,"used":1748567563969,"created":1748567563969,"remoteIdentityKey":"BTA0mAjPp0TXO/6xd6h5wG79JMnZ/XuJ4uA4ml+c5xhP"},"_chains":{"BSJiFoSLBfXaIN19dRneqr24hXX5Bt++/3P3wILtG+h/":{"chainKey":{"counter":0,"key":"Kfid8a/5xo3LemRVUnIcoDt1SDAF1qV7dxZdVBIpWsw="},"chainType":1,"messageKeys":{}}},"pendingPreKey":{"signedKeyId":1,"baseKey":"BY3bsA8IBF+8rfxnsAyDJVLml6OJDmRdPivAQO2U4FBl"}}},"version":"v1"}