{"_sessions":{"BcEzTTelvKA2hWHblAIOr/r+m0f2HxC6Cnxm3aiNTH8w":{"registrationId":15580,"currentRatchet":{"ephemeralKeyPair":{"pubKey":"BZhL0iLVBFlt5lw0P/FdsCZx4ri/zRAOJW2uQ+MTCM9K","privKey":"UJcDnIzF1VOxIBkG3+Dph2E7FtDXjJ51y47TN+conFY="},"lastRemoteEphemeralKey":"BcDdSlsHcGPllpzs6x9AsBlVp9RsqU4KAHGSz5VVMAA0","previousCounter":0,"rootKey":"xoapSi6JJXIUnZS8bc+5caTm47FIwkY5nYjudJC+G6Y="},"indexInfo":{"baseKey":"BcEzTTelvKA2hWHblAIOr/r+m0f2HxC6Cnxm3aiNTH8w","baseKeyType":1,"closed":-1,"used":1748567563876,"created":1748567563876,"remoteIdentityKey":"BcUbeMf6k/Fe55UrreSLpreFyi1gLiz4OmaeKYIezaIw"},"_chains":{"BZhL0iLVBFlt5lw0P/FdsCZx4ri/zRAOJW2uQ+MTCM9K":{"chainKey":{"counter":0,"key":"8glJhONQwfAN5ApI0B4me0sGWwf2/VUX9BR//nNbUIY="},"chainType":1,"messageKeys":{}}},"pendingPreKey":{"signedKeyId":1,"baseKey":"BcEzTTelvKA2hWHblAIOr/r+m0f2HxC6Cnxm3aiNTH8w","preKeyId":464}}},"version":"v1"}