{"_sessions":{"BapKkdkQWQgB2wYcnRKtbqL4uvIV5+Uw4lNmA0p2FqUr":{"registrationId":1664187210,"currentRatchet":{"ephemeralKeyPair":{"pubKey":"BeiIVa7BYsQZnxbYBariBLSb+SiRqkdARuxLCGaOb/cy","privKey":"yPtbvKjrPCbXE6d/CcjVQQzcqGGez3tNjXJAF4TZTHQ="},"lastRemoteEphemeralKey":"BYjiRBfZjuhT/OgTyp+7fRcew6+naz0s4SlUgBY7wfR1","previousCounter":0,"rootKey":"WT3aRXRVDTXMUx0j5hqwHWEMZBdlRJyRsq6288Bgg0Y="},"indexInfo":{"baseKey":"BapKkdkQWQgB2wYcnRKtbqL4uvIV5+Uw4lNmA0p2FqUr","baseKeyType":1,"closed":-1,"used":1748566371761,"created":1748566371761,"remoteIdentityKey":"BYERdBdKpzDgnZyhTfb/kTOOMOchDquj4KjFSKOG/BIo"},"_chains":{"BeiIVa7BYsQZnxbYBariBLSb+SiRqkdARuxLCGaOb/cy":{"chainKey":{"counter":2,"key":"8j+3FKfZCk2dAZzpb2oGQlcVBQqusSJfLWgfknmDm5E="},"chainType":1,"messageKeys":{}}},"pendingPreKey":{"signedKeyId":1,"baseKey":"BapKkdkQWQgB2wYcnRKtbqL4uvIV5+Uw4lNmA0p2FqUr"}}},"version":"v1"}