{"_sessions":{"BdfSSiIjzw4au8mZlA1YQHoVd+6yDJokHg3NNmSPeCEj":{"registrationId":77975741,"currentRatchet":{"ephemeralKeyPair":{"pubKey":"BfN/4oQxet94PmjD+CBVGgN/FKIcwlTrDMWnT9f//20v","privKey":"cCebfh59ooHHd0zXr/KfLWv9az4h+SkUwvBVr9JDbFA="},"lastRemoteEphemeralKey":"BSB5hGq9K6MfP6/FYqvqws4cCBAQDII6KgTtv8KydhIr","previousCounter":0,"rootKey":"jNczIY1LRyku+8kqoFSuyEsDTxTTkLygNBd5u7toblg="},"indexInfo":{"baseKey":"BdfSSiIjzw4au8mZlA1YQHoVd+6yDJokHg3NNmSPeCEj","baseKeyType":1,"closed":-1,"used":1748566372928,"created":1748566372928,"remoteIdentityKey":"BR8shG9Cg6pjj0kb7XeBFctfWMb2jW5Dw0Zprhco8/Jw"},"_chains":{"BfN/4oQxet94PmjD+CBVGgN/FKIcwlTrDMWnT9f//20v":{"chainKey":{"counter":3,"key":"LHZ3bYC8C0nHvmmqFijeBNpFKbQpg+qHHSZVqDpoXJU="},"chainType":1,"messageKeys":{}}},"pendingPreKey":{"signedKeyId":0,"baseKey":"BdfSSiIjzw4au8mZlA1YQHoVd+6yDJokHg3NNmSPeCEj"}}},"version":"v1"}