{"_sessions":{"BcPxtpXA78kUZCM0qaKAoZ4UlYCghupk/O1HtSfkd09p":{"registrationId":344062565,"currentRatchet":{"ephemeralKeyPair":{"pubKey":"BaYr9KPawIIHHo+q75Mf9i7C7Xf2hGGQml0XPhRC3mJE","privKey":"qK0iLJB9lGXrIsG9IV7R1aAkufJEr1bakSeYCvq3Wlw="},"lastRemoteEphemeralKey":"Besuy0NZF5ekTMkd82DKKzRvRIzbdyMU02+KpW9m/H0c","previousCounter":0,"rootKey":"J5eeKqOg+FJa1spTdVvZF7rhCGEZJ4r3UlddFNaj8+A="},"indexInfo":{"baseKey":"BcPxtpXA78kUZCM0qaKAoZ4UlYCghupk/O1HtSfkd09p","baseKeyType":1,"closed":-1,"used":1748566372390,"created":1748566372390,"remoteIdentityKey":"BRe6RHVAo+ox7OTVBhkWDZJ7j331aJi4fZUIqXcTYlg7"},"_chains":{"BaYr9KPawIIHHo+q75Mf9i7C7Xf2hGGQml0XPhRC3mJE":{"chainKey":{"counter":2,"key":"xwYNjsClAk3Utndxba81ROPD2Ra4jiadrun8aZoGu5M="},"chainType":1,"messageKeys":{}}},"pendingPreKey":{"signedKeyId":50,"baseKey":"BcPxtpXA78kUZCM0qaKAoZ4UlYCghupk/O1HtSfkd09p","preKeyId":3392477}}},"version":"v1"}