{"_sessions":{"BUCVlIqTm/Anxo86RUZUR0aBcoXvS3YpZidPbaHvI39k":{"registrationId":1580238033,"currentRatchet":{"ephemeralKeyPair":{"pubKey":"Ba+OhMM7diGD7on0YQoRk09asuGbbVxikuaWpgGwuGt6","privKey":"wLlczpTCpFYiU9sfwC656WJrCChm4Ld1B7sPvcfZEVI="},"lastRemoteEphemeralKey":"Ba3wZYW7ELvPLbctyGJciwbgb/VMHU4r1r3Ud1je7lgD","previousCounter":0,"rootKey":"ajFiaAIewCJ6BLxeOrjZCY0j6tTytJXZgAjQMKgc/6g="},"indexInfo":{"baseKey":"BUCVlIqTm/Anxo86RUZUR0aBcoXvS3YpZidPbaHvI39k","baseKeyType":1,"closed":-1,"used":1748567564487,"created":1748567564487,"remoteIdentityKey":"BT67kjBUnGjIt3wSIaXVwfIZj2idJDCsKQ5o7vzBRoFi"},"_chains":{"Ba+OhMM7diGD7on0YQoRk09asuGbbVxikuaWpgGwuGt6":{"chainKey":{"counter":0,"key":"PCxBlQD/AzQjqdyBims0tr4Uz2ZZeEeUpxpEfCTZZ6Y="},"chainType":1,"messageKeys":{}}},"pendingPreKey":{"signedKeyId":3,"baseKey":"BUCVlIqTm/Anxo86RUZUR0aBcoXvS3YpZidPbaHvI39k","preKeyId":3512885}}},"version":"v1"}