{"_sessions":{"BYnl4S6FQYTGJeq/BjSPfWvdVxBvyfuLiWNtioyCq9pa":{"registrationId":449021744,"currentRatchet":{"ephemeralKeyPair":{"pubKey":"BYok5cSX3VkSMnoopS5dJlKVn/Y3GeBbFmbfcVYyGkVz","privKey":"MF4wJMBTlE3UFbLzLU30IPcv1TH5bbhKFvblgCw05XU="},"lastRemoteEphemeralKey":"BQ9Ze8BRasxbGjUaEK2/07JfCp5RXnJTwWLhiIDbVC4E","previousCounter":0,"rootKey":"+6p6dxh5aebDAgfjEo8DwDJ1PL86yLBG2cvnZdONFe0="},"indexInfo":{"baseKey":"BYnl4S6FQYTGJeq/BjSPfWvdVxBvyfuLiWNtioyCq9pa","baseKeyType":1,"closed":-1,"used":1748567564264,"created":1748567564264,"remoteIdentityKey":"BTpSJNpr0Tr3iQ+um7egtBhPl1DusDmc1V6Zy1pVhJQU"},"_chains":{"BYok5cSX3VkSMnoopS5dJlKVn/Y3GeBbFmbfcVYyGkVz":{"chainKey":{"counter":0,"key":"X9AP5ap14l0EPhvWQ6KBdl/D4Vi0h3FLIw3C69wePmI="},"chainType":1,"messageKeys":{}}},"pendingPreKey":{"signedKeyId":0,"baseKey":"BYnl4S6FQYTGJeq/BjSPfWvdVxBvyfuLiWNtioyCq9pa"}}},"version":"v1"}