{"_sessions":{"BXO/lH6bYRTI09JD12mbkFPpCi7134DKfTlfIlUkXmpZ":{"registrationId":494436123,"currentRatchet":{"ephemeralKeyPair":{"pubKey":"BUxBwh36OrTtrylamlzkMBQJs482mxWWe6DnqIL0/zkp","privKey":"kOV985d3kjTFbpNWYGbK9FlgM9KUqPey59o9LG4hsWU="},"lastRemoteEphemeralKey":"BSW5G8POr8XRRpMFT58hqdry8uq6KSY61DzwJyL9TvMV","previousCounter":0,"rootKey":"oJgPzpaEh5i7KbQxA8bvG00ivPU5Gwf73vNoF6LcR7U="},"indexInfo":{"baseKey":"BXO/lH6bYRTI09JD12mbkFPpCi7134DKfTlfIlUkXmpZ","baseKeyType":1,"closed":-1,"used":1748567564146,"created":1748567564146,"remoteIdentityKey":"BesnVMmWaX/4Iga88egG1q9SX5dwKFg+k7DxmWO6+4ku"},"_chains":{"BUxBwh36OrTtrylamlzkMBQJs482mxWWe6DnqIL0/zkp":{"chainKey":{"counter":0,"key":"qk+r92gE9Vjmqwhk/E52ZzrxH84zWPJQD1RQgr4QN8w="},"chainType":1,"messageKeys":{}}},"pendingPreKey":{"signedKeyId":32,"baseKey":"BXO/lH6bYRTI09JD12mbkFPpCi7134DKfTlfIlUkXmpZ","preKeyId":4645854}}},"version":"v1"}