{"_sessions":{"BdjhJIauMLauY5Dl1qFdzu4iqLoN/MEvqfudR1QYeTZf":{"registrationId":981788991,"currentRatchet":{"ephemeralKeyPair":{"pubKey":"BeomAXPzt4Kf7iEFsrZWVrxNPTxYMHVADdVkRBzEvmAZ","privKey":"4Lrz5FcaM+KNWxhNEl+ghtFMzFqdL1uWKzuM+uc+gkc="},"lastRemoteEphemeralKey":"BaiDbTFWu9C93gnV8b76HMJRlscItqRQJXW2B9+EQ+wZ","previousCounter":0,"rootKey":"aGmokPdjstsXu8gr+OdaAuW30TWL1J27Pz5v5+pEksU="},"indexInfo":{"baseKey":"BdjhJIauMLauY5Dl1qFdzu4iqLoN/MEvqfudR1QYeTZf","baseKeyType":1,"closed":-1,"used":1748566373612,"created":1748566373612,"remoteIdentityKey":"Bd3Bz61rzkByC8KiiKdiwBD9VmDDNVLTgMWcyhdGpBYp"},"_chains":{"BeomAXPzt4Kf7iEFsrZWVrxNPTxYMHVADdVkRBzEvmAZ":{"chainKey":{"counter":2,"key":"sO1MuuLX6nbR9N67zlObtnGskwqFYyLPzXvi8aocA0I="},"chainType":1,"messageKeys":{}}},"pendingPreKey":{"signedKeyId":4,"baseKey":"BdjhJIauMLauY5Dl1qFdzu4iqLoN/MEvqfudR1QYeTZf","preKeyId":8359940}}},"version":"v1"}