{"_sessions":{"BXaNMJAzLF06Eeunph+/IMz9uGvnz5kR/UHB0T3BZpwk":{"registrationId":202870007,"currentRatchet":{"ephemeralKeyPair":{"pubKey":"BYinCD4h5Y7n9sO2e/57yJm01EMxa5hqWebT4/8C+p5Q","privKey":"sG1Qn+egWrbQb1+gW3ugPEO+BrJkcs+efANJGhi5IF4="},"lastRemoteEphemeralKey":"Bdgs5MvSVHbIBVw4a754cF95vadX8aSxA38U4lIeLMgF","previousCounter":0,"rootKey":"g0MturigOBox00DbreUmOR/iOLcdGjATLjKhC+Clgwk="},"indexInfo":{"baseKey":"BXaNMJAzLF06Eeunph+/IMz9uGvnz5kR/UHB0T3BZpwk","baseKeyType":1,"closed":-1,"used":1748566372495,"created":1748566372495,"remoteIdentityKey":"BWAIKa8fE8aNF9UR1yCXz+O7bEMYcqknqg2rXb833o40"},"_chains":{"BYinCD4h5Y7n9sO2e/57yJm01EMxa5hqWebT4/8C+p5Q":{"chainKey":{"counter":2,"key":"z1gFF3kBa7rGR2xQ16sAIighAMsD4XUL48Hy8PYzuq4="},"chainType":1,"messageKeys":{}}},"pendingPreKey":{"signedKeyId":6,"baseKey":"BXaNMJAzLF06Eeunph+/IMz9uGvnz5kR/UHB0T3BZpwk","preKeyId":2517236}}},"version":"v1"}