{"_sessions":{"Bawwax++TW82mRqbsjq06GGbMPMMrcGy4gSkakWNE/Rl":{"registrationId":2088621868,"currentRatchet":{"ephemeralKeyPair":{"pubKey":"BTs2Q/5MF8EIuLauVx/cJO0wWDmbz4b/WATJ+yR1oG0L","privKey":"YP/NVIw6ndLKadYlcRXmaFDCV6smXv+iqXTpDgCpllE="},"lastRemoteEphemeralKey":"BdYjDUWD0ZZ6EcrlMmn9a+7DsJok70czFU7d1jdxn7JV","previousCounter":0,"rootKey":"xaN6D/tVsqUHwV/xnzy0f2LDB4Gjj0RFydYims2iLw0="},"indexInfo":{"baseKey":"Bawwax++TW82mRqbsjq06GGbMPMMrcGy4gSkakWNE/Rl","baseKeyType":1,"closed":-1,"used":1748566372939,"created":1748566372939,"remoteIdentityKey":"Bc1xjblbEj0HjO32RvdvL+1D56idwxVirrMEBLRPwpt/"},"_chains":{"BTs2Q/5MF8EIuLauVx/cJO0wWDmbz4b/WATJ+yR1oG0L":{"chainKey":{"counter":2,"key":"OVLeOVqplwq1jrONzHo6dk2m3VbNMJOVns/6ez7QQj8="},"chainType":1,"messageKeys":{}}},"pendingPreKey":{"signedKeyId":4,"baseKey":"Bawwax++TW82mRqbsjq06GGbMPMMrcGy4gSkakWNE/Rl","preKeyId":9241544}}},"version":"v1"}