{"_sessions":{"BchRplSIe1VpALfUBWc9Hk7VZcbzipYKXyM1q+sb0QF7":{"registrationId":2135511571,"currentRatchet":{"ephemeralKeyPair":{"pubKey":"BXH2+NHmL5siX2NfEyYyyRnVg5pzytvGqKiT9jDU7csE","privKey":"UMCjeaLvhAQsFt+Z4h6ZAqLYfhemnIhhGHNdAI4uXUo="},"lastRemoteEphemeralKey":"BZkJpiE7lIJ8XIXRqjffYb/B9ch/Wy25fJgeqHSkaZNc","previousCounter":0,"rootKey":"2/lMTtedHR8E5bZrJl3rk30kxeBDnPgITDp4xuJqfdY="},"indexInfo":{"baseKey":"BchRplSIe1VpALfUBWc9Hk7VZcbzipYKXyM1q+sb0QF7","baseKeyType":1,"closed":-1,"used":1748566372900,"created":1748566372900,"remoteIdentityKey":"BfVukxFyBo1MYimpC+DOSEouyxNXu82dlOI3KZd1FVgx"},"_chains":{"BXH2+NHmL5siX2NfEyYyyRnVg5pzytvGqKiT9jDU7csE":{"chainKey":{"counter":2,"key":"CkYpyWfG4zFJr7vKl8o8P+gI5cmfnlFCZBegEreC1Q4="},"chainType":1,"messageKeys":{}}},"pendingPreKey":{"signedKeyId":15,"baseKey":"BchRplSIe1VpALfUBWc9Hk7VZcbzipYKXyM1q+sb0QF7","preKeyId":2412712}}},"version":"v1"}