{"_sessions":{"BSoTDAKgF74kSefH0eKmrmSTNBbwVkzVmC3kkJzRxN4f":{"registrationId":928316386,"currentRatchet":{"ephemeralKeyPair":{"pubKey":"BQKpdLT7NsCzkks9BND4nNPufjngezXDVUCFRvtKgCA3","privKey":"2GxTHJtmseBpdv+6A4Yp3hJt42H5vhm0iXUJ7WzKO1s="},"lastRemoteEphemeralKey":"BZ6/dNQdUnC4CBMegNAtc1a5+NvTgezzYiwDoTTB/Vdb","previousCounter":0,"rootKey":"lZtXw0os3Ufu4zOpwTfn7PgWGVHaWLFWONKHyHnqyTA="},"indexInfo":{"baseKey":"BSoTDAKgF74kSefH0eKmrmSTNBbwVkzVmC3kkJzRxN4f","baseKeyType":1,"closed":-1,"used":1748566371353,"created":1748566371353,"remoteIdentityKey":"BR0tq1lFHJqk1qotZ2CBl/c815iXxonhYpdeAuc1u7py"},"_chains":{"BQKpdLT7NsCzkks9BND4nNPufjngezXDVUCFRvtKgCA3":{"chainKey":{"counter":3,"key":"S4P5PRqcmx2IwayaNwnpLwIAdr3DpKbdiS+LC1kD/kE="},"chainType":1,"messageKeys":{}}},"pendingPreKey":{"signedKeyId":5,"baseKey":"BSoTDAKgF74kSefH0eKmrmSTNBbwVkzVmC3kkJzRxN4f"}}},"version":"v1"}