{"_sessions":{"BQCWgl6JppT9t4bRvJIZakOvgyEo1N56RiwjwGHCZdt6":{"registrationId":821009820,"currentRatchet":{"ephemeralKeyPair":{"pubKey":"BTSSvqeeMaYn0cpMcUMlHJpcku2HSnsT+SMhb40wVYp5","privKey":"IMRoVXyCJHr79Hx56fHIZjTqkye3vfjU+sAu7KhyEUQ="},"lastRemoteEphemeralKey":"BVpHgQr3I67JioydMAic2eztmwbB1Nb9XEO9eUsdtLV2","previousCounter":0,"rootKey":"BBFWtJkXTfotll18NdPVEyR1buj6jGpz7vN4jqdIiqE="},"indexInfo":{"baseKey":"BQCWgl6JppT9t4bRvJIZakOvgyEo1N56RiwjwGHCZdt6","baseKeyType":1,"closed":-1,"used":1748566372348,"created":1748566372348,"remoteIdentityKey":"BVv5VQ7SR0nrnuZ9GLzpYebvnOA9GNh+HySsNt5SOHEL"},"_chains":{"BTSSvqeeMaYn0cpMcUMlHJpcku2HSnsT+SMhb40wVYp5":{"chainKey":{"counter":2,"key":"qb9eS+zC/cyHNNg6eTkYlNO1pXULCIulG3xdSkUuSbw="},"chainType":1,"messageKeys":{}}},"pendingPreKey":{"signedKeyId":27,"baseKey":"BQCWgl6JppT9t4bRvJIZakOvgyEo1N56RiwjwGHCZdt6","preKeyId":9371578}}},"version":"v1"}