{"_sessions":{"BVpfrFiwNDnXHAdj0p5YCQDA6mQM1w0OKvXFuWzUzWgm":{"registrationId":1122645199,"currentRatchet":{"ephemeralKeyPair":{"pubKey":"BU/FDnL+J9u4zM3IOJAEeU85GL1vO5zBFyTc7bTjyhBZ","privKey":"sJ+KH+Qu/FpYqEsOZOLPcV+D7rDxtZBBSvty9ZbQzV0="},"lastRemoteEphemeralKey":"BUy4YtZAtX4SwRy2Lhfl8PAL3Rz+MC2yNYyPkMDk1cxa","previousCounter":0,"rootKey":"waGVrBpO+LhrPP2uHhLdQXFOKdwNjvA5k6EV0rCsL9s="},"indexInfo":{"baseKey":"BVpfrFiwNDnXHAdj0p5YCQDA6mQM1w0OKvXFuWzUzWgm","baseKeyType":1,"closed":-1,"used":1748566372501,"created":1748566372501,"remoteIdentityKey":"BbWMhQUH8zmlaTsKqWmWuxNzJG1a82V+jJCSpQTBJ408"},"_chains":{"BU/FDnL+J9u4zM3IOJAEeU85GL1vO5zBFyTc7bTjyhBZ":{"chainKey":{"counter":2,"key":"Ts2KMeQ4ygUJ+OLcPOJQXB062YG0+W8/z8ADrTVpmbA="},"chainType":1,"messageKeys":{}}},"pendingPreKey":{"signedKeyId":2,"baseKey":"BVpfrFiwNDnXHAdj0p5YCQDA6mQM1w0OKvXFuWzUzWgm","preKeyId":12914206}}},"version":"v1"}