{"_sessions":{"BW6/e9AobKIDeCKMOU7+/ftWoNAXNHjFkh7ihv/uLNEm":{"registrationId":10511398,"currentRatchet":{"ephemeralKeyPair":{"pubKey":"BXa7TPxlaFfWziPqPwPR44O3rR9tHlLLC/9p+8yh6jQS","privKey":"+DK8Nvj5C8sm0at6RKEDYruDxKjQqSXSta3zx5nZeUg="},"lastRemoteEphemeralKey":"BUUhnYu3/JiUPCFP/tJbMRYgcR4a3qUAtxcQUeL41ox2","previousCounter":0,"rootKey":"H2+gjQnWdMR36JRQgDxobfygKpuClD+se+EDgDlx5Ms="},"indexInfo":{"baseKey":"BW6/e9AobKIDeCKMOU7+/ftWoNAXNHjFkh7ihv/uLNEm","baseKeyType":1,"closed":-1,"used":1748566373285,"created":1748566373285,"remoteIdentityKey":"BfIQITACtk0BDCq11UBaoNr7hQNhe67qvv/E5avsEddM"},"_chains":{"BXa7TPxlaFfWziPqPwPR44O3rR9tHlLLC/9p+8yh6jQS":{"chainKey":{"counter":2,"key":"5Nn/oEhL0zlyoBTb/b0tnRNzVa40GwScBHlloKZQIik="},"chainType":1,"messageKeys":{}}},"pendingPreKey":{"signedKeyId":1,"baseKey":"BW6/e9AobKIDeCKMOU7+/ftWoNAXNHjFkh7ihv/uLNEm","preKeyId":16774906}}},"version":"v1"}