{"_sessions":{"BTvThYI0jlVfFARRxjevonFXMULfSXaimd+6IbtARJMR":{"registrationId":350765625,"currentRatchet":{"ephemeralKeyPair":{"pubKey":"BZ9C+AUo8sKCTRA7c3kWBhtVKQpalQ7rUfNVtGLb/8EG","privKey":"QBVecK2EPydw/4AmmRaPpKNsO0OTJrCfKQEIAi5bEmU="},"lastRemoteEphemeralKey":"BVPXPelx67pjGEzOrFgkIYLdNgelxlpBOm4TiTqKvHR3","previousCounter":0,"rootKey":"mvuNQ2kc3/73ATh+FZUbdhRxzxvzHyK/E6Se/Iqjdl4="},"indexInfo":{"baseKey":"BTvThYI0jlVfFARRxjevonFXMULfSXaimd+6IbtARJMR","baseKeyType":1,"closed":-1,"used":1748566372419,"created":1748566372419,"remoteIdentityKey":"BfQq2FL51o301ydPFax1zlV/Y8eh+LLqaW+zNf5zRUFW"},"_chains":{"BZ9C+AUo8sKCTRA7c3kWBhtVKQpalQ7rUfNVtGLb/8EG":{"chainKey":{"counter":2,"key":"w3DjJoaD+OOOK1ARIrbe8sYNU/b43K4Co6HPeNldXMI="},"chainType":1,"messageKeys":{}}},"pendingPreKey":{"signedKeyId":7,"baseKey":"BTvThYI0jlVfFARRxjevonFXMULfSXaimd+6IbtARJMR","preKeyId":11575112}}},"version":"v1"}