{"_sessions":{"BeRJvrug/ErlW/lWnLN7kS2QzfT4MCSRNlE73nM721YU":{"registrationId":717863742,"currentRatchet":{"ephemeralKeyPair":{"pubKey":"BbgpDjnxCLNMSc635ctHU6/dytfmHlnJnUdlK8mnWPk8","privKey":"+K1V1VpR1lZ3M/eOoVegOPydtLGAfe2/qbstxUG+wkM="},"lastRemoteEphemeralKey":"BXnpuEG1R6d+A3JiGyrsOuNuyO5QSHmVx0uxu0YC87pc","previousCounter":0,"rootKey":"NbKyRhJoRPerrukwKFIHW6dCsfzkYe0hmkfy7Aju0rM="},"indexInfo":{"baseKey":"BeRJvrug/ErlW/lWnLN7kS2QzfT4MCSRNlE73nM721YU","baseKeyType":1,"closed":-1,"used":1748566371799,"created":1748566371799,"remoteIdentityKey":"BXx+DR+XiPC5CRfLNZZ9LNyT16ELU7x8MJtxeOSJ91ZB"},"_chains":{"BbgpDjnxCLNMSc635ctHU6/dytfmHlnJnUdlK8mnWPk8":{"chainKey":{"counter":2,"key":"pIhgFma5v+D5lgW5J3kN6plRpWyPEql1mUyzKorAfVg="},"chainType":1,"messageKeys":{}}},"pendingPreKey":{"signedKeyId":19,"baseKey":"BeRJvrug/ErlW/lWnLN7kS2QzfT4MCSRNlE73nM721YU","preKeyId":3110}}},"version":"v1"}