{"_sessions":{"Bctrd3lUXKXRijyVakxhs2rQqpFCgu2U3500r7VoAmML":{"registrationId":521388307,"currentRatchet":{"ephemeralKeyPair":{"pubKey":"BfGASEsVPRfE57BCFoLObInQOE97PRMDY0j+SxdktN1q","privKey":"eDTY/00hodfjpFbUnvpv9NB8HAJLqHVOhaIpsWkfxHs="},"lastRemoteEphemeralKey":"BWJ8RubR8/m2xF/NwJN52gE9GNOpIMI5iUCx+ikIg5Ba","previousCounter":0,"rootKey":"oQdJ2szXw0gCRAPtLgpr/Qi01lR9VAsRuZSQ3XWDkgE="},"indexInfo":{"baseKey":"Bctrd3lUXKXRijyVakxhs2rQqpFCgu2U3500r7VoAmML","baseKeyType":1,"closed":-1,"used":1748566372360,"created":1748566372360,"remoteIdentityKey":"BZvQlkVBu7lzXazC7nGH1C/Nke3wAA391tooDP+y7whY"},"_chains":{"BfGASEsVPRfE57BCFoLObInQOE97PRMDY0j+SxdktN1q":{"chainKey":{"counter":2,"key":"8XWZocU9Z1C93AXfDKJG2ZLYJ6tXHE5caSJm6muKXfc="},"chainType":1,"messageKeys":{}}},"pendingPreKey":{"signedKeyId":10,"baseKey":"Bctrd3lUXKXRijyVakxhs2rQqpFCgu2U3500r7VoAmML","preKeyId":16330612}}},"version":"v1"}