{"_sessions":{"BRrFA9Y6l7wEzjJbVKgaP00FXS0KT2VqPgaFF5yd9rdK":{"registrationId":456402026,"currentRatchet":{"ephemeralKeyPair":{"pubKey":"Bbkvc6Dx9sRaY9kB3J3BDq9qQAJKxkN4MYxJXsUzrqJ2","privKey":"OM+n6Rqqux9zczzeEmUzt7v5x9jQ8GMv0/V8yw/zLXg="},"lastRemoteEphemeralKey":"BftcP7aQSnHHIHuPMTP2gIutOrViPLjPPjRqe15tJM1V","previousCounter":0,"rootKey":"Geo2EQCsXtszmJRpMCtdiIQJCp8fHNgXyb+bh57gcdE="},"indexInfo":{"baseKey":"BRrFA9Y6l7wEzjJbVKgaP00FXS0KT2VqPgaFF5yd9rdK","baseKeyType":1,"closed":-1,"used":1748567564641,"created":1748567564641,"remoteIdentityKey":"BXHU9N49SqIVwFnEEf5FfSXhWoosJAVy4RDqztoVLcUH"},"_chains":{"Bbkvc6Dx9sRaY9kB3J3BDq9qQAJKxkN4MYxJXsUzrqJ2":{"chainKey":{"counter":0,"key":"gys8m0DGHCfPAZ2M9/RRAWVUtdFPq5MmMZa5YjMVGug="},"chainType":1,"messageKeys":{}}},"pendingPreKey":{"signedKeyId":15194797,"baseKey":"BRrFA9Y6l7wEzjJbVKgaP00FXS0KT2VqPgaFF5yd9rdK"}}},"version":"v1"}