{"_sessions":{"Bd0P5a/jjEe4+yDuWc0OoBmGWC08m5VbwvxGcPTWiLNj":{"registrationId":821421675,"currentRatchet":{"ephemeralKeyPair":{"pubKey":"BfA+CBnwahXRoQx05g8znn97v5tX4vFDg9rxHASiKLpk","privKey":"+CCdvJs/VNi6UNC6PhpBrdA9Iv5hnRoVLpadDxMgzU4="},"lastRemoteEphemeralKey":"BQybmEjB6jqIfZ57zVnS2AGtQ4MTX4eHmaAx+frkZkgG","previousCounter":0,"rootKey":"m9e+Qv+lrkO0khP8c3IuH8o3PtPYPByQCw9SlQ6A1GY="},"indexInfo":{"baseKey":"Bd0P5a/jjEe4+yDuWc0OoBmGWC08m5VbwvxGcPTWiLNj","baseKeyType":1,"closed":-1,"used":1748566372325,"created":1748566372325,"remoteIdentityKey":"Bf735yaKJanEE9xBwZUH8tQuCOyunroWpL7x4XgCHEc7"},"_chains":{"BfA+CBnwahXRoQx05g8znn97v5tX4vFDg9rxHASiKLpk":{"chainKey":{"counter":2,"key":"xJ/XqOwnmltenRj4Kju7GaAVT+fe27WPUjegyr6QLv8="},"chainType":1,"messageKeys":{}}},"pendingPreKey":{"signedKeyId":6,"baseKey":"Bd0P5a/jjEe4+yDuWc0OoBmGWC08m5VbwvxGcPTWiLNj","preKeyId":13941600}}},"version":"v1"}