{"_sessions":{"BbDzxJ3y7IP3ZL7XY970hKIfS8onsoo2tU6ymzBs45hW":{"registrationId":2045876987,"currentRatchet":{"ephemeralKeyPair":{"pubKey":"BdPLdftsijpnYyLnWbrN1EXmx81cXx1mdXSd6uw8+ppI","privKey":"mPd1h/lS9nPQjyg5vDnFg+w5cGZh6Z5TT/3swqon+HI="},"lastRemoteEphemeralKey":"BW2ns8TWIek7r8C7AOtrUMvNhdiymlfyZ8cyw3rd2woU","previousCounter":0,"rootKey":"kGhuQdw3m7vMCfUNhKIXeKkVelCFljaXfGJTq9TLgDI="},"indexInfo":{"baseKey":"BbDzxJ3y7IP3ZL7XY970hKIfS8onsoo2tU6ymzBs45hW","baseKeyType":1,"closed":-1,"used":1748567564721,"created":1748567564721,"remoteIdentityKey":"BZO2y3mPeWnCsp1sdt0athfUgwT0YNbGA8eAaC9XHN5t"},"_chains":{"BdPLdftsijpnYyLnWbrN1EXmx81cXx1mdXSd6uw8+ppI":{"chainKey":{"counter":0,"key":"aU06tXxSYrHeBTezjEj4jDeLOLsFYMTA+/TDW6E06Dg="},"chainType":1,"messageKeys":{}}},"pendingPreKey":{"signedKeyId":4,"baseKey":"BbDzxJ3y7IP3ZL7XY970hKIfS8onsoo2tU6ymzBs45hW","preKeyId":6512477}}},"version":"v1"}