{"_sessions":{"BRvG2F4aoPS1xhlUA/4yRuZ4cmZcChYvL1lLq74oamU8":{"registrationId":1029547782,"currentRatchet":{"ephemeralKeyPair":{"pubKey":"BRstxJytR7bb1w/wCZIyQ5lInM8a+JYP3o9/n1iA8zMy","privKey":"EI36GxsU3/lNCZ+6wmOnesWcjeJpcoF7SXOrZhHly04="},"lastRemoteEphemeralKey":"BSmhjnYxqxkX7aI+CCUkrHUYhKs9h5YdH9VAgNhLZgkQ","previousCounter":0,"rootKey":"MYfSobR/vSLGSi9ui9U3/ZIq0XjAvNiLGFhH5XTIztw="},"indexInfo":{"baseKey":"BRvG2F4aoPS1xhlUA/4yRuZ4cmZcChYvL1lLq74oamU8","baseKeyType":1,"closed":-1,"used":1748566372950,"created":1748566372950,"remoteIdentityKey":"BbsHY9xRLTAyUN6eW1ELruaj0Mnzch+QHJ7gIq84M49r"},"_chains":{"BRstxJytR7bb1w/wCZIyQ5lInM8a+JYP3o9/n1iA8zMy":{"chainKey":{"counter":2,"key":"Y7bYFGmYDZmFg14yROszmf1HjKzMC3MeATO8xNhJOGw="},"chainType":1,"messageKeys":{}}},"pendingPreKey":{"signedKeyId":15,"baseKey":"BRvG2F4aoPS1xhlUA/4yRuZ4cmZcChYvL1lLq74oamU8","preKeyId":12678392}}},"version":"v1"}