{"_sessions":{"BWAbaka/3lJ3LCUAdVLHBnhCJATx6I9U9Vno5qnzsL9+":{"registrationId":986459611,"currentRatchet":{"ephemeralKeyPair":{"pubKey":"BbK54b+vtC+gj2M4eRpiYDFNWXOnU4OHlzLwP2nH1vFh","privKey":"aCy+r0HeV/h1uectB2ybV7I0ZIQRKLOr/ox0Y1ltCW0="},"lastRemoteEphemeralKey":"Bbr2mR0gMlh6py2hBs8wB09fla+N37bMlrLiOyblGqFt","previousCounter":0,"rootKey":"K4ufTBVOK57AgM1cbpMCADsb6dsSTZj5IpF4xIUzwdY="},"indexInfo":{"baseKey":"BWAbaka/3lJ3LCUAdVLHBnhCJATx6I9U9Vno5qnzsL9+","baseKeyType":1,"closed":-1,"used":1748566373253,"created":1748566373253,"remoteIdentityKey":"BVhDObdjtZQCNSd3HlXmuTqTV682rIGZ2Mb4GfEOmiBq"},"_chains":{"BbK54b+vtC+gj2M4eRpiYDFNWXOnU4OHlzLwP2nH1vFh":{"chainKey":{"counter":2,"key":"uFhmRgs2o2ordNwn0u/BvcA/W+Mtm3p/b9QAxwE5QuI="},"chainType":1,"messageKeys":{}}},"pendingPreKey":{"signedKeyId":0,"baseKey":"BWAbaka/3lJ3LCUAdVLHBnhCJATx6I9U9Vno5qnzsL9+","preKeyId":12947656}}},"version":"v1"}