{"_sessions":{"BSF1vTWQreXnWe5UKg9QA9D9CQ+3HteMXjpjE0VqYoVT":{"registrationId":842895801,"currentRatchet":{"ephemeralKeyPair":{"pubKey":"BaUT3u3saOc0oFPmf+8sQFgxKEKXyxxIuTWhPndyI8AS","privKey":"qF0N9ze53t4L6PGLZCc2rQDF/74JNTnDKMspcty2An0="},"lastRemoteEphemeralKey":"BQrOl4MD9Cw8bjkBS37MGfA1u4WgUxAXzjJTMc1MB3Um","previousCounter":0,"rootKey":"oIn0CXm3JqaHywRzHI31Qp2rInXPXaMAzl6sblcMAnE="},"indexInfo":{"baseKey":"BSF1vTWQreXnWe5UKg9QA9D9CQ+3HteMXjpjE0VqYoVT","baseKeyType":1,"closed":-1,"used":1748566372185,"created":1748566372185,"remoteIdentityKey":"BRhqQLWATj0+cdgp8gtFfxY2iE4HLFsFCGdM9InfWkQc"},"_chains":{"BaUT3u3saOc0oFPmf+8sQFgxKEKXyxxIuTWhPndyI8AS":{"chainKey":{"counter":2,"key":"IFGXFya+Ur8XtKb0qAog33H/6JivqfZEOpFd1h2hGp4="},"chainType":1,"messageKeys":{}}},"pendingPreKey":{"signedKeyId":1,"baseKey":"BSF1vTWQreXnWe5UKg9QA9D9CQ+3HteMXjpjE0VqYoVT"}}},"version":"v1"}