{"_sessions":{"BREYfp/7SPWu9mLlEevqvMpWRcWMeA1BGOUCJQTSWcFB":{"registrationId":375862092,"currentRatchet":{"ephemeralKeyPair":{"pubKey":"BYn55uwUcihISitxdmCO8iajxQsbOFQ+wzr8lZPXrRtW","privKey":"6M3FPc5syUi9WwxzGPmXPSnCJVpHwkLp+dQupvrGO2Q="},"lastRemoteEphemeralKey":"BWbECm6Tg1Xx6kMLKjpUroz/ZvdSI54llLhCHlRmbSB/","previousCounter":0,"rootKey":"yFl4ah+hl/IQ/sQC8m7vubQSsf9Ub4NLHu1CsvrBnsg="},"indexInfo":{"baseKey":"BREYfp/7SPWu9mLlEevqvMpWRcWMeA1BGOUCJQTSWcFB","baseKeyType":1,"closed":-1,"used":1748566372882,"created":1748566372882,"remoteIdentityKey":"BSMUAHkWK6NVmaloWtatbKJWgEbH+DGJhmJxCyFBIIY9"},"_chains":{"BYn55uwUcihISitxdmCO8iajxQsbOFQ+wzr8lZPXrRtW":{"chainKey":{"counter":2,"key":"ZEo2+71U+p6EUeYcqRi52wQUjbs2A/Dh1FPYr2fVdX0="},"chainType":1,"messageKeys":{}}},"pendingPreKey":{"signedKeyId":7,"baseKey":"BREYfp/7SPWu9mLlEevqvMpWRcWMeA1BGOUCJQTSWcFB","preKeyId":16742593}}},"version":"v1"}