{"_sessions":{"BbZumLVIzOplZm1kC20cp97Mf5HhC2JNoLbwenCeYaVD":{"registrationId":345953468,"currentRatchet":{"ephemeralKeyPair":{"pubKey":"BU0fikSx1rnagpa1xtHueJCkC6LC37Z51f/s3GD/nBsK","privKey":"WMQ7SfLG74xvVBcBguH2lvhq287IDmrCuTUiIBVe3Eg="},"lastRemoteEphemeralKey":"BWLKeh5591TWL0JAu4YjqUG1OrB/vPmReP3JaY/RVqY2","previousCounter":0,"rootKey":"4ifRiJ6QnE2vkJ++OSPOmRFJ4waSjGhjR4HNfhu7/kw="},"indexInfo":{"baseKey":"BbZumLVIzOplZm1kC20cp97Mf5HhC2JNoLbwenCeYaVD","baseKeyType":1,"closed":-1,"used":1748567564621,"created":1748567564621,"remoteIdentityKey":"Bc+Oqj7v4TsVq2/WSpNQu4IIP7kUezUTrxgLOmf2f68+"},"_chains":{"BU0fikSx1rnagpa1xtHueJCkC6LC37Z51f/s3GD/nBsK":{"chainKey":{"counter":0,"key":"TfT+ESMKSCwkA+ATydKWf+UTLAXojQ3sUnDJqC3mqMs="},"chainType":1,"messageKeys":{}}},"pendingPreKey":{"signedKeyId":0,"baseKey":"BbZumLVIzOplZm1kC20cp97Mf5HhC2JNoLbwenCeYaVD","preKeyId":13925278}}},"version":"v1"}