{"_sessions":{"BU9Ap6nn6EOHGAkHihGCRIWhzkXNtj5I+lKHAfxPKwx0":{"registrationId":1511674638,"currentRatchet":{"ephemeralKeyPair":{"pubKey":"BYlkxbOBKQ9VDSKc6gZYAWudEKR6u8M2ai600Gfpaekh","privKey":"uA9D8wRBxdKWqLF5PK3/iKfyv5tX1tSLpIDCclX3h0Y="},"lastRemoteEphemeralKey":"BcORTg3uiIKJUjk+onajMXN5vunhTxEXJgyiii9qVngz","previousCounter":0,"rootKey":"1Gt+6KeZLSWOXJWNEOEDUd3k4k/wADJjgijkyZn3Cn4="},"indexInfo":{"baseKey":"BU9Ap6nn6EOHGAkHihGCRIWhzkXNtj5I+lKHAfxPKwx0","baseKeyType":1,"closed":-1,"used":1748566372865,"created":1748566372865,"remoteIdentityKey":"BQL3IoZm3X5oxwt3uJo7V0tVv4vybIeA+zDBKJ0DCwB5"},"_chains":{"BYlkxbOBKQ9VDSKc6gZYAWudEKR6u8M2ai600Gfpaekh":{"chainKey":{"counter":2,"key":"06znHL0ET162B0vnwqncJaudIMeXHoXtiqadTkEF684="},"chainType":1,"messageKeys":{}}},"pendingPreKey":{"signedKeyId":1,"baseKey":"BU9Ap6nn6EOHGAkHihGCRIWhzkXNtj5I+lKHAfxPKwx0","preKeyId":357302}}},"version":"v1"}