{"_sessions":{"BTq5DWzyTnv5xpcmtB6lXalpoKqkkfcX+BwBmGVOekIE":{"registrationId":1567489736,"currentRatchet":{"ephemeralKeyPair":{"pubKey":"BQv0+MuY9IOfLAdXshRdJUnviWrlthq5M/+UEDt57XRl","privKey":"uAk6qth7eqahUnqyhTO/FzzsKGFrLxrcLxiErwf60kg="},"lastRemoteEphemeralKey":"BS02Bjp6c9pdp/jvSnjfV+V66xpRc1NR88qUMiZlRJoe","previousCounter":0,"rootKey":"QETNFyoYd+miXLLLfHh5QQU4YetgPnikapnEhAj5Kbc="},"indexInfo":{"baseKey":"BTq5DWzyTnv5xpcmtB6lXalpoKqkkfcX+BwBmGVOekIE","baseKeyType":1,"closed":-1,"used":1748566372620,"created":1748566372620,"remoteIdentityKey":"BfYJL7IxMEIRCMi9ZhuFJ2VES4ihPIFEqPz8n/dwsgJa"},"_chains":{"BQv0+MuY9IOfLAdXshRdJUnviWrlthq5M/+UEDt57XRl":{"chainKey":{"counter":2,"key":"AznV15JwBRN6OIPbCpntc6bAJOZMW6IbUO/aT4Su604="},"chainType":1,"messageKeys":{}}},"pendingPreKey":{"signedKeyId":1,"baseKey":"BTq5DWzyTnv5xpcmtB6lXalpoKqkkfcX+BwBmGVOekIE","preKeyId":7996263}}},"version":"v1"}