{"_sessions":{"BQCNkjdiDr2zwmg/Lee0OyfRIqcruSjdq6pWSRnPMl4c":{"registrationId":776488231,"currentRatchet":{"ephemeralKeyPair":{"pubKey":"BXYPsu5DtFVLzLcWLepvtXTO6pRy5eSbAtLuENpCrTRM","privKey":"+IC2aUdJViGZ/amEO8iefLSXl4x3+W+jN0VteiB61kw="},"lastRemoteEphemeralKey":"BRyc2IzG/AMe/N1MST2XhojI++bNWZx1gYHZo3gngPFD","previousCounter":0,"rootKey":"qZJzvCv82KAT9BaOGzHoGY65MIP+R6Q6wHJ3XX47bdc="},"indexInfo":{"baseKey":"BQCNkjdiDr2zwmg/Lee0OyfRIqcruSjdq6pWSRnPMl4c","baseKeyType":1,"closed":-1,"used":1748566372627,"created":1748566372627,"remoteIdentityKey":"Bb2bf9Ec8QBqNetxTqw0FJMDYRFfMBLfVBeK5vC3t2M5"},"_chains":{"BXYPsu5DtFVLzLcWLepvtXTO6pRy5eSbAtLuENpCrTRM":{"chainKey":{"counter":2,"key":"XXBk+9tE4Xv+bKJMku2hYz5eaJXCJHaXIiGEalGGIug="},"chainType":1,"messageKeys":{}}},"pendingPreKey":{"signedKeyId":3,"baseKey":"BQCNkjdiDr2zwmg/Lee0OyfRIqcruSjdq6pWSRnPMl4c","preKeyId":10423978}}},"version":"v1"}