{"_sessions":{"BWU5IIuHhfg44L6JQPvw6PzgQjzGGhIymqyM7nITJ2FR":{"registrationId":1956438743,"currentRatchet":{"ephemeralKeyPair":{"pubKey":"BfD7tbVnAbWIUVnyd0cOdGmU71/3h0EaDIR36Lvl3/9O","privKey":"cPzuBUDZElylDg0t0fK76dURjLkEJwhW/ZxzUDWWLEk="},"lastRemoteEphemeralKey":"BbM23UkZ6YfhzUp/XmkjKXX6vR112Juwp/m61j4FLsEP","previousCounter":0,"rootKey":"eHbsQPNLCWdgfl/1z/gTZ0eBevl836Xc4kM+hHac61E="},"indexInfo":{"baseKey":"BWU5IIuHhfg44L6JQPvw6PzgQjzGGhIymqyM7nITJ2FR","baseKeyType":1,"closed":-1,"used":1748566372139,"created":1748566372139,"remoteIdentityKey":"Bdu/lSENqGbdDPcfGq//xjgWUCI10/VnTBuzuWeOtGVD"},"_chains":{"BfD7tbVnAbWIUVnyd0cOdGmU71/3h0EaDIR36Lvl3/9O":{"chainKey":{"counter":2,"key":"IrjH4xSi1NoWGovHqor4NLVbiIFmax21OPqQYgam1Rg="},"chainType":1,"messageKeys":{}}},"pendingPreKey":{"signedKeyId":3,"baseKey":"BWU5IIuHhfg44L6JQPvw6PzgQjzGGhIymqyM7nITJ2FR","preKeyId":11820852}}},"version":"v1"}