{"_sessions":{"Bf42r0i4Q+0D76DZjpoJu3SKhHTcYcC2qOl2seDky0QM":{"registrationId":276279533,"currentRatchet":{"ephemeralKeyPair":{"pubKey":"BRg2p+GqSvlghcHDdAI1xhBA9an2a5APATIOrAGCl7gf","privKey":"6NEsDBb8gRfgykZQC9cFiCKwXxGETa+R2fZM0lokHmg="},"lastRemoteEphemeralKey":"BTLecYcyid3iBrWllKZLnV6Lbf70ajsmTZZvmm3JtJtN","previousCounter":0,"rootKey":"LUjd0JjjW4NVyty8upxNmrN///Zd0TlVPXz++KVJe00="},"indexInfo":{"baseKey":"Bf42r0i4Q+0D76DZjpoJu3SKhHTcYcC2qOl2seDky0QM","baseKeyType":1,"closed":-1,"used":1748566373012,"created":1748566373012,"remoteIdentityKey":"BUK8WSgKmcIGYx4ZVgwPbKVnX526U0TwZumj8yRj4tA7"},"_chains":{"BRg2p+GqSvlghcHDdAI1xhBA9an2a5APATIOrAGCl7gf":{"chainKey":{"counter":2,"key":"pt6lPBSMd03mo9MgdPGjVE01DzP8cQhQVdMO84rrmwc="},"chainType":1,"messageKeys":{}}},"pendingPreKey":{"signedKeyId":3,"baseKey":"Bf42r0i4Q+0D76DZjpoJu3SKhHTcYcC2qOl2seDky0QM"}}},"version":"v1"}