{"_sessions":{"Ba0JNpPbp/V8X3AICsWaBy2+WvjmYPyJjRw2+GA7kvdz":{"registrationId":1673557564,"currentRatchet":{"ephemeralKeyPair":{"pubKey":"BQpcnhuQk2NGwL9ZdNHQmpPue1ZQbkwCDc1rFgLOpQUT","privKey":"SDRX7vHa/LlvoBFTa6CrMMbBrjrth7gYOB+v+B428Ew="},"lastRemoteEphemeralKey":"BRCPMV6SaR2a+jgBwOb1Fkn+UvQAIRqDMxhJVHakyQEf","previousCounter":0,"rootKey":"B2H4IxXNHo78kABHFEw5zF3UErxWiRS+xeF7u2olgbY="},"indexInfo":{"baseKey":"Ba0JNpPbp/V8X3AICsWaBy2+WvjmYPyJjRw2+GA7kvdz","baseKeyType":1,"closed":-1,"used":1748566372592,"created":1748566372592,"remoteIdentityKey":"BfbWgPf4glPcN2J6QDwpNDZWAiWWyEbIa8D+coCkS30T"},"_chains":{"BQpcnhuQk2NGwL9ZdNHQmpPue1ZQbkwCDc1rFgLOpQUT":{"chainKey":{"counter":2,"key":"MPf/s96/2xIeshh0EcTZH66LFnkP4XYanm1a/cyNUT4="},"chainType":1,"messageKeys":{}}},"pendingPreKey":{"signedKeyId":1,"baseKey":"Ba0JNpPbp/V8X3AICsWaBy2+WvjmYPyJjRw2+GA7kvdz","preKeyId":2921938}}},"version":"v1"}