{"_sessions":{"BX4/64h2dTdIB1Qf2dlIklFzgHoOZCWOhW9pKdhSOx5q":{"registrationId":1825908333,"currentRatchet":{"ephemeralKeyPair":{"pubKey":"BSKvOw/cj8UORRSG9bPqhONEf62658cs1oHrJeXGLCgE","privKey":"eJojVLQUe0DJ7S9+o6PmIqyUTMT8FK7J/Xyld8bBols="},"lastRemoteEphemeralKey":"BeCPovLtSMhKUHUckxQAcPQAsKPUwhhV5P1l4EknOyJd","previousCounter":0,"rootKey":"JPITqTcY8567/U7YvD98mP8CdjAgH1b4+zLXLFfZAw4="},"indexInfo":{"baseKey":"BX4/64h2dTdIB1Qf2dlIklFzgHoOZCWOhW9pKdhSOx5q","baseKeyType":1,"closed":-1,"used":1748566372811,"created":1748566372811,"remoteIdentityKey":"BR07CicduqU7nOKco6lpUZ5D+YhougoRMIwRMRKoOkAL"},"_chains":{"BSKvOw/cj8UORRSG9bPqhONEf62658cs1oHrJeXGLCgE":{"chainKey":{"counter":3,"key":"mhnTCQsGahGlHN9+49FiyzcYA2H/8ckvXR6ug/Tmds0="},"chainType":1,"messageKeys":{}}},"pendingPreKey":{"signedKeyId":1,"baseKey":"BX4/64h2dTdIB1Qf2dlIklFzgHoOZCWOhW9pKdhSOx5q"}}},"version":"v1"}