{"_sessions":{"BUiJ3Xmxad5ANjajlFlpNteE8YMgnK5CMNtJ4f6PxsMk":{"registrationId":595,"currentRatchet":{"ephemeralKeyPair":{"pubKey":"BXBVu7zpJqD70AP53C/Jz3VuKL8HVLFddNqBnlH8Om5F","privKey":"qHZmDn43cP5nt/KTXa/bD9pu7zibDOqxTtLfUc3QEHI="},"lastRemoteEphemeralKey":"BYoayaiB7oVuIQ8oXfiYdfaAeyZs1zHgzIBVeAQefVU+","previousCounter":0,"rootKey":"fceDcUHEKKcZ8uLymjiD2tK0PRq19/iCho9fCR28ML8="},"indexInfo":{"baseKey":"BUiJ3Xmxad5ANjajlFlpNteE8YMgnK5CMNtJ4f6PxsMk","baseKeyType":1,"closed":-1,"used":1748567563792,"created":1748567563792,"remoteIdentityKey":"BcEEXrenZPmzL8PjIiHw/AAdKP/qToLHsnVPnuk88Ed1"},"_chains":{"BXBVu7zpJqD70AP53C/Jz3VuKL8HVLFddNqBnlH8Om5F":{"chainKey":{"counter":0,"key":"J0l6RWTThGh2abCjAEK5cOrqfMXP0i0RZbIUlkDTJVM="},"chainType":1,"messageKeys":{}}},"pendingPreKey":{"signedKeyId":1,"baseKey":"BUiJ3Xmxad5ANjajlFlpNteE8YMgnK5CMNtJ4f6PxsMk"}}},"version":"v1"}