{"_sessions":{"Be6w/0zbXYVe6Zv/bIzHiEI0Lt/+sUgDY7OTXbmlm0E2":{"registrationId":680832958,"currentRatchet":{"ephemeralKeyPair":{"pubKey":"BRTZkYdhYuxeXFPUKL4P/1/lHLG7Xrll93F6NDaa6eo2","privKey":"gFA2aQge/zy8SlnGLakY8ftXkluntFddizNGoc9B2nA="},"lastRemoteEphemeralKey":"BRHCWkTgH3C0KrZoB3WXxFioI7QwoEc9+U1UaAsD0yd0","previousCounter":0,"rootKey":"a4Cxj/mJ7tkfukelf1pEEAkjTWYnCjL1869QWAHBc7M="},"indexInfo":{"baseKey":"Be6w/0zbXYVe6Zv/bIzHiEI0Lt/+sUgDY7OTXbmlm0E2","baseKeyType":1,"closed":-1,"used":1748566372876,"created":1748566372876,"remoteIdentityKey":"BUISIr+bC6+LvcGSDg9LSuuQDjOkR/CIW84754da2Vcz"},"_chains":{"BRTZkYdhYuxeXFPUKL4P/1/lHLG7Xrll93F6NDaa6eo2":{"chainKey":{"counter":2,"key":"0MIB9KLbUVnxFqSoSZyJaX9b9BwBXxCG8ln5KP0U7i0="},"chainType":1,"messageKeys":{}}},"pendingPreKey":{"signedKeyId":3,"baseKey":"Be6w/0zbXYVe6Zv/bIzHiEI0Lt/+sUgDY7OTXbmlm0E2"}}},"version":"v1"}