{"_sessions":{"BbmZyWWRdbIF9i8Hpk/k+p/fFCEh/puybf4O56edfJ8J":{"registrationId":723765503,"currentRatchet":{"ephemeralKeyPair":{"pubKey":"BTXSVb8kbCihuwl1XevRGKPckTq5nWtzuHSXAoTpef8b","privKey":"qKFhoEL4J4O3iuKp9XDklcZ07PCivL/3ubhB/fumT18="},"lastRemoteEphemeralKey":"BVljIE98gY8lDRdbDO7ZN4FVK+lObWzv2UxZSHZKiWAX","previousCounter":0,"rootKey":"OmqafHy6/rmdU7o8Vrfs7Ts0E0M/7hARG8IGZtdoCwQ="},"indexInfo":{"baseKey":"BbmZyWWRdbIF9i8Hpk/k+p/fFCEh/puybf4O56edfJ8J","baseKeyType":1,"closed":-1,"used":1748566373351,"created":1748566373351,"remoteIdentityKey":"BaSrTTUGYqGJE7RKM1TPsgsp21BAWuIxT8yDRJgE+toX"},"_chains":{"BTXSVb8kbCihuwl1XevRGKPckTq5nWtzuHSXAoTpef8b":{"chainKey":{"counter":2,"key":"gVJ/nyR3g1ps95rgz0FvI+DGlkORluqIhwryIjm93n4="},"chainType":1,"messageKeys":{}}},"pendingPreKey":{"signedKeyId":9,"baseKey":"BbmZyWWRdbIF9i8Hpk/k+p/fFCEh/puybf4O56edfJ8J"}}},"version":"v1"}