{"_sessions":{"BUbKZQqIIsD2zKl2490jp3rXAW4sOH2mHDXhcsSZ1WNs":{"registrationId":1755507830,"currentRatchet":{"ephemeralKeyPair":{"pubKey":"BYHif416kHnHrf2ju/jAb8febXvStW/I5fAhefglaGd7","privKey":"EGx1Gu5d7zExMXDvzbP4lyQYccO6+KJXqJZnS+Cw/Vo="},"lastRemoteEphemeralKey":"BUiY/ew8LQIvTTizaGz94dlf/5i0Dk0EpxnS5jwhUhYu","previousCounter":0,"rootKey":"FSir7B+0vbc3oFzp64mwhmizsi6feKEv5dyTv38zxXw="},"indexInfo":{"baseKey":"BUbKZQqIIsD2zKl2490jp3rXAW4sOH2mHDXhcsSZ1WNs","baseKeyType":1,"closed":-1,"used":1748566373539,"created":1748566373539,"remoteIdentityKey":"BX5nWyjn7LJvhJmzmsE6klEFcvMbMxuVic9ZnnEhxlxB"},"_chains":{"BYHif416kHnHrf2ju/jAb8febXvStW/I5fAhefglaGd7":{"chainKey":{"counter":2,"key":"5TyeIrQIyl4INIkrd2TndJv/TjWLI/fp7Cxlv3HgZKM="},"chainType":1,"messageKeys":{}}},"pendingPreKey":{"signedKeyId":15,"baseKey":"BUbKZQqIIsD2zKl2490jp3rXAW4sOH2mHDXhcsSZ1WNs","preKeyId":7411102}}},"version":"v1"}