{"_sessions":{"BXEgvEc5CAlRYFol4NzsIl4VGldtDa+1NuVKe8edQL07":{"registrationId":1210337231,"currentRatchet":{"ephemeralKeyPair":{"pubKey":"BfIC0HZ+LHl2ZZU5/9DN5hZEBnGNXSBZ+s+hgjVCyVUX","privKey":"yHfvCLrkJmhIdAv4GPFKxeie2ZY0Feky37+gvilTqXI="},"lastRemoteEphemeralKey":"BXHjyPafj3mesNkE5ZB1ufQBLGhb5XwXcEE+qfhkIHgX","previousCounter":0,"rootKey":"erdtcbAOoG4GUjZK4VScbmTTUNgCXWyRCa7i6ejq6cw="},"indexInfo":{"baseKey":"BXEgvEc5CAlRYFol4NzsIl4VGldtDa+1NuVKe8edQL07","baseKeyType":1,"closed":-1,"used":1748567564496,"created":1748567564496,"remoteIdentityKey":"BXk8mvZeAojlwpZqayfd2GaPvXItk/aIV1VQ87Lgh1AD"},"_chains":{"BfIC0HZ+LHl2ZZU5/9DN5hZEBnGNXSBZ+s+hgjVCyVUX":{"chainKey":{"counter":0,"key":"D7aacv/21kQTZqooJNU2z9LaKM9qviRFXJLubMX+1dU="},"chainType":1,"messageKeys":{}}},"pendingPreKey":{"signedKeyId":3,"baseKey":"BXEgvEc5CAlRYFol4NzsIl4VGldtDa+1NuVKe8edQL07","preKeyId":16677468}}},"version":"v1"}