{"_sessions":{"BVttWKltdH+afn0jl8pN36jXe5zJntR+678gen6c0H0W":{"registrationId":1391609428,"currentRatchet":{"ephemeralKeyPair":{"pubKey":"BW6+k3YvpGAcLm1/Lz8NtA4/xxCcjoGSxZSGBHRpoUg3","privKey":"iC56VLPaX9ec7AQzIy+hftYNKvmtWKhMmGjnpaAUg2Q="},"lastRemoteEphemeralKey":"BRC5lZ6kZKztGsHNt/ZgxNPgMd2wyh/V8/HzTScY5BpO","previousCounter":0,"rootKey":"StEv7XD3D7gYMxUmig7W/wTUHh7OdodwD6+hPz41/rM="},"indexInfo":{"baseKey":"BVttWKltdH+afn0jl8pN36jXe5zJntR+678gen6c0H0W","baseKeyType":1,"closed":-1,"used":1748567564464,"created":1748567564464,"remoteIdentityKey":"BR/MF2KwaTOTMsZE1uSIoEcnhWuHSvFT3FRUqozmGtIl"},"_chains":{"BW6+k3YvpGAcLm1/Lz8NtA4/xxCcjoGSxZSGBHRpoUg3":{"chainKey":{"counter":0,"key":"keAz/WIza2a1MS2A6WmyU1ajNiaxpdP/9tDY7Q4bgxg="},"chainType":1,"messageKeys":{}}},"pendingPreKey":{"signedKeyId":2,"baseKey":"BVttWKltdH+afn0jl8pN36jXe5zJntR+678gen6c0H0W","preKeyId":3673415}}},"version":"v1"}