{"_sessions":{"BR1/OiwC8JPuXJlqUbgpyH+4Eo7gbfmeIA/JzWHx6Rgx":{"registrationId":511445020,"currentRatchet":{"ephemeralKeyPair":{"pubKey":"Bccr9DW8RjVGNQVomliwC4EARCtkoZ4npWFNSpy/BrBu","privKey":"eEO93XcgO7RcDZxw2AmGIXUaYQNpl10vkBPeB0xwr2w="},"lastRemoteEphemeralKey":"BemLTGfeRiVm4INtBneNAg5Js5s67Opmd5tbxvjxVv4U","previousCounter":0,"rootKey":"pOgm1eZe+yCGTdKs+UvIEb5hpr5U4xN/mf7CC5mX7Rw="},"indexInfo":{"baseKey":"BR1/OiwC8JPuXJlqUbgpyH+4Eo7gbfmeIA/JzWHx6Rgx","baseKeyType":1,"closed":-1,"used":1748566372274,"created":1748566372274,"remoteIdentityKey":"BVeMaF9GWtZcpg1vpFE6XEIPyfIo1QHPF6VW5ZizM5xG"},"_chains":{"Bccr9DW8RjVGNQVomliwC4EARCtkoZ4npWFNSpy/BrBu":{"chainKey":{"counter":2,"key":"hdZofUK6cuNE6vj1uhbl8+3lVXu35elrgVxtubymM5w="},"chainType":1,"messageKeys":{}}},"pendingPreKey":{"signedKeyId":2,"baseKey":"BR1/OiwC8JPuXJlqUbgpyH+4Eo7gbfmeIA/JzWHx6Rgx","preKeyId":4167750}}},"version":"v1"}