{"_sessions":{"BR8Nyy+61AxYte+NwqMTq48yVYHROxiE4mYqFKW4qrRd":{"registrationId":1113981962,"currentRatchet":{"ephemeralKeyPair":{"pubKey":"BfKzwkhmW/mxXlaKNeRtyiE2riMUQypZjKCf6RI6g2ZS","privKey":"AK10QKglWCkxsrmCjg+QwzRo9OpDTZ3Qs6/O1DbWhnw="},"lastRemoteEphemeralKey":"BcuReOiM9+LRP5e6fuu0pK5gApXL3Sst+hjYBh1zOt0q","previousCounter":0,"rootKey":"B3xrubG6ZzM/VHxS6AtaGdmsaGGE8rSyvkk3cJMU5Rs="},"indexInfo":{"baseKey":"BR8Nyy+61AxYte+NwqMTq48yVYHROxiE4mYqFKW4qrRd","baseKeyType":1,"closed":-1,"used":1748567564395,"created":1748567564395,"remoteIdentityKey":"BXUK7JrSN47P4hrHo2qac6gvMkSdqY8Nx/GZJfbrxaRL"},"_chains":{"BfKzwkhmW/mxXlaKNeRtyiE2riMUQypZjKCf6RI6g2ZS":{"chainKey":{"counter":0,"key":"V4A4a+Cb0Wi32XHqjbnoUmsx/JgCtbDSY24VXdeBiFk="},"chainType":1,"messageKeys":{}}},"pendingPreKey":{"signedKeyId":0,"baseKey":"BR8Nyy+61AxYte+NwqMTq48yVYHROxiE4mYqFKW4qrRd","preKeyId":672860}}},"version":"v1"}