{"_sessions":{"BfaHQThN5c0dgszkXn8yBvXQkiEGjI5wLewV8/APjFFi":{"registrationId":1713889486,"currentRatchet":{"ephemeralKeyPair":{"pubKey":"BR6rufz4Rb8JyNzqfqC72Zrb273UvcC1ZfIudmuTBg1z","privKey":"oPD+rzH8eO/v82uDYN7xQzk+Vk8eZFtaMY8JILf1tFY="},"lastRemoteEphemeralKey":"BTCicqjvyipPzowlR0J8wV1HffMzGo/OLeaWGmJWHlYZ","previousCounter":0,"rootKey":"uDdrW8pSL5mHl+ikDop8MgKf+ruIVZTyHmU4SULgz00="},"indexInfo":{"baseKey":"BfaHQThN5c0dgszkXn8yBvXQkiEGjI5wLewV8/APjFFi","baseKeyType":1,"closed":-1,"used":1748567564224,"created":1748567564224,"remoteIdentityKey":"BckyTHe2+gz5f0+Pb30Vba2ojfPVZpEgCJuYAUOGYVMm"},"_chains":{"BR6rufz4Rb8JyNzqfqC72Zrb273UvcC1ZfIudmuTBg1z":{"chainKey":{"counter":0,"key":"lPxTdG2oDDgW05LXUf+NTEcMN5DlYc+Y2BiLWYi6gMk="},"chainType":1,"messageKeys":{}}},"pendingPreKey":{"signedKeyId":0,"baseKey":"BfaHQThN5c0dgszkXn8yBvXQkiEGjI5wLewV8/APjFFi"}}},"version":"v1"}