{"_sessions":{"BWrxqzSJdTuLgeB3uRr709Ie/OG4sjszPl+Nr44EtF4d":{"registrationId":843495727,"currentRatchet":{"ephemeralKeyPair":{"pubKey":"BTPS4AuPUTI83+hpCnKxdezTch0mtc8GebiQQ5c08ABP","privKey":"OA5RbS6f1/m7jkoKx83S+XLLi/lGC/b7HDbCQ2snGmY="},"lastRemoteEphemeralKey":"BUI2zgvNYIWnuizJETHrMQL5ySZQBmDGoIWzxpo0e8EL","previousCounter":0,"rootKey":"eDPEQQWb0WAqoyGQowmhxT0D0TYEDuT7+eYcy4Yx0v4="},"indexInfo":{"baseKey":"BWrxqzSJdTuLgeB3uRr709Ie/OG4sjszPl+Nr44EtF4d","baseKeyType":1,"closed":-1,"used":1748567564632,"created":1748567564632,"remoteIdentityKey":"Bf6NJ3R6dVINVbK8747HORL698NiXolC8Q/5xny3uLIZ"},"_chains":{"BTPS4AuPUTI83+hpCnKxdezTch0mtc8GebiQQ5c08ABP":{"chainKey":{"counter":0,"key":"LZAimh/5ekgBVpK5jWqDOiEwIA0K3+8Pnboikwz/MQQ="},"chainType":1,"messageKeys":{}}},"pendingPreKey":{"signedKeyId":12497311,"baseKey":"BWrxqzSJdTuLgeB3uRr709Ie/OG4sjszPl+Nr44EtF4d"}}},"version":"v1"}