{"_sessions":{"Bdo/n7GyTB0qygCDY5XUCawLlq+CuslQJFhjFHH2vs09":{"registrationId":879799268,"currentRatchet":{"ephemeralKeyPair":{"pubKey":"BdQ+ht7Ltdk2LGe3jnSm8pC6zYWicaJ9t5tD+Y4kRzZF","privKey":"MA2wlW8Yz3R2BUMFpEBvqxBr/zks1s3k4mTtaU+lBXY="},"lastRemoteEphemeralKey":"BWTSNTzisCPPOIcuPUutzgErKg1IrECRJEH1sdd/xWs1","previousCounter":0,"rootKey":"wBAxvmxmb6dbZZF6cMCLFAt7eSs9X8806QUHWZK9AGU="},"indexInfo":{"baseKey":"Bdo/n7GyTB0qygCDY5XUCawLlq+CuslQJFhjFHH2vs09","baseKeyType":1,"closed":-1,"used":1748566373047,"created":1748566373047,"remoteIdentityKey":"Bft+L3Ha7xxcAyI3WeygD2xsXZJnI65GWoKKuwGCwJEc"},"_chains":{"BdQ+ht7Ltdk2LGe3jnSm8pC6zYWicaJ9t5tD+Y4kRzZF":{"chainKey":{"counter":2,"key":"ffGHZ/IcDIjFv45rFS4OukidUM8kDB3oGVP9er7G6eg="},"chainType":1,"messageKeys":{}}},"pendingPreKey":{"signedKeyId":7,"baseKey":"Bdo/n7GyTB0qygCDY5XUCawLlq+CuslQJFhjFHH2vs09","preKeyId":3419840}}},"version":"v1"}