{"_sessions":{"BfpASrL+0HV/Xf1yQXmfsIOdTFu7H6QpZ5B8W2wIbygZ":{"registrationId":13804,"currentRatchet":{"ephemeralKeyPair":{"pubKey":"BdUMFSFHqmOwxrGltTlSTXro4v6n0BKjnVjh09YKMzAA","privKey":"iK8rKDbFn1vI7tTVWH/JnlzScNYVdvTUb1Xaj4nmkkg="},"lastRemoteEphemeralKey":"BZStO1mG4mCu/heYwSxc1zDrHblz5hz3RjRVK4wZ365i","previousCounter":0,"rootKey":"sN+l/yuO+RSYy2BeYYhLW6zQ/nnDucFU6UVoLudDt88="},"indexInfo":{"baseKey":"BfpASrL+0HV/Xf1yQXmfsIOdTFu7H6QpZ5B8W2wIbygZ","baseKeyType":1,"closed":-1,"used":1748566371857,"created":1748566371857,"remoteIdentityKey":"BU1c22KJwb6MBLC9w6rqI3acVKOSKQwh0kekp1tP/Egv"},"_chains":{"BdUMFSFHqmOwxrGltTlSTXro4v6n0BKjnVjh09YKMzAA":{"chainKey":{"counter":2,"key":"mobVq4vg8D+bahO76UcryoaNXC9OOcJfAJAPQsL/KZo="},"chainType":1,"messageKeys":{}}},"pendingPreKey":{"signedKeyId":1,"baseKey":"BfpASrL+0HV/Xf1yQXmfsIOdTFu7H6QpZ5B8W2wIbygZ","preKeyId":289}}},"version":"v1"}