{"_sessions":{"BSkQSCoIRFwrZd/HaGSEQYO72WVl6SVYsQLlqPXdCMoh":{"registrationId":292360721,"currentRatchet":{"ephemeralKeyPair":{"pubKey":"Be+rcT/id80NmfwGeZ7O1pQYSOU8Nq40olf+/op0KRBe","privKey":"UD4A52e9g1tIUmyyCm4wMV4EM2STrAmYABQTajRzvWc="},"lastRemoteEphemeralKey":"BVdOQPXLheUOM+O4lkJinePxoWvuJBbM2QqPrxs0OooH","previousCounter":0,"rootKey":"89VGAqmkYByNKE2c6YpSjVGis+Egkd67Ld228yj5jfw="},"indexInfo":{"baseKey":"BSkQSCoIRFwrZd/HaGSEQYO72WVl6SVYsQLlqPXdCMoh","baseKeyType":1,"closed":-1,"used":1748567564321,"created":1748567564321,"remoteIdentityKey":"BSAGOCbF1/zD1uA4AIB3Oy9otG9PTcoLRdFQsWc9putj"},"_chains":{"Be+rcT/id80NmfwGeZ7O1pQYSOU8Nq40olf+/op0KRBe":{"chainKey":{"counter":0,"key":"aFvQHIQaqnqm8G2PCVQ5CmFqv8fYiNdIWQRtE0tF+dk="},"chainType":1,"messageKeys":{}}},"pendingPreKey":{"signedKeyId":0,"baseKey":"BSkQSCoIRFwrZd/HaGSEQYO72WVl6SVYsQLlqPXdCMoh","preKeyId":9161831}}},"version":"v1"}