{"_sessions":{"BSqCdCr+jMhRSElns9SCFmhfotFkk5o37vIm78YxYFEc":{"registrationId":526597719,"currentRatchet":{"ephemeralKeyPair":{"pubKey":"BZwOEB8zGrcB1lcr3AriumqhHnHNr16eqAee4KrPWJxX","privKey":"gGON88TT8BVkDP0RVOxaxW8ItTjkMhbhO511DnFmnE4="},"lastRemoteEphemeralKey":"BX70uj9WUmHxa34hf378gFqH68xHJ25SI44rS34f6AIT","previousCounter":0,"rootKey":"S05K+PN5BRlU7ZZDqU5h2N374QOMztnqNX0B4HA3zuQ="},"indexInfo":{"baseKey":"BSqCdCr+jMhRSElns9SCFmhfotFkk5o37vIm78YxYFEc","baseKeyType":1,"closed":-1,"used":1748566372331,"created":1748566372331,"remoteIdentityKey":"BeAJZJew+fI2N72wDHsIl7X3rWjP5N8SnGwjUkeFdgUV"},"_chains":{"BZwOEB8zGrcB1lcr3AriumqhHnHNr16eqAee4KrPWJxX":{"chainKey":{"counter":2,"key":"uHr/K+UHrk2cFlMVZgEsqC4xF2TY8uuczDcs8EzzImk="},"chainType":1,"messageKeys":{}}},"pendingPreKey":{"signedKeyId":14,"baseKey":"BSqCdCr+jMhRSElns9SCFmhfotFkk5o37vIm78YxYFEc","preKeyId":16241254}}},"version":"v1"}