{"_sessions":{"BSGOMwZrwK9OBmoQmn6MXqjCsieyYb2NkS8MegkxUBUt":{"registrationId":9691,"currentRatchet":{"ephemeralKeyPair":{"pubKey":"BcFEsHWMUJjFdgiXM556aAe/IRTGc9yo+lvueGZQumkv","privKey":"cE7yDh54I+1h9uIhIScMX5T/m6HAnSBCnxOCeR5Ri2I="},"lastRemoteEphemeralKey":"BSlri2Fx0Z+SY2rKFDHi+hNhWaVMTgytbZDIuDsX0uBV","previousCounter":0,"rootKey":"3pDUGCflzODgnB1zLtLtWLiROqXS/aFmuwSABZMdbOY="},"indexInfo":{"baseKey":"BSGOMwZrwK9OBmoQmn6MXqjCsieyYb2NkS8MegkxUBUt","baseKeyType":1,"closed":-1,"used":1748567563974,"created":1748567563974,"remoteIdentityKey":"BYXV8+v12SBp5OT/sQe/hd1d/0sIyQXAg+2cqHEezHYB"},"_chains":{"BcFEsHWMUJjFdgiXM556aAe/IRTGc9yo+lvueGZQumkv":{"chainKey":{"counter":0,"key":"ZNdasRqheNsAUlI8MFqc2twUE//stH7ESz69RVMEzv0="},"chainType":1,"messageKeys":{}}},"pendingPreKey":{"signedKeyId":1,"baseKey":"BSGOMwZrwK9OBmoQmn6MXqjCsieyYb2NkS8MegkxUBUt"}}},"version":"v1"}