{"_sessions":{"BWeNGXLBCBZS3bzC6t8AWmaICTg1QkefbGs3bG9skGVl":{"registrationId":1710535554,"currentRatchet":{"ephemeralKeyPair":{"pubKey":"BRrU4YNhFevoxhy3Hm1qbZF6LfTWIVdDqGuCOYwkHdly","privKey":"KE5PaklW2A0fvlt6HFvI+DRNrns6rB3FD1WW94p61FQ="},"lastRemoteEphemeralKey":"BeIUiU+Bso/f4nXzMfm5JFdvJVt7rcCYkzivcqv5YrkJ","previousCounter":0,"rootKey":"LK02A7DCuTsz3/x+ZYY6elCmZpvSvMXA1EbgEaX66YM="},"indexInfo":{"baseKey":"BWeNGXLBCBZS3bzC6t8AWmaICTg1QkefbGs3bG9skGVl","baseKeyType":1,"closed":-1,"used":1748566372586,"created":1748566372586,"remoteIdentityKey":"BZsrBO5TeZn7OYZzHGSgM2fiilhTyGjFSwiW+NcyqFJ7"},"_chains":{"BRrU4YNhFevoxhy3Hm1qbZF6LfTWIVdDqGuCOYwkHdly":{"chainKey":{"counter":2,"key":"w4M/0OtLGChsjdgsaGOC6Ams7Lj5ZkrpMHTaAf2Gaic="},"chainType":1,"messageKeys":{}}},"pendingPreKey":{"signedKeyId":10,"baseKey":"BWeNGXLBCBZS3bzC6t8AWmaICTg1QkefbGs3bG9skGVl","preKeyId":10212483}}},"version":"v1"}