{"_sessions":{"Ba2eKfuDsVELeWsLFyCl1V2ifWYI3kD6GnPUTXWl4a8f":{"registrationId":2058280703,"currentRatchet":{"ephemeralKeyPair":{"pubKey":"BTeyYuXtRp9B5lTbJbPmPykH66BSXasdgvCE73sBpDIU","privKey":"+BL9+Z9jEJ+VqhsKHrSVqgABbigedfAU8jQkaAyt0GU="},"lastRemoteEphemeralKey":"BZkGkzg7TPlAFCnyRsMnfStLJZ5ARQc499GkKLY1sGsg","previousCounter":0,"rootKey":"NAw5QNy/YBYohsGuFKn8LHSJNCopJHnctXTsDJxrR5c="},"indexInfo":{"baseKey":"Ba2eKfuDsVELeWsLFyCl1V2ifWYI3kD6GnPUTXWl4a8f","baseKeyType":1,"closed":-1,"used":1748566373494,"created":1748566373494,"remoteIdentityKey":"BQIL5NMSWPKDX83yCa5bipUQ4wMtBD9SlSdFqfHpA01V"},"_chains":{"BTeyYuXtRp9B5lTbJbPmPykH66BSXasdgvCE73sBpDIU":{"chainKey":{"counter":2,"key":"Q1svjSyzGzKqrzLSGZUvzhQYbkwu8sYTkDmYqOGVltE="},"chainType":1,"messageKeys":{}}},"pendingPreKey":{"signedKeyId":15,"baseKey":"Ba2eKfuDsVELeWsLFyCl1V2ifWYI3kD6GnPUTXWl4a8f"}}},"version":"v1"}