{"_sessions":{"BXGZcKKRTZxzpN2UTWdkgyanptH4aFfSMfCEyeRrkvN8":{"registrationId":1910083272,"currentRatchet":{"ephemeralKeyPair":{"pubKey":"BbDtzfjNWuT4BmJ2+WyfBwGHdHE+VUJiRoBWCxKZbfwH","privKey":"4JFyfeGHjZwPEkMjixN4bWvwtXnOEWpOWa1ve00Xz0U="},"lastRemoteEphemeralKey":"Ba6IusuGqbLRQG6gY9SH4EkJ/HjcvmEa4cNpznhOmDpL","previousCounter":0,"rootKey":"TK5ZP2Zvj0YoCeW194F8qd/ZL6HT4PRLSnCnTtSj0EA="},"indexInfo":{"baseKey":"BXGZcKKRTZxzpN2UTWdkgyanptH4aFfSMfCEyeRrkvN8","baseKeyType":1,"closed":-1,"used":1748566372795,"created":1748566372795,"remoteIdentityKey":"BUPAHJqeufnyOfdsM86A+0LqumDYkEeRlMsTFAnCrwF9"},"_chains":{"BbDtzfjNWuT4BmJ2+WyfBwGHdHE+VUJiRoBWCxKZbfwH":{"chainKey":{"counter":2,"key":"sgnD+SCD/1enJA13dAix+51o17FwCGQriQwthe8Ei4w="},"chainType":1,"messageKeys":{}}},"pendingPreKey":{"signedKeyId":2,"baseKey":"BXGZcKKRTZxzpN2UTWdkgyanptH4aFfSMfCEyeRrkvN8","preKeyId":15356470}}},"version":"v1"}