{"_sessions":{"BfKHfVjFzm46Tcl6tnP048lQFsnhP1HZPV6HHHDd3KwJ":{"registrationId":728905665,"currentRatchet":{"ephemeralKeyPair":{"pubKey":"BY72Iy441LGmzY0CoTlIgjGuXWFF6qMm1ASqshXRN80e","privKey":"IHk2y8R+13NNd27UwYYXo9jYX5nhcr15LjVshSFN+lE="},"lastRemoteEphemeralKey":"BQEOqSLO7qcUWu8ONzDFCk5F46vv6910q+wGHDoJSqdl","previousCounter":0,"rootKey":"9aIhu2gzwudg2RTuyjnHmJ5fuz1G8LNhzASIGERzifk="},"indexInfo":{"baseKey":"BfKHfVjFzm46Tcl6tnP048lQFsnhP1HZPV6HHHDd3KwJ","baseKeyType":1,"closed":-1,"used":1748567564599,"created":1748567564599,"remoteIdentityKey":"BUJo/sTc+h3XrA2YCb3IgdFGrESnFe5byHkBvQ0KYih8"},"_chains":{"BY72Iy441LGmzY0CoTlIgjGuXWFF6qMm1ASqshXRN80e":{"chainKey":{"counter":0,"key":"e1NP1OqR9N0UTR6whHQ4URrV/coKzxu/adcfavnMxfw="},"chainType":1,"messageKeys":{}}},"pendingPreKey":{"signedKeyId":0,"baseKey":"BfKHfVjFzm46Tcl6tnP048lQFsnhP1HZPV6HHHDd3KwJ","preKeyId":9217820}}},"version":"v1"}