{"_sessions":{"BefjcH5CEO36jBB4pPOQAQpLt9TPDg7X5NP9b7gCViJZ":{"registrationId":2086526469,"currentRatchet":{"ephemeralKeyPair":{"pubKey":"Bcdrjf2q2S+BljAgOyugFo1vgfZKQi7JAxBDoSi/6Gdm","privKey":"CEBC1BM5yQa0VpS9/cZ4L6YPphwKJydBWEDXUJMLRnU="},"lastRemoteEphemeralKey":"BUtJNf0bQMM+xWhLD3GjuZ2hWZ9aJmKneCVbKVEjsSp9","previousCounter":0,"rootKey":"7q0QBvyavzXAX6KM0CafH47YPqzjzmk9rjTjlZkzVTY="},"indexInfo":{"baseKey":"BefjcH5CEO36jBB4pPOQAQpLt9TPDg7X5NP9b7gCViJZ","baseKeyType":1,"closed":-1,"used":1748567564542,"created":1748567564542,"remoteIdentityKey":"BT15PB91WIy489336Fw+J0LZaSjXImZfszCqal8M8ScW"},"_chains":{"Bcdrjf2q2S+BljAgOyugFo1vgfZKQi7JAxBDoSi/6Gdm":{"chainKey":{"counter":0,"key":"CUKDh/Je1bO8jzo7fJFAm0ntK6m/IfPqAgX9lCQZ7SI="},"chainType":1,"messageKeys":{}}},"pendingPreKey":{"signedKeyId":16673037,"baseKey":"BefjcH5CEO36jBB4pPOQAQpLt9TPDg7X5NP9b7gCViJZ"}}},"version":"v1"}