{"_sessions":{"BVaTsgluPCwzNnZYUb64GlYBzbxETAskk+PC46/3mAgh":{"registrationId":361688704,"currentRatchet":{"ephemeralKeyPair":{"pubKey":"BbjLsgQHsUaQriRsZBJqAYaKs/53+9JTAc/46a2TPs8y","privKey":"iMP5Muv1c2oY/N57OEXJx5N4s5ZHCV5ktBV47GO9G0g="},"lastRemoteEphemeralKey":"BZmeISOfh3mmmQ7aISs4z+8Hc8bTzVs7ogVy73Lo+jU2","previousCounter":0,"rootKey":"37f9eVioWWYM8mk8Yo5CMyXkG4l5tzYV4BeCOFpjS3s="},"indexInfo":{"baseKey":"BVaTsgluPCwzNnZYUb64GlYBzbxETAskk+PC46/3mAgh","baseKeyType":1,"closed":-1,"used":1748567564665,"created":1748567564665,"remoteIdentityKey":"BVFr6+9//r3hlzKtiJO+HkLDmTLBIUbd8rGT6hkq0noP"},"_chains":{"BbjLsgQHsUaQriRsZBJqAYaKs/53+9JTAc/46a2TPs8y":{"chainKey":{"counter":0,"key":"GL3P8KpvSiasP8tDaXdMzT/qADqBCsGm23OrtgYiOtY="},"chainType":1,"messageKeys":{}}},"pendingPreKey":{"signedKeyId":13669341,"baseKey":"BVaTsgluPCwzNnZYUb64GlYBzbxETAskk+PC46/3mAgh"}}},"version":"v1"}