{"_sessions":{"BW8Jo7GjUkRPvE+T9/e8kIsBfNk+6RxKiOy+p9BQIzQM":{"registrationId":1733910546,"currentRatchet":{"ephemeralKeyPair":{"pubKey":"BV9WwgnNxKA4Jxx7RTMnEqVyML9CERLDgaqKn96W7ZYV","privKey":"CIU5F89aKzeYeCkBZncJtJ/zCE5D2oMsqR1oG3JdknE="},"lastRemoteEphemeralKey":"BcOKuqBN11gUCcIBOFA7EdJ9h4eyL84MamsNzVo/XHl3","previousCounter":0,"rootKey":"rK3ptnKyv6iqzMa5cAN/oK4ZvIAhv8YknCOgENpZOqg="},"indexInfo":{"baseKey":"BW8Jo7GjUkRPvE+T9/e8kIsBfNk+6RxKiOy+p9BQIzQM","baseKeyType":1,"closed":-1,"used":1748566371732,"created":1748566371732,"remoteIdentityKey":"Bb3Ltas5Ox099iVxKoTbhmDpsGk/RBu6Vc5g8a/77apR"},"_chains":{"BV9WwgnNxKA4Jxx7RTMnEqVyML9CERLDgaqKn96W7ZYV":{"chainKey":{"counter":2,"key":"i+ffLz8ENfY8yGisWfSkl5Hf3ljlREw+Gd2BmBmsQuE="},"chainType":1,"messageKeys":{}}},"pendingPreKey":{"signedKeyId":1,"baseKey":"BW8Jo7GjUkRPvE+T9/e8kIsBfNk+6RxKiOy+p9BQIzQM","preKeyId":10077}}},"version":"v1"}