{"_sessions":{"BSDCTijfQ9/dqAXiITyDGqCN47BYB+uUs2KrxzjAiwkn":{"registrationId":1002327017,"currentRatchet":{"ephemeralKeyPair":{"pubKey":"BcVdU2jAVR8ySQhVpJ/POP9p2VTz0J9iy2XobTaPf5UZ","privKey":"GH2v3zVzeBOlXQydW7aZmBOfHlO0QWk9iCZzy6CPPHs="},"lastRemoteEphemeralKey":"BWNRKZ4RX9KfBTf00bvu9GiiOaaEA+G4+SepNafhmvUV","previousCounter":0,"rootKey":"quwavlePdPpwxj+if0pWhNma7IdNXeSki1qE2gJ1es0="},"indexInfo":{"baseKey":"BSDCTijfQ9/dqAXiITyDGqCN47BYB+uUs2KrxzjAiwkn","baseKeyType":1,"closed":-1,"used":1748566373459,"created":1748566373459,"remoteIdentityKey":"BbNKkTXuR0zptve5bnY6CZuZeYBk6x7i6j4QT0clobpA"},"_chains":{"BcVdU2jAVR8ySQhVpJ/POP9p2VTz0J9iy2XobTaPf5UZ":{"chainKey":{"counter":2,"key":"US5Lmsn0rlweureg9daWjoUrHAWGO57p9hj87jPIe3M="},"chainType":1,"messageKeys":{}}},"pendingPreKey":{"signedKeyId":4,"baseKey":"BSDCTijfQ9/dqAXiITyDGqCN47BYB+uUs2KrxzjAiwkn","preKeyId":7600755}}},"version":"v1"}