{"_sessions":{"BRncQkGVL0Hz0W6eRLbVaEKPnMQHys0zyn03VZn52tk4":{"registrationId":1363240712,"currentRatchet":{"ephemeralKeyPair":{"pubKey":"BQP8Z8V96dkGzdnrOhA1uRetFX9/9DELKHPa5Gcc4UBT","privKey":"+AHVmCK/E9z8J9pt5vvm4qeg/wPDeNmOFgU9gG4i7V0="},"lastRemoteEphemeralKey":"BWguMuI7cK5AWKivSzYVNF23qcTr5pbbFVkwWGMNQSY6","previousCounter":0,"rootKey":"gExf14oeLrOTzUn3KxcgdQtgkxqdIGKtejxbQHbK2H0="},"indexInfo":{"baseKey":"BRncQkGVL0Hz0W6eRLbVaEKPnMQHys0zyn03VZn52tk4","baseKeyType":1,"closed":-1,"used":1748566372126,"created":1748566372126,"remoteIdentityKey":"BTpOpwu/cR9sgj2PDel2KZCC0PNUmYtzTpxXIHZeAEgQ"},"_chains":{"BQP8Z8V96dkGzdnrOhA1uRetFX9/9DELKHPa5Gcc4UBT":{"chainKey":{"counter":2,"key":"zkacTTbaoVtFoLvM29DjaAIql09xZ432M3kGFnZjJcc="},"chainType":1,"messageKeys":{}}},"pendingPreKey":{"signedKeyId":17,"baseKey":"BRncQkGVL0Hz0W6eRLbVaEKPnMQHys0zyn03VZn52tk4","preKeyId":6685708}}},"version":"v1"}