{"_sessions":{"BXcJVIAJcxOKhKegYkdtKxYSzJz6Up5fSEGYErSnQD4D":{"registrationId":1709992800,"currentRatchet":{"ephemeralKeyPair":{"pubKey":"BQxAthpW9sq8rUcw80hHC3rGcgZpljSliPPRsgl8mfVw","privKey":"+H478zlnj9Wj619CPN2H7UqEHbt1EyWZi6rQKjGMhnk="},"lastRemoteEphemeralKey":"BYuywQEn4DlIMPKeQwp0BRTW5iylM+HFobv4pC5Snc4j","previousCounter":0,"rootKey":"wR+rPtUk5n459qL6LF34euIrL9QzZjpaodw+0F8wQUM="},"indexInfo":{"baseKey":"BXcJVIAJcxOKhKegYkdtKxYSzJz6Up5fSEGYErSnQD4D","baseKeyType":1,"closed":-1,"used":1748566373092,"created":1748566373092,"remoteIdentityKey":"Bd3bd+udBB+bc93b6j2/PbTm9TJkKG3igeKM+ZzS73My"},"_chains":{"BQxAthpW9sq8rUcw80hHC3rGcgZpljSliPPRsgl8mfVw":{"chainKey":{"counter":2,"key":"hM8DleBro8tFgxJKIE4Y3rLTG9Hpo7Yp0JhciFvxXRo="},"chainType":1,"messageKeys":{}}},"pendingPreKey":{"signedKeyId":15,"baseKey":"BXcJVIAJcxOKhKegYkdtKxYSzJz6Up5fSEGYErSnQD4D","preKeyId":1451287}}},"version":"v1"}