{"_sessions":{"BeNrq/6K9k88fb1gcZ/gk73KjLg5L9bppG6x2rI0wORE":{"registrationId":502915495,"currentRatchet":{"ephemeralKeyPair":{"pubKey":"BfJC7mDFOQVWtA8fkaAmLj/GICkkEK+1dXhcFnov0xk+","privKey":"2OJSChk0Tixut0jSO+QlavVNEeb+880J4ZfNYWK+QXY="},"lastRemoteEphemeralKey":"BW++DgAg94wr2FnwgLbcQCoqCreuedymINWs6BOoJnpC","previousCounter":0,"rootKey":"x3TjMB3dDOx/btCBvDTdvJ7mjS8nVwpw4NwfvkddK98="},"indexInfo":{"baseKey":"BeNrq/6K9k88fb1gcZ/gk73KjLg5L9bppG6x2rI0wORE","baseKeyType":1,"closed":-1,"used":1748567564198,"created":1748567564198,"remoteIdentityKey":"BRPXGDZipVrx7H9x8gx4YP9VA/1+NYyt4WujFWzQPAwr"},"_chains":{"BfJC7mDFOQVWtA8fkaAmLj/GICkkEK+1dXhcFnov0xk+":{"chainKey":{"counter":0,"key":"Esf7+oMaeSXTOZZtHXFxP2G7OM0UCUM5T7DDInd5pt8="},"chainType":1,"messageKeys":{}}},"pendingPreKey":{"signedKeyId":6,"baseKey":"BeNrq/6K9k88fb1gcZ/gk73KjLg5L9bppG6x2rI0wORE","preKeyId":8166082}}},"version":"v1"}