{"_sessions":{"BVLxFCKUEUkOBZSyFl1jKeF38pnGh9xfhJLlU1Iy/wRR":{"registrationId":483325314,"currentRatchet":{"ephemeralKeyPair":{"pubKey":"BQCL161hK/m2BYYoX29AcEYyuR5GU8jfxNDpDOH2L706","privKey":"2PfvhRPNUjofOOjp3DLBlWtUE7uVGbSdeToQq8yTAkc="},"lastRemoteEphemeralKey":"Bctb/HFpv/4Z2Rkf17AbFXPu3EFwcI3dBWYwhJ95zLw7","previousCounter":0,"rootKey":"Bbww/MMeW7jm8oK3clzhQWjsZW4Ayc9yo2uokQLjGEY="},"indexInfo":{"baseKey":"BVLxFCKUEUkOBZSyFl1jKeF38pnGh9xfhJLlU1Iy/wRR","baseKeyType":1,"closed":-1,"used":1748566372489,"created":1748566372489,"remoteIdentityKey":"BZQwfYep3OHim0lFBMfwGathaU/rKIptdudUQOkYV60F"},"_chains":{"BQCL161hK/m2BYYoX29AcEYyuR5GU8jfxNDpDOH2L706":{"chainKey":{"counter":2,"key":"goaq3D+gfdXjtyvPYEJpnH3atqUxEthi7FjtvQot0C8="},"chainType":1,"messageKeys":{}}},"pendingPreKey":{"signedKeyId":3,"baseKey":"BVLxFCKUEUkOBZSyFl1jKeF38pnGh9xfhJLlU1Iy/wRR","preKeyId":4392513}}},"version":"v1"}