{"_sessions":{"BVR1YNdSC5gH2xIHt/Ih1MdjPLgz8Rrj50KzILcIHohW":{"registrationId":577160747,"currentRatchet":{"ephemeralKeyPair":{"pubKey":"BXYSjMYzcjWsYk9zhJTeuw0K9LqTEh69J6cAO1Itl5J3","privKey":"+CnaDw7VWJyaisPcsafWPpm8v/P5+ZKKEB9gZlaFVX0="},"lastRemoteEphemeralKey":"BeNHmsYlhIahN7Jj78bTeedKtaorvfXNdTP+0EJGD8wt","previousCounter":0,"rootKey":"psgFDrpKNgjRgNrEufasnjOmTg42hxT/Wc3o668qsG0="},"indexInfo":{"baseKey":"BVR1YNdSC5gH2xIHt/Ih1MdjPLgz8Rrj50KzILcIHohW","baseKeyType":1,"closed":-1,"used":1748566372944,"created":1748566372944,"remoteIdentityKey":"BSvgYsSiQcx0Fvh0cn32KF8hxMMm62sUn5uQpiw+5ABI"},"_chains":{"BXYSjMYzcjWsYk9zhJTeuw0K9LqTEh69J6cAO1Itl5J3":{"chainKey":{"counter":2,"key":"9hoLUq79Hf/y0d0p2faLzNqWKcVicccv1vgvqEzrTnI="},"chainType":1,"messageKeys":{}}},"pendingPreKey":{"signedKeyId":14,"baseKey":"BVR1YNdSC5gH2xIHt/Ih1MdjPLgz8Rrj50KzILcIHohW","preKeyId":11068842}}},"version":"v1"}