{"_sessions":{"BULO/+uD29w6jJZGszWFLpEbJCFOLF1uTOwYn0lYnb58":{"registrationId":172157888,"currentRatchet":{"ephemeralKeyPair":{"pubKey":"Bc/MiFbt4wYgzg2rRysMXm9CZHkZ+w52omphDv5iQHxL","privKey":"GFxt4VA9vu0iduLsvXzedudHiWevSPlPZhmTGe/zeFw="},"lastRemoteEphemeralKey":"BTIhizgEvGO3+M8bL/lJu8r8aPE1oHJDT2Nik36QB1x5","previousCounter":0,"rootKey":"uUesKchC3sqcMpXXOuvpFz1wVBi84DV0L3fprFe2mPU="},"indexInfo":{"baseKey":"BULO/+uD29w6jJZGszWFLpEbJCFOLF1uTOwYn0lYnb58","baseKeyType":1,"closed":-1,"used":1748566373530,"created":1748566373530,"remoteIdentityKey":"BYQBWob3WVq94ZVqkoLXxIl0YWcyHrjitP+kf9PwG5wY"},"_chains":{"Bc/MiFbt4wYgzg2rRysMXm9CZHkZ+w52omphDv5iQHxL":{"chainKey":{"counter":2,"key":"7T/UnD9uX+Gg8DJiobixJuPi/w2AMBuTMg2iRydFMa8="},"chainType":1,"messageKeys":{}}},"pendingPreKey":{"signedKeyId":14,"baseKey":"BULO/+uD29w6jJZGszWFLpEbJCFOLF1uTOwYn0lYnb58","preKeyId":9833896}}},"version":"v1"}