{"_sessions":{"BfSBACexLqk8/5AjhWt/Z48qwcdsmmuL6GQCR9yxTj9v":{"registrationId":1938021098,"currentRatchet":{"ephemeralKeyPair":{"pubKey":"BfEiZ8s45+rRBVZfJBa3OTP09QMwzeuxLfTc3ADN7M8u","privKey":"yAN9LrIK2Dgswj8OyOWKOjHtq/htL1/F9Wp/OgquIVc="},"lastRemoteEphemeralKey":"Bc8fSeVUx/7tsvUOQwxJXmSG04kUzUImm6vY4ta/BuQF","previousCounter":0,"rootKey":"U3oqLsDwuMR6xMtvprjyWXFbdKjAbru/WMqw4CCE8co="},"indexInfo":{"baseKey":"BfSBACexLqk8/5AjhWt/Z48qwcdsmmuL6GQCR9yxTj9v","baseKeyType":1,"closed":-1,"used":1748567564406,"created":1748567564406,"remoteIdentityKey":"BdGYhAerM2uYUh6+VeCtP2CzqTXZjGEQThKxSraTPS9O"},"_chains":{"BfEiZ8s45+rRBVZfJBa3OTP09QMwzeuxLfTc3ADN7M8u":{"chainKey":{"counter":0,"key":"etOtJG716lX2CdqIAFoZlufrIvrVhVa+kj0Qxz1lCmw="},"chainType":1,"messageKeys":{}}},"pendingPreKey":{"signedKeyId":4,"baseKey":"BfSBACexLqk8/5AjhWt/Z48qwcdsmmuL6GQCR9yxTj9v"}}},"version":"v1"}