{"_sessions":{"BR7VHiaws7+HOSQexyutlqoD+lX8uvEWk6C62DmfvY8A":{"registrationId":407462313,"currentRatchet":{"ephemeralKeyPair":{"pubKey":"BSx+h6pvPpB5E6L4+PNzkrSRB+zCnKUDw3+xvbfk1eAC","privKey":"aPkkNk3+jYmoZtRrauKFykQrygC6/oioNkuyP6bGg3c="},"lastRemoteEphemeralKey":"BR60GwX9L3xy3d8JfXpCt8Mviq1nXYw6VvKzsjjJWOoK","previousCounter":0,"rootKey":"yi2A0/df3BC4nd+UXW3zss08W4O0D9u2VvxnlvLvRtc="},"indexInfo":{"baseKey":"BR7VHiaws7+HOSQexyutlqoD+lX8uvEWk6C62DmfvY8A","baseKeyType":1,"closed":-1,"used":1748566372262,"created":1748566372262,"remoteIdentityKey":"BcUVKTiHpSpQSObbgLoR7zoxs7vJ9i/tR0leNgVz5Rgv"},"_chains":{"BSx+h6pvPpB5E6L4+PNzkrSRB+zCnKUDw3+xvbfk1eAC":{"chainKey":{"counter":2,"key":"g/b9chA8czKucVdETSkB+Iq/Ey4O695Boery0LQxEaQ="},"chainType":1,"messageKeys":{}}},"pendingPreKey":{"signedKeyId":11605085,"baseKey":"BR7VHiaws7+HOSQexyutlqoD+lX8uvEWk6C62DmfvY8A"}}},"version":"v1"}