{"_sessions":{"BeGbO/yMI06tGLQI/Kd5uMz1PeB7CdBS52qCxKPkX4Z8":{"registrationId":643995795,"currentRatchet":{"ephemeralKeyPair":{"pubKey":"BT66dWbD6Y2DTjKvfC4PnxknuRejCtQS1m7a47bH6RAd","privKey":"yAuI6A6Me1hk84gI20eBabFQvPVHfMXBL7+aHG/tp3E="},"lastRemoteEphemeralKey":"BSgcWmMQAIs9gNIP8cfm9comFuuYfJ/f7lik3WwSYoEI","previousCounter":0,"rootKey":"r+iDTMwkAMaUQr19E9zoCQyig0TACylcSzWOM7Vrnj8="},"indexInfo":{"baseKey":"BeGbO/yMI06tGLQI/Kd5uMz1PeB7CdBS52qCxKPkX4Z8","baseKeyType":1,"closed":-1,"used":1748566372823,"created":1748566372823,"remoteIdentityKey":"BYhGboMPDHnw7gkXpuFLh4lXfgf+TWgMbJTdJ7T2os8s"},"_chains":{"BT66dWbD6Y2DTjKvfC4PnxknuRejCtQS1m7a47bH6RAd":{"chainKey":{"counter":2,"key":"e8QpsGWlm6hwyiY65zbtEaRpf6Fi9V/ju4YuqWqbjms="},"chainType":1,"messageKeys":{}}},"pendingPreKey":{"signedKeyId":2,"baseKey":"BeGbO/yMI06tGLQI/Kd5uMz1PeB7CdBS52qCxKPkX4Z8","preKeyId":15038960}}},"version":"v1"}