{"_sessions":{"BaV2QMWEjfhoA86Ayo6WuZ7j2rEmVSCJnAsJFesCZJ9l":{"registrationId":1230658247,"currentRatchet":{"ephemeralKeyPair":{"pubKey":"BTbTqanXYnXmZV5AY/DW2DAui9asas9KVURqAdDjb687","privKey":"WCUXuMXU4g7VZEoutm5gU76FVnfF5RDeEdNGMEOs6Us="},"lastRemoteEphemeralKey":"BS45VGk7338Gq3/1uVloIllvfJ28PmjZR6o7u05B+CMn","previousCounter":0,"rootKey":"6H0p0JLOe+n6Y4+BXrf7mgWvQJgVk0TJPFbE3r05WQs="},"indexInfo":{"baseKey":"BaV2QMWEjfhoA86Ayo6WuZ7j2rEmVSCJnAsJFesCZJ9l","baseKeyType":1,"closed":-1,"used":1748567564660,"created":1748567564660,"remoteIdentityKey":"BROGYl+osliEks8FAjxnQEnoNtsTYe98sJyGQCh1eW1O"},"_chains":{"BTbTqanXYnXmZV5AY/DW2DAui9asas9KVURqAdDjb687":{"chainKey":{"counter":0,"key":"Y6BGdAYhNtY1F2qmGq/EwIVmuAMo+ODP9j/mVSBOrFw="},"chainType":1,"messageKeys":{}}},"pendingPreKey":{"signedKeyId":7990783,"baseKey":"BaV2QMWEjfhoA86Ayo6WuZ7j2rEmVSCJnAsJFesCZJ9l"}}},"version":"v1"}