{"_sessions":{"Bb1iB3Ivx+uXJwmSQg5m3NFWUTWwvSGlASytVpub7Bp6":{"registrationId":1597212359,"currentRatchet":{"ephemeralKeyPair":{"pubKey":"Bf6dCMx3sIFKcxYiET5OGx+UK2FHO81TNNNHjtQcHs14","privKey":"MLpXOw8BWXxxnZzp3lf9gC0g35WAQ8lU3DSfGCaAPlw="},"lastRemoteEphemeralKey":"BZ3z1rzpMIg3KPrgHwxofFcaSYpQ1TA5XLeofgfbpvAC","previousCounter":0,"rootKey":"9GU4EhT6KayXbS9k667intGsmNY23SCCd+uAxThm3kE="},"indexInfo":{"baseKey":"Bb1iB3Ivx+uXJwmSQg5m3NFWUTWwvSGlASytVpub7Bp6","baseKeyType":1,"closed":-1,"used":1748566373103,"created":1748566373103,"remoteIdentityKey":"BTZo7VUtfY8wFONVvnW6n8M2DeBfR2yVvcTXAKyPs8NT"},"_chains":{"Bf6dCMx3sIFKcxYiET5OGx+UK2FHO81TNNNHjtQcHs14":{"chainKey":{"counter":2,"key":"qFunWHyU2Hy66JG74k2DS5hWp2O0usJqUUCNf8LYNIA="},"chainType":1,"messageKeys":{}}},"pendingPreKey":{"signedKeyId":5,"baseKey":"Bb1iB3Ivx+uXJwmSQg5m3NFWUTWwvSGlASytVpub7Bp6","preKeyId":710981}}},"version":"v1"}