{"_sessions":{"BfPOHGK9FRfx8BEeXzQukr+NhpAXfvUcBgQNghYkPb1o":{"registrationId":1720458207,"currentRatchet":{"ephemeralKeyPair":{"pubKey":"BbhjbeKaonfHHeB69Yt5ly8HD22Tlup0AihQ10nnuTZ8","privKey":"8La1r8rfTN0qxjGhe1HEE6dEPQ+e3aKJe152nl+sB1E="},"lastRemoteEphemeralKey":"Bd3Teplo2lzxUxJ0IYnA1S/4whM6QsyFAqbaQ7lH0QQY","previousCounter":0,"rootKey":"diSXs9AEO1Y4TD7t+dkXUuw+WDSu6GlyHHJ13nqSrEc="},"indexInfo":{"baseKey":"BfPOHGK9FRfx8BEeXzQukr+NhpAXfvUcBgQNghYkPb1o","baseKeyType":1,"closed":-1,"used":1748567564356,"created":1748567564356,"remoteIdentityKey":"BRVQoiVO7i/tdzXGxfhoPKlNV8OuxRkvmgTNMYDp3NxJ"},"_chains":{"BbhjbeKaonfHHeB69Yt5ly8HD22Tlup0AihQ10nnuTZ8":{"chainKey":{"counter":0,"key":"tY2Hm7CUaW4rc6RAMo1SpwbwM3o5M43obkMf8XwfKpM="},"chainType":1,"messageKeys":{}}},"pendingPreKey":{"signedKeyId":13,"baseKey":"BfPOHGK9FRfx8BEeXzQukr+NhpAXfvUcBgQNghYkPb1o","preKeyId":4289662}}},"version":"v1"}