{"_sessions":{"BU363tbnj+o5O0V/j++4JDmtWYFVVK1j0WA3sQenG90n":{"registrationId":562924101,"currentRatchet":{"ephemeralKeyPair":{"pubKey":"BVvzrQfGJdf8zpnBLLHG7sNFi15n9M3O4794uH2i5uds","privKey":"2J21FziYZiZYMhENmpMnUCugMD/tIXmaQeo+6P4bVnQ="},"lastRemoteEphemeralKey":"BbwibKAMn85/4HBy6enYL/EqV5H2bgjKGQMNAfy2vIRs","previousCounter":0,"rootKey":"BcDbDi2MG5NYYm1YsEKMRJv3jlbWCP6iAFu0Y3u37Ks="},"indexInfo":{"baseKey":"BU363tbnj+o5O0V/j++4JDmtWYFVVK1j0WA3sQenG90n","baseKeyType":1,"closed":-1,"used":1748566373562,"created":1748566373562,"remoteIdentityKey":"BXkGLYn6FODzV21xi/EYW4N7Gf/OipeOtLFiFB3LCt1c"},"_chains":{"BVvzrQfGJdf8zpnBLLHG7sNFi15n9M3O4794uH2i5uds":{"chainKey":{"counter":2,"key":"Y0YGvehdJNo6uP7gNnhM0bBczKmHp/00LQc4Cf+01dU="},"chainType":1,"messageKeys":{}}},"pendingPreKey":{"signedKeyId":11,"baseKey":"BU363tbnj+o5O0V/j++4JDmtWYFVVK1j0WA3sQenG90n","preKeyId":253366}}},"version":"v1"}