{"_sessions":{"BWitghTIByUBymAa+DRC1qKEECNiwdRkHk78jTwV1LN3":{"registrationId":313814444,"currentRatchet":{"ephemeralKeyPair":{"pubKey":"BSs7uHGiSe/xM4czchJOYN0Ky5HPOqwZm4c9bzul5KAh","privKey":"GFuX/olO2C91Vf60AUGRvlxypIj6QauYXKgwAuGoi2o="},"lastRemoteEphemeralKey":"BUmMT2dC8YVSep/0+CYhpVuhvjAb7zWVLb5YL3bUJfhQ","previousCounter":0,"rootKey":"mMnWkldBeVAd89bqkcmSHx2mgVNJ85VVWg/r5sNG5mk="},"indexInfo":{"baseKey":"BWitghTIByUBymAa+DRC1qKEECNiwdRkHk78jTwV1LN3","baseKeyType":1,"closed":-1,"used":1748566372955,"created":1748566372955,"remoteIdentityKey":"BeJ8/vk1CHUkeu3dvKWFcelIxArgRfmiANsJb501ll0b"},"_chains":{"BSs7uHGiSe/xM4czchJOYN0Ky5HPOqwZm4c9bzul5KAh":{"chainKey":{"counter":2,"key":"B2wQTeS7kLJAzMmgRzIVVbkTFWAnQGMM3F9CDQRTg6w="},"chainType":1,"messageKeys":{}}},"pendingPreKey":{"signedKeyId":0,"baseKey":"BWitghTIByUBymAa+DRC1qKEECNiwdRkHk78jTwV1LN3"}}},"version":"v1"}