{"_sessions":{"BZYAA69bxwesREhWcgMNDkCYDZQfse6D8ceVQvaBQbxD":{"registrationId":10772,"currentRatchet":{"ephemeralKeyPair":{"pubKey":"BRSHOfdSVdkQacPApKN9K+P3kc//QVSiftTHTw3cf15W","privKey":"EO7rN0bsgQKipczoVavZsAoFDcB249YTD5tP9wGzgkg="},"lastRemoteEphemeralKey":"BdEO6NKSwfkniD7sMmz+lJJM20cft2aX3ssYLM1wupEH","previousCounter":0,"rootKey":"tagHbTcMBaUkJ6NvGI7r3d3Q3FbtFIDG+4AcDLa6rFg="},"indexInfo":{"baseKey":"BZYAA69bxwesREhWcgMNDkCYDZQfse6D8ceVQvaBQbxD","baseKeyType":1,"closed":-1,"used":1748567563796,"created":1748567563796,"remoteIdentityKey":"BUk2wofgc23UaWPh1UX1LMZE3mRq8tSAv6sl7gb59d1P"},"_chains":{"BRSHOfdSVdkQacPApKN9K+P3kc//QVSiftTHTw3cf15W":{"chainKey":{"counter":0,"key":"1ZLDS5sPyBbMUP9uzUoLUe0rz10o7aQXfW8W9xfH7N4="},"chainType":1,"messageKeys":{}}},"pendingPreKey":{"signedKeyId":1,"baseKey":"BZYAA69bxwesREhWcgMNDkCYDZQfse6D8ceVQvaBQbxD"}}},"version":"v1"}