{"_sessions":{"BTxLxkniAJ+PyNWKH35t3ZJRM+3XpDV+Zul9A36mWckZ":{"registrationId":2671048743,"currentRatchet":{"ephemeralKeyPair":{"pubKey":"BaKopj88eE+9cqYxhi0HR7ZSUokd3bvxKWfZk81XA41B","privKey":"cMOeK8bpDvWzLoa0qjl47979SIWSHfwHick6H0i9v3g="},"lastRemoteEphemeralKey":"BVFup23KRc8z9s1lAWwjgAyT8lnHw9CA99wOmLbYqj1N","previousCounter":0,"rootKey":"Ggi5gK4DtTNthjvHXXKjCGV0/kDJx/j3YvY8JxNUTpE="},"indexInfo":{"baseKey":"BTxLxkniAJ+PyNWKH35t3ZJRM+3XpDV+Zul9A36mWckZ","baseKeyType":1,"closed":-1,"used":1748566372010,"created":1748566372010,"remoteIdentityKey":"BeT0o3s5gOlXpk6q+MQLHKBoSWEA74awB3rbR5Gpj+0j"},"_chains":{"BaKopj88eE+9cqYxhi0HR7ZSUokd3bvxKWfZk81XA41B":{"chainKey":{"counter":2,"key":"/ZbMwQS36IvI4Ps3KIRfZqdQuThsZZO5RLKwU5k/xq8="},"chainType":1,"messageKeys":{}}},"pendingPreKey":{"signedKeyId":0,"baseKey":"BTxLxkniAJ+PyNWKH35t3ZJRM+3XpDV+Zul9A36mWckZ"}}},"version":"v1"}