{"_sessions":{"BcpLt9DUw8kaiHYfkbtwwmyod3qb4DY3HZRp3Mf8RcUr":{"registrationId":1350145669,"currentRatchet":{"ephemeralKeyPair":{"pubKey":"BQcmWvjoqWdmP/tq7d5bJGc5Im30a+40NEylyaIuxFk4","privKey":"WH10dsfc/To6vbiQ6VM+ykCpkx/iqqoLuwSePqsERkI="},"lastRemoteEphemeralKey":"BTfXwpUP5bN7wSmeLxDXEVu1Z9Dk9x+3mQsK1B9O1itd","previousCounter":0,"rootKey":"2+N9JqmeVD5nbPtztAQNwqpMkmbUZtj624MWC8WAgR4="},"indexInfo":{"baseKey":"BcpLt9DUw8kaiHYfkbtwwmyod3qb4DY3HZRp3Mf8RcUr","baseKeyType":1,"closed":-1,"used":1748566373030,"created":1748566373030,"remoteIdentityKey":"BVFvGxX2lmXB0/fMaYLHlRnDej8cK/P5zyoZvd3JtJ92"},"_chains":{"BQcmWvjoqWdmP/tq7d5bJGc5Im30a+40NEylyaIuxFk4":{"chainKey":{"counter":2,"key":"5EgfRNaNegX5Bvvmf3y4zJ/1EdcKcBzugQGpsKpleAk="},"chainType":1,"messageKeys":{}}},"pendingPreKey":{"signedKeyId":2,"baseKey":"BcpLt9DUw8kaiHYfkbtwwmyod3qb4DY3HZRp3Mf8RcUr","preKeyId":2648592}}},"version":"v1"}