{"_sessions":{"BRWZ96aCxt1vgwkQK9zsxfssZttkuKApmOqO+l8jC45p":{"registrationId":858259403,"currentRatchet":{"ephemeralKeyPair":{"pubKey":"BYnjCwLNZj/DKBeBgW6NKZQGakvR6F2TdVSqyD8nd8Q/","privKey":"+D8ArQMv3FbQQw3rAWvVienHRxj2MI/5sxp3c/mjKW8="},"lastRemoteEphemeralKey":"BeRB5tSBgd4hbmtAzGt8XLfmraFH4tBJCaiu1vH5f+FZ","previousCounter":0,"rootKey":"O7FZQWrrCt8NAGDqUiE63+I4Go0Z7mD7EEAktjnmDeU="},"indexInfo":{"baseKey":"BRWZ96aCxt1vgwkQK9zsxfssZttkuKApmOqO+l8jC45p","baseKeyType":1,"closed":-1,"used":1748566373109,"created":1748566373109,"remoteIdentityKey":"BdZRqf7Opexitu2tW+gEZx1/Fi2EPjBlmAVCOGrRtgRW"},"_chains":{"BYnjCwLNZj/DKBeBgW6NKZQGakvR6F2TdVSqyD8nd8Q/":{"chainKey":{"counter":2,"key":"QXhZcgB94Pr28CbxQ12kmFiHbI/MIxzYDKYfBrfRhR4="},"chainType":1,"messageKeys":{}}},"pendingPreKey":{"signedKeyId":6,"baseKey":"BRWZ96aCxt1vgwkQK9zsxfssZttkuKApmOqO+l8jC45p","preKeyId":1713446}}},"version":"v1"}