{"_sessions":{"BZoUVA9WHpfvk2I01z9G17m5tu3Sb9gsf6O1NhSNaRZT":{"registrationId":173437581,"currentRatchet":{"ephemeralKeyPair":{"pubKey":"BTBqBGHNNgJLHZYEKhc4gR18i9y00IWaDd3Xl6yNsxI7","privKey":"UNHOI6M++gjVY52QMf/OQSJ5BJM2RTCrNsPhgILWvkY="},"lastRemoteEphemeralKey":"BTifg3FZLGzUUVA68JUsWYv/dKAxXcag1Dfq0MSxcxou","previousCounter":0,"rootKey":"SSi7rhCUjWVP9qUr7YvZbIy1D8UlaH2+nZLh/0wKDQo="},"indexInfo":{"baseKey":"BZoUVA9WHpfvk2I01z9G17m5tu3Sb9gsf6O1NhSNaRZT","baseKeyType":1,"closed":-1,"used":1748566372667,"created":1748566372667,"remoteIdentityKey":"BW1Lr5F03pbxdBDnuEeBxq/giZBXkjnPcJxrKpp+YlRP"},"_chains":{"BTBqBGHNNgJLHZYEKhc4gR18i9y00IWaDd3Xl6yNsxI7":{"chainKey":{"counter":2,"key":"Q4oQ9WznUYzc1Hsk4WDfnh+45tY2l6tyFsmj7fPPptY="},"chainType":1,"messageKeys":{}}},"pendingPreKey":{"signedKeyId":0,"baseKey":"BZoUVA9WHpfvk2I01z9G17m5tu3Sb9gsf6O1NhSNaRZT","preKeyId":5773835}}},"version":"v1"}