{"_sessions":{"BUznLOPTUqvhQmnCwYYSGHJRpfTkv6daO9dvgazAXgsG":{"registrationId":2061924948,"currentRatchet":{"ephemeralKeyPair":{"pubKey":"BaoKdWNIeey0qs1DM/WqXVLm6slhcaci1g7sEqUu2f0+","privKey":"2IokLEmyPfVD2hu4iCVnMcAGDzY1BRaWUrt5fzNMhVI="},"lastRemoteEphemeralKey":"BVPODl5jx0pnypH9tmM4cYFcoQC4dW+v/70RDY4qQl9h","previousCounter":0,"rootKey":"q8wjitu/QX+KyORcJPJI+USwawHTMAMRL2iCXDSPunE="},"indexInfo":{"baseKey":"BUznLOPTUqvhQmnCwYYSGHJRpfTkv6daO9dvgazAXgsG","baseKeyType":1,"closed":-1,"used":1748566372164,"created":1748566372164,"remoteIdentityKey":"BVHVq6Tvus/t4acdhLnXT+3J8AA3jjdA5oFidwI8PI1N"},"_chains":{"BaoKdWNIeey0qs1DM/WqXVLm6slhcaci1g7sEqUu2f0+":{"chainKey":{"counter":2,"key":"A98eMsLB1k4Rfa7Y9sSLo42/3Ow+xuEbKaHJg+dCgRY="},"chainType":1,"messageKeys":{}}},"pendingPreKey":{"signedKeyId":1,"baseKey":"BUznLOPTUqvhQmnCwYYSGHJRpfTkv6daO9dvgazAXgsG","preKeyId":13670880}}},"version":"v1"}