{"_sessions":{"BVX4UTF9YglPn9FEAf+KmARgBlVaAxUXMtamOL3Oi70R":{"registrationId":820000311,"currentRatchet":{"ephemeralKeyPair":{"pubKey":"BfglOVIEQmzbcl1BmCk7yyuu6nb212sg6tvjG8I2Q09Y","privKey":"cHPTd4OWRw+3eA3R5Jy0LPVEFPwosJTiHTckc9tNhWY="},"lastRemoteEphemeralKey":"Bdtmq5yxSu4bcaMKcjfEu9AEy9muS0d5iLTMDsQBIT5S","previousCounter":0,"rootKey":"cob3OL7g3d+GYqjrf8HzdK+7Qz/78eyqECz991A+0mg="},"indexInfo":{"baseKey":"BVX4UTF9YglPn9FEAf+KmARgBlVaAxUXMtamOL3Oi70R","baseKeyType":1,"closed":-1,"used":1748567564742,"created":1748567564742,"remoteIdentityKey":"BcI+2DsMQ9IL7YtTInCeAvMEaUFyE4PY4+BAmtKfdKQ9"},"_chains":{"BfglOVIEQmzbcl1BmCk7yyuu6nb212sg6tvjG8I2Q09Y":{"chainKey":{"counter":0,"key":"PYJ3kIsiEHL+sxmjO9wN9JLyw+O/pZLWHMRP/bZDSFY="},"chainType":1,"messageKeys":{}}},"pendingPreKey":{"signedKeyId":4,"baseKey":"BVX4UTF9YglPn9FEAf+KmARgBlVaAxUXMtamOL3Oi70R","preKeyId":15336378}}},"version":"v1"}