{"_sessions":{"Be2tuuHQhf6taMVGF2Noz9ex8kdD/WK3Z46H4a9YSgJn":{"registrationId":2047082040,"currentRatchet":{"ephemeralKeyPair":{"pubKey":"Bdue37hyjKtYwFlgZod8yRyUzzRXmX+0V2/09OTEIt4M","privKey":"aBqq+XxmPhYvd5uiEodgPIABiSusJh0ftrY7phdvHmY="},"lastRemoteEphemeralKey":"BdS6zx/2pAfiC7wo1E4IOpypFDk/ddwzWrtYhZOXskwa","previousCounter":0,"rootKey":"CBRhTAS7rWl2/ttkNtOBZXny6Nb7Htn2QnVBlHensAM="},"indexInfo":{"baseKey":"Be2tuuHQhf6taMVGF2Noz9ex8kdD/WK3Z46H4a9YSgJn","baseKeyType":1,"closed":-1,"used":1748567564605,"created":1748567564605,"remoteIdentityKey":"BXYtewP9WUsGExDh57QNp8PBD6rk2dx4+73nnO8PR2xS"},"_chains":{"Bdue37hyjKtYwFlgZod8yRyUzzRXmX+0V2/09OTEIt4M":{"chainKey":{"counter":0,"key":"MNVA3lujPe37aVlfartAmU3xgzopCOsI9KtQZxXYjkU="},"chainType":1,"messageKeys":{}}},"pendingPreKey":{"signedKeyId":0,"baseKey":"Be2tuuHQhf6taMVGF2Noz9ex8kdD/WK3Z46H4a9YSgJn","preKeyId":15164755}}},"version":"v1"}