{"_sessions":{"Bd+CFHbx/bpXZqSB80idxNeLWGI5kDLmA8KVo7Qrtkhx":{"registrationId":3187,"currentRatchet":{"ephemeralKeyPair":{"pubKey":"BaHcu+M++Jsr3j5bUARJKgqex5LJI6/mOTJ8/5WIw+AO","privKey":"aCYsdd1yODUCKQk7qU44k06Be/EsMX7zlDlO04hz02M="},"lastRemoteEphemeralKey":"BagF4F1h+wO+t92eIiuBCnCO2AkdcP7yfZUv3+VF7L5Z","previousCounter":0,"rootKey":"00vgTNQydAsyQuyffAUjBrDd2DXIGxe1tVsxnnxltSE="},"indexInfo":{"baseKey":"Bd+CFHbx/bpXZqSB80idxNeLWGI5kDLmA8KVo7Qrtkhx","baseKeyType":1,"closed":-1,"used":1748566371742,"created":1748566371742,"remoteIdentityKey":"BW12ENI1+0aUosHkVC+MCvy1tqZS++Pc2D33UjhYR2Ai"},"_chains":{"BaHcu+M++Jsr3j5bUARJKgqex5LJI6/mOTJ8/5WIw+AO":{"chainKey":{"counter":2,"key":"+ob6+MjRxAhVIvYU40edF4FC59t85g4WeFUomATHT5A="},"chainType":1,"messageKeys":{}}},"pendingPreKey":{"signedKeyId":1,"baseKey":"Bd+CFHbx/bpXZqSB80idxNeLWGI5kDLmA8KVo7Qrtkhx"}}},"version":"v1"}