{"_sessions":{"BS5O0LvDRCP3e0vF1KPvF3Q1SQySHc6wMhEpL5MIMuBa":{"registrationId":276777637,"currentRatchet":{"ephemeralKeyPair":{"pubKey":"BXD4vJa3HVIWOy24EDyOERByYzjR5UrJmLS6hlvlTb8n","privKey":"0BH8LbYMxixfH/LFJ5SCL9JKp81te7JvsN4x7izy33U="},"lastRemoteEphemeralKey":"BVPrmMV5TtiipUUrTivgisEAKpCKZ6cYP7E50zku/JBp","previousCounter":0,"rootKey":"B4+Lc9PbjaVjgcWXIqVWP+mA72Pixt58RIIEF5b1uB0="},"indexInfo":{"baseKey":"BS5O0LvDRCP3e0vF1KPvF3Q1SQySHc6wMhEpL5MIMuBa","baseKeyType":1,"closed":-1,"used":1748566372245,"created":1748566372245,"remoteIdentityKey":"Benv26r/nwdrrOyCrg7OLPoOX4N2zEAqgonwzWgGL1Yx"},"_chains":{"BXD4vJa3HVIWOy24EDyOERByYzjR5UrJmLS6hlvlTb8n":{"chainKey":{"counter":2,"key":"hyQCfWrCWSpOePXCyTTPrifZLd29B2dWqfXGvPMcfyg="},"chainType":1,"messageKeys":{}}},"pendingPreKey":{"signedKeyId":10,"baseKey":"BS5O0LvDRCP3e0vF1KPvF3Q1SQySHc6wMhEpL5MIMuBa"}}},"version":"v1"}