{"_sessions":{"BVKqV761yQ9euzMV/q354PqOnZRvjq2wqQbE63qOHfEa":{"registrationId":276776476,"currentRatchet":{"ephemeralKeyPair":{"pubKey":"Bbui70/KcAYWwCxIEUJ2GaOMiowatQyogIomzfVmfOF7","privKey":"ME3nuW7DH+0g5PvCVNH+x4j8hDpDnQPZT5eavdDI8Wk="},"lastRemoteEphemeralKey":"BWf0DthIUYyNXoIu9s1t54s2UMZU221nsQ5l5WOLSvMu","previousCounter":0,"rootKey":"7OG03ZzcdR0lwbv+n0qXF9l8uiMcmoYU1obtGGTicuY="},"indexInfo":{"baseKey":"BVKqV761yQ9euzMV/q354PqOnZRvjq2wqQbE63qOHfEa","baseKeyType":1,"closed":-1,"used":1748566373152,"created":1748566373152,"remoteIdentityKey":"BZy8vO2lHDNWCAc+r9OU/Lxs0WmXntDuhySoISHYJfBv"},"_chains":{"Bbui70/KcAYWwCxIEUJ2GaOMiowatQyogIomzfVmfOF7":{"chainKey":{"counter":2,"key":"BIQgWCcHYM55T4aQGCW/WbwaYbQP/T27ghpDFVvFSOI="},"chainType":1,"messageKeys":{}}},"pendingPreKey":{"signedKeyId":0,"baseKey":"BVKqV761yQ9euzMV/q354PqOnZRvjq2wqQbE63qOHfEa","preKeyId":12071124}}},"version":"v1"}