{"_sessions":{"BQSTpjh25cD6ufJmlqzRhTRE9NeEhNxAIVk4hX1zhA48":{"registrationId":8872,"currentRatchet":{"ephemeralKeyPair":{"pubKey":"BYyH7exWVj06k/ghStNFSzctx3d+hOcWU37RT7H3Ju8S","privKey":"WF5rJkSd6tkHsiFT5bAgVc5jB0HLXyT3W1YKbNZecGw="},"lastRemoteEphemeralKey":"BbDzwnOt7glj4Ht0dMl9egVF/AZ2KtzlAicv3qxLaSEF","previousCounter":0,"rootKey":"TZwR9OP+bpmZvqKqQlFH1HbucUsO1oblrz/EawdgpUs="},"indexInfo":{"baseKey":"BQSTpjh25cD6ufJmlqzRhTRE9NeEhNxAIVk4hX1zhA48","baseKeyType":1,"closed":-1,"used":1748567563802,"created":1748567563802,"remoteIdentityKey":"BQ8TkT8HccRXnUwzlvcIwpcuI8DtScDeXi8nAvFHWtBL"},"_chains":{"BYyH7exWVj06k/ghStNFSzctx3d+hOcWU37RT7H3Ju8S":{"chainKey":{"counter":0,"key":"kp5Gq3Y7RfS2PDKmeAh4p4dsQ6/BZpAlFn5iHre+nBc="},"chainType":1,"messageKeys":{}}},"pendingPreKey":{"signedKeyId":1,"baseKey":"BQSTpjh25cD6ufJmlqzRhTRE9NeEhNxAIVk4hX1zhA48","preKeyId":268}}},"version":"v1"}