{"_sessions":{"BTojPZeVdrBWeT8IsycJ39dzHbBJPUV6/bP3q2RX7rMM":{"registrationId":1763606833,"currentRatchet":{"ephemeralKeyPair":{"pubKey":"BbXOqCBBFz8XC6Gbjg1xUlKacg0IfhdOEK8vCFz+ET4k","privKey":"mHXck/t5M5vTb6AzoCvg4LhgT3k7Dwf6bzRUZ20AZWw="},"lastRemoteEphemeralKey":"Ba3ITXClpucGbjMfANniolGTty5+MKjKao9xNTUiZOIj","previousCounter":0,"rootKey":"ILzGD2HxSCFP/CgrerW+STGATMKegGZpCPlFFkXeiNs="},"indexInfo":{"baseKey":"BTojPZeVdrBWeT8IsycJ39dzHbBJPUV6/bP3q2RX7rMM","baseKeyType":1,"closed":-1,"used":1748567564521,"created":1748567564521,"remoteIdentityKey":"BYPd8sVnLRD07urA4tgMtdZgdm2gXoq4N7xSwqEIOtRB"},"_chains":{"BbXOqCBBFz8XC6Gbjg1xUlKacg0IfhdOEK8vCFz+ET4k":{"chainKey":{"counter":0,"key":"dSBDhJeESVi4yL8l5KIwR6k1BPtCIRp6/pCpEKGNGhk="},"chainType":1,"messageKeys":{}}},"pendingPreKey":{"signedKeyId":0,"baseKey":"BTojPZeVdrBWeT8IsycJ39dzHbBJPUV6/bP3q2RX7rMM","preKeyId":6502803}}},"version":"v1"}