{"_sessions":{"Bb/DUn4bm+5EBFAP8+A1OeAOXMdXYCWfNaSUZHAKQO4z":{"registrationId":563565739,"currentRatchet":{"ephemeralKeyPair":{"pubKey":"BbR9sk5Th8AqiPR7T5Bhezo6zo3PZRzRSI0jVJ4MPLJl","privKey":"ILZaverodxAJ2Kw2SKbCKlNudX4iEOAToix/z9b6oXk="},"lastRemoteEphemeralKey":"BSij6a2edvaBGDKoKF9xFO8NAGCH3Orx/CRBCH6zrypX","previousCounter":0,"rootKey":"3iE9vyfEaqPyInPG0dyAFUtA3T8TGMj/EnKfRoeCVQc="},"indexInfo":{"baseKey":"Bb/DUn4bm+5EBFAP8+A1OeAOXMdXYCWfNaSUZHAKQO4z","baseKeyType":1,"closed":-1,"used":1748566373340,"created":1748566373340,"remoteIdentityKey":"BdfYQMfIXupOjG4gIDBwREtshZaG7PWjQ2B1avfCEYYl"},"_chains":{"BbR9sk5Th8AqiPR7T5Bhezo6zo3PZRzRSI0jVJ4MPLJl":{"chainKey":{"counter":2,"key":"j1sYvLhd2EIIZfWjPG7nJmVMPQFvn2VX/66nuCFgiAI="},"chainType":1,"messageKeys":{}}},"pendingPreKey":{"signedKeyId":0,"baseKey":"Bb/DUn4bm+5EBFAP8+A1OeAOXMdXYCWfNaSUZHAKQO4z"}}},"version":"v1"}