{"_sessions":{"BQ577cuaviZ8aX821auzNZMYeALH+a+9PWJiEsWvVDAR":{"registrationId":1093906410,"currentRatchet":{"ephemeralKeyPair":{"pubKey":"Bcwa6gOSV4ZJ2OytVq7U0XsjfrXAoCNtFQ97rgNUA+JG","privKey":"uHoOQ8h2W892K39i1nkGVsZF5+j6SP4N8Lo+HYav+38="},"lastRemoteEphemeralKey":"BWOnj+9Vk9kjxq24kBz4gjT4HluoOUFFm9966NhE/D82","previousCounter":0,"rootKey":"m3lyVZN9vDlJcLhO2h9VSxlMtW3qY018bY0R9alszzQ="},"indexInfo":{"baseKey":"BQ577cuaviZ8aX821auzNZMYeALH+a+9PWJiEsWvVDAR","baseKeyType":1,"closed":-1,"used":1748566372684,"created":1748566372684,"remoteIdentityKey":"BYjjVisjXH+j/Xd84btylgavwsH9awiEQG3pIwrLbqET"},"_chains":{"Bcwa6gOSV4ZJ2OytVq7U0XsjfrXAoCNtFQ97rgNUA+JG":{"chainKey":{"counter":3,"key":"YlO8RKeYeajEWillURqXp2yuO4021uhfCcx+GWsIu7s="},"chainType":1,"messageKeys":{}}},"pendingPreKey":{"signedKeyId":6,"baseKey":"BQ577cuaviZ8aX821auzNZMYeALH+a+9PWJiEsWvVDAR","preKeyId":16337093}}},"version":"v1"}