{"_sessions":{"BY/EOoqqsbVj9JPN3Mhzh1OUc9KOJQkVzDsWhzrEn/cE":{"registrationId":1296529376,"currentRatchet":{"ephemeralKeyPair":{"pubKey":"BZ53QmML2UyiRGyVuOUBa2L8AHNZzM2krmaXdZIT1isa","privKey":"2Op033eNi2dxji0EeP2AWa61W6Dbj0AFcQ8g67Cs0mM="},"lastRemoteEphemeralKey":"BbQwZ0vm4fYnTbFTdxkJROQ0gJH06X12mc2pwI/fjysW","previousCounter":0,"rootKey":"nISe4KYDrAroIsI6MNrSdAHEIYbkv0oMuLJcUXHjyVQ="},"indexInfo":{"baseKey":"BY/EOoqqsbVj9JPN3Mhzh1OUc9KOJQkVzDsWhzrEn/cE","baseKeyType":1,"closed":-1,"used":1748566372218,"created":1748566372218,"remoteIdentityKey":"BbbYZJK2aICScRsH4K4E0HAB8qRiaYBdGiqPZeC4dTgJ"},"_chains":{"BZ53QmML2UyiRGyVuOUBa2L8AHNZzM2krmaXdZIT1isa":{"chainKey":{"counter":2,"key":"8ckajIeDAvw/hY9VjMzkMSQTzRAd9niGVPyj3Zpl0rs="},"chainType":1,"messageKeys":{}}},"pendingPreKey":{"signedKeyId":8,"baseKey":"BY/EOoqqsbVj9JPN3Mhzh1OUc9KOJQkVzDsWhzrEn/cE"}}},"version":"v1"}