{"_sessions":{"BYF/Nt5IYSLxnlGrPM/xGMQY+ddRXJkk9jZUssv0Cgsv":{"registrationId":455793930,"currentRatchet":{"ephemeralKeyPair":{"pubKey":"BZcj8NqqmNc1W5aGsmvjAgvuQHj/uQX9BEmt+4t0fRYA","privKey":"CPurXHRZ0Vc+5GnpJVFMCxhWkCybYX5irePd5kqOcWA="},"lastRemoteEphemeralKey":"BULJusUm5zygPWFmFiShDnFP0RsQrJDvQYlTH9Q+kMYa","previousCounter":0,"rootKey":"u4X/9cKbLmnM9RenUEJtGh/OXzogYk1ZvcWpb2fckyo="},"indexInfo":{"baseKey":"BYF/Nt5IYSLxnlGrPM/xGMQY+ddRXJkk9jZUssv0Cgsv","baseKeyType":1,"closed":-1,"used":1748566373545,"created":1748566373545,"remoteIdentityKey":"BXJh3F+OIgCatZaFCnu7DTdlEtWgyhoKWeDuAa+0btEi"},"_chains":{"BZcj8NqqmNc1W5aGsmvjAgvuQHj/uQX9BEmt+4t0fRYA":{"chainKey":{"counter":2,"key":"ednuZPEuFI0vVqhQlD/HWxyEYen49lp1LHRer6BhxTk="},"chainType":1,"messageKeys":{}}},"pendingPreKey":{"signedKeyId":17,"baseKey":"BYF/Nt5IYSLxnlGrPM/xGMQY+ddRXJkk9jZUssv0Cgsv","preKeyId":15498922}}},"version":"v1"}