{"_sessions":{"BYV318CG2kp4LevCRDT1PMR0m5KgUSzpUEIdHC1Sayk9":{"registrationId":187911977,"currentRatchet":{"ephemeralKeyPair":{"pubKey":"BWpuyE30wU7KAObbvfjS4/NVrAkRsk83RRwveq+dg05d","privKey":"qC8KVsQYSvkq8T92ZlK0g/jqM64uswI1v14bvSJUlEo="},"lastRemoteEphemeralKey":"BWrYwdankhwqfB8RJIMEdr/xiC1l5EHjNKStMu1KI7gS","previousCounter":0,"rootKey":"qeLoQvWgpOzHK6cL1RvfoAw2ARLx6zCa3drlyaLPtsM="},"indexInfo":{"baseKey":"BYV318CG2kp4LevCRDT1PMR0m5KgUSzpUEIdHC1Sayk9","baseKeyType":1,"closed":-1,"used":1748566372435,"created":1748566372435,"remoteIdentityKey":"Baeh47EFkNqoc7IOU+5eI2Ea0yBi5OvLeAACcv0rn5VU"},"_chains":{"BWpuyE30wU7KAObbvfjS4/NVrAkRsk83RRwveq+dg05d":{"chainKey":{"counter":2,"key":"UPzpckgaoHMwejDfbJK2ZyPZLQLljlQlOU3M2fR8QQs="},"chainType":1,"messageKeys":{}}},"pendingPreKey":{"signedKeyId":1,"baseKey":"BYV318CG2kp4LevCRDT1PMR0m5KgUSzpUEIdHC1Sayk9"}}},"version":"v1"}