{"_sessions":{"BcNcj8sOtajpQkgU5TvFQ2R+eVcPNkfUQu9s1yg2ef98":{"registrationId":801068871,"currentRatchet":{"ephemeralKeyPair":{"pubKey":"BWRmXBA1H+duur2+CnRhHS52sUx46y/Gmj8dNhcTOD0u","privKey":"EBF4jm5+uBOFMqzFuZqtN3ZcUtBSSJy/6jLHacXZYU4="},"lastRemoteEphemeralKey":"BQNQ0nX44R8PZ3RdNtaovGrN5TiADbomsCpCRD0E6BUj","previousCounter":0,"rootKey":"Zbw5m3fn6jNW2TlPd23xKBTz0uEM+CwcwcLbiJoTnSY="},"indexInfo":{"baseKey":"BcNcj8sOtajpQkgU5TvFQ2R+eVcPNkfUQu9s1yg2ef98","baseKeyType":1,"closed":-1,"used":1748566372292,"created":1748566372292,"remoteIdentityKey":"BZKkPBVOX2UDxnzrMXlBqCjHP/Lxx2VPxi1Tc2RKaM4z"},"_chains":{"BWRmXBA1H+duur2+CnRhHS52sUx46y/Gmj8dNhcTOD0u":{"chainKey":{"counter":2,"key":"UsK6HOqvVe6V0ZAHdKSlzmYWHXMf8cyD0Gbg/QdMCLc="},"chainType":1,"messageKeys":{}}},"pendingPreKey":{"signedKeyId":960193,"baseKey":"BcNcj8sOtajpQkgU5TvFQ2R+eVcPNkfUQu9s1yg2ef98","preKeyId":15161}}},"version":"v1"}