{"_sessions":{"BUIQefxdi0stawd264w626d4z2TiX7IOjPd5ZHHuP605":{"registrationId":1268516677,"currentRatchet":{"ephemeralKeyPair":{"pubKey":"BR9Xdp6b0Tdp5qJu0EPFFPgcZ2i+GWqcNk2L30xI/tFH","privKey":"EFlxmxgxxwqwC3hX3TtguHpl1ciIRaFthfGw0V43n0Q="},"lastRemoteEphemeralKey":"BY+NEtGj5x0k/rjqr3kxKiYQljWqM6X1x2Rfs8ld4YBt","previousCounter":0,"rootKey":"zQS3RKwgcSQD0E36m5OOgR7FhXGFUYARKNtPhO1ZSVI="},"indexInfo":{"baseKey":"BUIQefxdi0stawd264w626d4z2TiX7IOjPd5ZHHuP605","baseKeyType":1,"closed":-1,"used":1748566372734,"created":1748566372734,"remoteIdentityKey":"Bd+riJ2EkSf47HJ8xLuq4bmHTmZnJC9ViQ01WgKzjiFF"},"_chains":{"BR9Xdp6b0Tdp5qJu0EPFFPgcZ2i+GWqcNk2L30xI/tFH":{"chainKey":{"counter":2,"key":"E8Kt0gRqp4S0kYimk7ALWsElJ8O+F+77qIFUMDEXwiI="},"chainType":1,"messageKeys":{}}},"pendingPreKey":{"signedKeyId":1,"baseKey":"BUIQefxdi0stawd264w626d4z2TiX7IOjPd5ZHHuP605","preKeyId":14266344}}},"version":"v1"}