{"_sessions":{"Bdq42oazs6uQdwVdJtHU49xwcNNeq6OYzEMR2vHni04C":{"registrationId":597111419,"currentRatchet":{"ephemeralKeyPair":{"pubKey":"BSYeMcGpGxHU5YzwhJKKh17F1wIiA9wlZTHIzBLto4wy","privKey":"AABX33XvhAkR1DHHa9AD577iXhKXEc0s6bg89tC7emY="},"lastRemoteEphemeralKey":"BRixlH2kVy7RDXCiOjwO9gwdRksEwMa5tgajs6dMZ1FW","previousCounter":0,"rootKey":"KFFNDKFCjbb5CjAsOWd5qTI4umYU/v77g65hLJ4grkg="},"indexInfo":{"baseKey":"Bdq42oazs6uQdwVdJtHU49xwcNNeq6OYzEMR2vHni04C","baseKeyType":1,"closed":-1,"used":1748566372430,"created":1748566372430,"remoteIdentityKey":"BcUKW7HxUkGAiGzR1nZOy2q7VJoYGjoIHryfxkvq5pNw"},"_chains":{"BSYeMcGpGxHU5YzwhJKKh17F1wIiA9wlZTHIzBLto4wy":{"chainKey":{"counter":2,"key":"I9cc0Dw/ckTKlA53EL1KYkx0NrVLOdkoIS6OR1FGK3Y="},"chainType":1,"messageKeys":{}}},"pendingPreKey":{"signedKeyId":0,"baseKey":"Bdq42oazs6uQdwVdJtHU49xwcNNeq6OYzEMR2vHni04C","preKeyId":10230632}}},"version":"v1"}