{"_sessions":{"BasDKbJ5bwa5RRI4lSYLLbJ24Q0RyZPq3JE7TI4pKC4j":{"registrationId":389956869,"currentRatchet":{"ephemeralKeyPair":{"pubKey":"BRwMq8DSWepuoKz6h+G+b+QZX5c/WdX7PYQoPx9VIhwA","privKey":"QMGDAErrLwHw8GHsZXfeGpz1hMJOuEZnQxmw19alP34="},"lastRemoteEphemeralKey":"BWAyYy9fg4C6DJyhM8IODUm3lzFLnt9VDvj5/nJe4g1K","previousCounter":0,"rootKey":"P20IEdq2RhN9iU4sXDec+5kfPQecDwJgzA1nt8V+uyU="},"indexInfo":{"baseKey":"BasDKbJ5bwa5RRI4lSYLLbJ24Q0RyZPq3JE7TI4pKC4j","baseKeyType":1,"closed":-1,"used":1748567564401,"created":1748567564401,"remoteIdentityKey":"BQv9L5p4/09XF7GH4nUoK1NY0nSXeDg20wX/nnwvZAMv"},"_chains":{"BRwMq8DSWepuoKz6h+G+b+QZX5c/WdX7PYQoPx9VIhwA":{"chainKey":{"counter":0,"key":"zj9VSMZx+M/+GloS0Udfn3hO56821qGjnY59FfP5Ey8="},"chainType":1,"messageKeys":{}}},"pendingPreKey":{"signedKeyId":3,"baseKey":"BasDKbJ5bwa5RRI4lSYLLbJ24Q0RyZPq3JE7TI4pKC4j","preKeyId":14548552}}},"version":"v1"}