{"_sessions":{"BZdLuz7Jss6NrGINhovbzHylyLi4oE4yO5SYNxkmBZ4b":{"registrationId":1786947842,"currentRatchet":{"ephemeralKeyPair":{"pubKey":"BbfLAXQ+W8nL5c+JNramsnfOsvK6fDvgNJVDNJmzrG41","privKey":"kNTRdEGddoJVeaWsDVQI+OsDhMTv94/J+wKXvacYoXM="},"lastRemoteEphemeralKey":"BQ/tFM56aF8ddWbMA4MuEgIbNI0alb3i9MPK511LBqpd","previousCounter":0,"rootKey":"ogunIBmHrKUhW0dTw1soYEMRiSbJ9HQIpEJztqmfDKg="},"indexInfo":{"baseKey":"BZdLuz7Jss6NrGINhovbzHylyLi4oE4yO5SYNxkmBZ4b","baseKeyType":1,"closed":-1,"used":1748566373137,"created":1748566373137,"remoteIdentityKey":"BfEqpzgdAFLz2LHnp8KxtNGw0vR8ZgMqLth3W9MQlQId"},"_chains":{"BbfLAXQ+W8nL5c+JNramsnfOsvK6fDvgNJVDNJmzrG41":{"chainKey":{"counter":2,"key":"CnmS01zeVNfv1Gbgg9fK+sNasK1jrWiGBuUB0XXq1IE="},"chainType":1,"messageKeys":{}}},"pendingPreKey":{"signedKeyId":7,"baseKey":"BZdLuz7Jss6NrGINhovbzHylyLi4oE4yO5SYNxkmBZ4b","preKeyId":14776051}}},"version":"v1"}