{"_sessions":{"BTDSgC2LhKgUfzTm5kMUdC4Z5fOk6XWjwYIDGlqOFztA":{"registrationId":586,"currentRatchet":{"ephemeralKeyPair":{"pubKey":"BfcrlpzP1TnXJjI4OZiwq+pLnTnrKEeL0xnQHaJLahMH","privKey":"4Dlg5xucmTXAaXHf+IMKW1vnbI6DXB9Ga4fzT1qe8FI="},"lastRemoteEphemeralKey":"BSf+49mH7SwWNmqjPiFC0r5gSAzIejmY9bOFErt+Zb5K","previousCounter":0,"rootKey":"u02Tm8A6G1qZwfLcOqIS8ronOQtrZ/mFgHtBcJgoYOU="},"indexInfo":{"baseKey":"BTDSgC2LhKgUfzTm5kMUdC4Z5fOk6XWjwYIDGlqOFztA","baseKeyType":1,"closed":-1,"used":1748566371892,"created":1748566371892,"remoteIdentityKey":"BSMb89edCJP/tiv2GLmexPZlUrlu+FYB4GtLjovTY0Z/"},"_chains":{"BfcrlpzP1TnXJjI4OZiwq+pLnTnrKEeL0xnQHaJLahMH":{"chainKey":{"counter":2,"key":"jgR1szBfNTXutJ+wvhITEk/olAd8qHjagaBXsnJB2JQ="},"chainType":1,"messageKeys":{}}},"pendingPreKey":{"signedKeyId":1,"baseKey":"BTDSgC2LhKgUfzTm5kMUdC4Z5fOk6XWjwYIDGlqOFztA","preKeyId":1386}}},"version":"v1"}