{"_sessions":{"Bfh07ENe+jOUk/APMNRQtgCrhshJXsVo1srSn2nQ/449":{"registrationId":375171130,"currentRatchet":{"ephemeralKeyPair":{"pubKey":"BS+hvzRfa5GC6Ffxa5br8PfhLOWou3+EG593a7Eh1YpF","privKey":"ULhKgCR+vnEVPTGiYH8mf8SaKl8BYhUNq+8nG/4IOmE="},"lastRemoteEphemeralKey":"BSOkTUieYREUiEkA4qaBbsiKji0GISEnBoUpeS8Yfbgv","previousCounter":0,"rootKey":"rwnL2yT8UZ+yYYc1+WdY0NgNGjrQTw+hp524KHeS+K4="},"indexInfo":{"baseKey":"Bfh07ENe+jOUk/APMNRQtgCrhshJXsVo1srSn2nQ/449","baseKeyType":1,"closed":-1,"used":1748567564559,"created":1748567564559,"remoteIdentityKey":"BanGh8mrgaSytUQ3iYJQO9qiPSDf+TRCJnQZX6yKh8J6"},"_chains":{"BS+hvzRfa5GC6Ffxa5br8PfhLOWou3+EG593a7Eh1YpF":{"chainKey":{"counter":0,"key":"jkh8NKRWgh+6YpoVlV0da6duRHtLLN14+Pwfs2rwIV0="},"chainType":1,"messageKeys":{}}},"pendingPreKey":{"signedKeyId":0,"baseKey":"Bfh07ENe+jOUk/APMNRQtgCrhshJXsVo1srSn2nQ/449","preKeyId":12512352}}},"version":"v1"}