{"_sessions":{"BUzGEhgA8bi2731uG99XuK8JawL1dHNT5beB8vuaq8YR":{"registrationId":1830744480,"currentRatchet":{"ephemeralKeyPair":{"pubKey":"BU7m1PnPI91zfaCJLjk+XSPLgFl4vi7okUWoUbk3ZY10","privKey":"+G+X3fsnxLGp/FcMjv/O8QK1snvNcPgyNANmTDX50Vw="},"lastRemoteEphemeralKey":"BeJxsFKs9xARix+soQM+eRsB5eV/yzfUnc6L8qIeUsk5","previousCounter":0,"rootKey":"94dyY7F9HMJWDHcxFX9z/kSBiH1beUfj0vG9UZoc6Hc="},"indexInfo":{"baseKey":"BUzGEhgA8bi2731uG99XuK8JawL1dHNT5beB8vuaq8YR","baseKeyType":1,"closed":-1,"used":1748567564553,"created":1748567564553,"remoteIdentityKey":"BU5q4W3GtNSYUZrznK7uHb3wwyf3Pc3dR8n1RXBsY09M"},"_chains":{"BU7m1PnPI91zfaCJLjk+XSPLgFl4vi7okUWoUbk3ZY10":{"chainKey":{"counter":0,"key":"u61ICZ/qjF5SbQ8l1K4XsmBDaXdiK5A9axQj2sRBMys="},"chainType":1,"messageKeys":{}}},"pendingPreKey":{"signedKeyId":21,"baseKey":"BUzGEhgA8bi2731uG99XuK8JawL1dHNT5beB8vuaq8YR","preKeyId":7464409}}},"version":"v1"}