{"_sessions":{"BQccVh7cBwIL4VmRiqr5bgKbA8hLNh1WljVMBE3cn0RB":{"registrationId":2095591981,"currentRatchet":{"ephemeralKeyPair":{"pubKey":"Bf2kTqnjLTnPLl2M/JVk6knRoqYCMZfVGRtkorRfNYgC","privKey":"ECNtSGUJQ+6fCvm7klQ5Jys0CtwAxN4SdlYFj9MG514="},"lastRemoteEphemeralKey":"BYGXxZWg240zYPr0vnqjMH2FcvmlSpMPUTSOCt/CNeZ6","previousCounter":0,"rootKey":"6L8DYi4Xi4crKX//1VY06hnrkokPE0tiBaB4pzkYQ/w="},"indexInfo":{"baseKey":"BQccVh7cBwIL4VmRiqr5bgKbA8hLNh1WljVMBE3cn0RB","baseKeyType":1,"closed":-1,"used":1748566372574,"created":1748566372574,"remoteIdentityKey":"BWh5AXS/tPT7iibTHUEot/QSp36DOvBpERtHHvHldARD"},"_chains":{"Bf2kTqnjLTnPLl2M/JVk6knRoqYCMZfVGRtkorRfNYgC":{"chainKey":{"counter":3,"key":"yuyE9rU13mS4TY1wDYREWLHfCXSGme235Si38i24DRA="},"chainType":1,"messageKeys":{}}},"pendingPreKey":{"signedKeyId":26,"baseKey":"BQccVh7cBwIL4VmRiqr5bgKbA8hLNh1WljVMBE3cn0RB","preKeyId":2928201}}},"version":"v1"}