{"_sessions":{"BUZGDj55F6hmgAwYFX1rRaIhCuZzPW27qC/52Z+8hys5":{"registrationId":569069498,"currentRatchet":{"ephemeralKeyPair":{"pubKey":"BeXjmhpoF8JoFiyzKfNlcmpZwT3bnWjSgKo4xHZeVlRv","privKey":"OCaWAzuo7u81/29XySrMdHRvFBy6yFSmRa2KPKrHZlU="},"lastRemoteEphemeralKey":"BQJnQ/hXokzd4AYF6VD1VGJg2bOynRMC3XunXfNwDR9/","previousCounter":0,"rootKey":"ZnCrUJa/1zUauX3rlvcatTSR66uuA+UiaRfrkoDG7hg="},"indexInfo":{"baseKey":"BUZGDj55F6hmgAwYFX1rRaIhCuZzPW27qC/52Z+8hys5","baseKeyType":1,"closed":-1,"used":1748566373244,"created":1748566373244,"remoteIdentityKey":"BeY9Cbyq0ypkXbJi+tqtoCaVQd89NYSUN1j7vZ6Y8Ehg"},"_chains":{"BeXjmhpoF8JoFiyzKfNlcmpZwT3bnWjSgKo4xHZeVlRv":{"chainKey":{"counter":2,"key":"RLEFk5w8YNd7/rh9gIMdAuCmROE5iE+TJgLha11wZdg="},"chainType":1,"messageKeys":{}}},"pendingPreKey":{"signedKeyId":23,"baseKey":"BUZGDj55F6hmgAwYFX1rRaIhCuZzPW27qC/52Z+8hys5","preKeyId":1278206}}},"version":"v1"}