{"_sessions":{"Bfb6/P3yYBx0wQ6JWlj5wtvlAKmMDZGH6V1EQ5TZYGUS":{"registrationId":1693,"currentRatchet":{"ephemeralKeyPair":{"pubKey":"Bf7DyH5nt7f/8AIPaCy6kjRqfWmxmZ7RSZc01QZuuzg0","privKey":"MPawIbQvq7X9ZPxamFNCAtXOREesjIoJHMGGaR+u3G0="},"lastRemoteEphemeralKey":"BW8nkr7XaTmC/e95GBTyIrf+I+q2DiFQQhUIKH/xLk5e","previousCounter":0,"rootKey":"KhOgOpWGJ32bZgUU1fIqPJIw4/SmOEJwhWHq2PAEXwY="},"indexInfo":{"baseKey":"Bfb6/P3yYBx0wQ6JWlj5wtvlAKmMDZGH6V1EQ5TZYGUS","baseKeyType":1,"closed":-1,"used":1748567563570,"created":1748567563570,"remoteIdentityKey":"Ba+mUDYqzzLRx9oY/zXIM09YZrUyrvfUru5WoyJ93bt2"},"_chains":{"Bf7DyH5nt7f/8AIPaCy6kjRqfWmxmZ7RSZc01QZuuzg0":{"chainKey":{"counter":0,"key":"pzdXZ2ThROx+OYSZNip136PwGBfIkkgTTVe8BbTjwSM="},"chainType":1,"messageKeys":{}}},"pendingPreKey":{"signedKeyId":1,"baseKey":"Bfb6/P3yYBx0wQ6JWlj5wtvlAKmMDZGH6V1EQ5TZYGUS","preKeyId":10}}},"version":"v1"}