{"_sessions":{"BYop0HxxPZJkBD3qhp435VN94zPsEsiX4OWUaZAF+pQ2":{"registrationId":626586654,"currentRatchet":{"ephemeralKeyPair":{"pubKey":"BbikV5EeSd9A+rnsA+k7L8GSYyubvYi9mWjhqiFR2no2","privKey":"gObn95lhooMcYEI+HhWLTNAlJ63SltSfRy9ZgZupiHU="},"lastRemoteEphemeralKey":"BWQRngeMENYNrV61iCt1lx5pgcWvlYVFUvt05zECXSdv","previousCounter":0,"rootKey":"hLVb/8GL2qRpLZjxlRywADCttMOMqVqWzC5AfK1QMiE="},"indexInfo":{"baseKey":"BYop0HxxPZJkBD3qhp435VN94zPsEsiX4OWUaZAF+pQ2","baseKeyType":1,"closed":-1,"used":1748566373669,"created":1748566373669,"remoteIdentityKey":"BfutBCu9SKRbyjzP3gVcst4O4nb9JrYIfwQ5BqllqIAt"},"_chains":{"BbikV5EeSd9A+rnsA+k7L8GSYyubvYi9mWjhqiFR2no2":{"chainKey":{"counter":2,"key":"N3IuD3mPVjqvj+mzUGR8b3YewHu0W6HoJJ31fOqmPb4="},"chainType":1,"messageKeys":{}}},"pendingPreKey":{"signedKeyId":0,"baseKey":"BYop0HxxPZJkBD3qhp435VN94zPsEsiX4OWUaZAF+pQ2"}}},"version":"v1"}