{"_sessions":{"BZdc4X35QW6ZxsZdR3esDnNheSRNPf8d+n4y8p5Z0I91":{"registrationId":460,"currentRatchet":{"ephemeralKeyPair":{"pubKey":"BS4OnS/Q6O0mXfjcHDnjTcK4qdYa1qj+X/7qVef6rMhV","privKey":"CJvbE67cI2torDGfOAafOgGCWY2KYuLpZkUZnYOKK10="},"lastRemoteEphemeralKey":"BXNSJF7uB3ibUSWX7cXeaxGtXrqHfCfBXFGYWWILq6Ib","previousCounter":0,"rootKey":"iAudRh86WVa7YJZMMXt1SWuiJq0rXY6C5pmvONtY13k="},"indexInfo":{"baseKey":"BZdc4X35QW6ZxsZdR3esDnNheSRNPf8d+n4y8p5Z0I91","baseKeyType":1,"closed":-1,"used":1748566371755,"created":1748566371755,"remoteIdentityKey":"BYeQEe0dRThRXPWf5CKJKEztuqiIw4srHHWn44B4gEh6"},"_chains":{"BS4OnS/Q6O0mXfjcHDnjTcK4qdYa1qj+X/7qVef6rMhV":{"chainKey":{"counter":2,"key":"7mSPj1loHrnmY9iHhKwximODeQJykhQcLJ/Bi1Ni7s8="},"chainType":1,"messageKeys":{}}},"pendingPreKey":{"signedKeyId":1,"baseKey":"BZdc4X35QW6ZxsZdR3esDnNheSRNPf8d+n4y8p5Z0I91"}}},"version":"v1"}