{"_sessions":{"BaVN0CfS5nAOf28b8LAFsGS6Lk7LPJ3RMN7Ej/t9TxoZ":{"registrationId":1379684306,"currentRatchet":{"ephemeralKeyPair":{"pubKey":"Be8yPZiR1RdxbHImNjvgiI7cJb/GDwIlIdB5SszaWKBG","privKey":"YEU/Gf1l5J/LddqhZpRLpnGDmx9HAINRgmM9E6WzA20="},"lastRemoteEphemeralKey":"BUZSu+ug9JFeMxoQLagStsKZJOSX3frpfWEukMebubtj","previousCounter":0,"rootKey":"8bu6DB60pPb1rz1llmm914Zg230VZY1FKtju2K2XUz0="},"indexInfo":{"baseKey":"BaVN0CfS5nAOf28b8LAFsGS6Lk7LPJ3RMN7Ej/t9TxoZ","baseKeyType":1,"closed":-1,"used":1748566372596,"created":1748566372596,"remoteIdentityKey":"BcEB5YUw6XhD9HTOjgAdAKj6m0hIfXlh1Z3qJ9IUOG9n"},"_chains":{"Be8yPZiR1RdxbHImNjvgiI7cJb/GDwIlIdB5SszaWKBG":{"chainKey":{"counter":2,"key":"x/kVziP0KyWDk2i0woLUzVnIXuBxgDcz1GdVj2st7FU="},"chainType":1,"messageKeys":{}}},"pendingPreKey":{"signedKeyId":35,"baseKey":"BaVN0CfS5nAOf28b8LAFsGS6Lk7LPJ3RMN7Ej/t9TxoZ"}}},"version":"v1"}