{"_sessions":{"BQ3YUqB6LDk/+jhssalAgiVHeLfY3Z0nTBpaKNbDhqwG":{"registrationId":5726,"currentRatchet":{"ephemeralKeyPair":{"pubKey":"BXGNKFOuUstFkt39kcOhLRDbTNMBviWfZ+VA58MUiZd2","privKey":"SFy4ypBr6sXctKYTZZQYW2z+kt9rCzDsQybHxJu8amM="},"lastRemoteEphemeralKey":"BXAV6kyx9SV+YlKlxkslhhGagObtmQ9PKlErSS0dVRll","previousCounter":0,"rootKey":"virLdetrF62kzxcRHNbFQRC5eeUjtaRHRHCMdOQo5uI="},"indexInfo":{"baseKey":"BQ3YUqB6LDk/+jhssalAgiVHeLfY3Z0nTBpaKNbDhqwG","baseKeyType":1,"closed":-1,"used":1748566372104,"created":1748566372104,"remoteIdentityKey":"BQVFXT9lSGEYYecDlDuCB7ScZv9/M8bOWmgDzs2qV3Zw"},"_chains":{"BXGNKFOuUstFkt39kcOhLRDbTNMBviWfZ+VA58MUiZd2":{"chainKey":{"counter":2,"key":"xsc8MX70dDsUisCpwHO+RiHPGZXZyMa9qM6fu0VWZOc="},"chainType":1,"messageKeys":{}}},"pendingPreKey":{"signedKeyId":1,"baseKey":"BQ3YUqB6LDk/+jhssalAgiVHeLfY3Z0nTBpaKNbDhqwG"}}},"version":"v1"}