{"_sessions":{"BRS+jLNIcN/f/a1+LtWYLgPjkpVdeIv+5gt3zNPUkoNG":{"registrationId":667,"currentRatchet":{"ephemeralKeyPair":{"pubKey":"BcS1aEDBLrGwmGPIeTh4UppbjyTLU3LFCa5k11ZIz5w8","privKey":"MN3AT5WM9qFrmIZlz1TiQLEtGgajlnIU/kSke96GR1g="},"lastRemoteEphemeralKey":"Bbvgq/ct/Az4WRr8K/hlMHQjG4qPoqt9MVobX1ER9cVJ","previousCounter":0,"rootKey":"8E5VxBOeAw4M9dVdFqDbnImTtfKVr1SbGKCe88sumTM="},"indexInfo":{"baseKey":"BRS+jLNIcN/f/a1+LtWYLgPjkpVdeIv+5gt3zNPUkoNG","baseKeyType":1,"closed":-1,"used":1748567564030,"created":1748567564030,"remoteIdentityKey":"BZrRxQE8lv2mREU4wW++npXCw41HN4tbKrtK9bzFS5Fe"},"_chains":{"BcS1aEDBLrGwmGPIeTh4UppbjyTLU3LFCa5k11ZIz5w8":{"chainKey":{"counter":0,"key":"xIy1swEvxrcCgOk3GouUkuxFyGIy4gi/yHAhjHsIWys="},"chainType":1,"messageKeys":{}}},"pendingPreKey":{"signedKeyId":1,"baseKey":"BRS+jLNIcN/f/a1+LtWYLgPjkpVdeIv+5gt3zNPUkoNG"}}},"version":"v1"}