{"_sessions":{"BZAloaflM4htIVGb8gqgaKbOtrRZx6PkAGEmN2eothsg":{"registrationId":1645331379,"currentRatchet":{"ephemeralKeyPair":{"pubKey":"BZaqY4m0cxBgs7Fc8fkljvcZDtIbeHTOrdfxl0JwLE8K","privKey":"UJe/YCypb+4HUSJNLmeg7flXFW/FWywILCDGqiNr5lY="},"lastRemoteEphemeralKey":"Bas+h4/f4DFNZTDvfuMupuv6qd0vzbVPj84g0POlCoBA","previousCounter":0,"rootKey":"fI9Z/tDzQNUhloSc19GOixx92ntixXy5i9JHM+9PSls="},"indexInfo":{"baseKey":"BZAloaflM4htIVGb8gqgaKbOtrRZx6PkAGEmN2eothsg","baseKeyType":1,"closed":-1,"used":1748566372461,"created":1748566372461,"remoteIdentityKey":"BUYIcunCzDCEt11qTW5lIKMEXehVPZf1BImQObQVPnoe"},"_chains":{"BZaqY4m0cxBgs7Fc8fkljvcZDtIbeHTOrdfxl0JwLE8K":{"chainKey":{"counter":2,"key":"VidPg7D25RhH7xzVBiweBJrG7irSNBkj/tbedkBcDaA="},"chainType":1,"messageKeys":{}}},"pendingPreKey":{"signedKeyId":0,"baseKey":"BZAloaflM4htIVGb8gqgaKbOtrRZx6PkAGEmN2eothsg"}}},"version":"v1"}