{"_sessions":{"BYFX6voj0A/uw8MlPQxEYIVdy6IISqvBJGQyMmkwIcU2":{"registrationId":407011841,"currentRatchet":{"ephemeralKeyPair":{"pubKey":"BdEO+Spo9QCltQEYMvBYMSvGyfEJLd4q1ixU+D9OE2Fh","privKey":"aLkGtlv4XnmTZog/9XIGIb4ESFWpq8fdYdEbFHB35GY="},"lastRemoteEphemeralKey":"BcQA6sOaVaAjgK6Du4llx0AxUrB7zTDBC5cjRY1yFm1x","previousCounter":0,"rootKey":"fYQLaQzCXS8dFzxwuAiITEKq+qofVNEIqVZNzJRBMpw="},"indexInfo":{"baseKey":"BYFX6voj0A/uw8MlPQxEYIVdy6IISqvBJGQyMmkwIcU2","baseKeyType":1,"closed":-1,"used":1748566372445,"created":1748566372445,"remoteIdentityKey":"BXcl6hHPtOyGH0aNltrdQXY7xcFopVwhEnXwS6PYQ5FM"},"_chains":{"BdEO+Spo9QCltQEYMvBYMSvGyfEJLd4q1ixU+D9OE2Fh":{"chainKey":{"counter":2,"key":"6xN5C66tqOAA1QQojTNTUfOGCKqaUeNOoFU1dxlwKI8="},"chainType":1,"messageKeys":{}}},"pendingPreKey":{"signedKeyId":15,"baseKey":"BYFX6voj0A/uw8MlPQxEYIVdy6IISqvBJGQyMmkwIcU2","preKeyId":2149501}}},"version":"v1"}