{"_sessions":{"BZWcMUhusa9GpGtak5V77/r2vkYuVoPgjMfHlG6dCQhE":{"registrationId":1201562238,"currentRatchet":{"ephemeralKeyPair":{"pubKey":"BTYMEYHZZXMBZnjGkEZhPHGPZl9rZJZvI7mbfeorG/lv","privKey":"wIgfDTH00CSmTQR0HqLZQbuyDwc5ui6JdKvYK1ZZnk4="},"lastRemoteEphemeralKey":"BeeS9mX70ua3+uuU7h82hRuQ/4A9oTNlKYzd9xNDTY9b","previousCounter":0,"rootKey":"wVi8Pcp7jhrP6yf6bWXtpiZm4qj+ad+VODutGlQOMoE="},"indexInfo":{"baseKey":"BZWcMUhusa9GpGtak5V77/r2vkYuVoPgjMfHlG6dCQhE","baseKeyType":1,"closed":-1,"used":1748566372401,"created":1748566372401,"remoteIdentityKey":"Ba+0Dt7gap1Blx8Zi2+WCDAp4ewnvkH2/1X9tVnO0691"},"_chains":{"BTYMEYHZZXMBZnjGkEZhPHGPZl9rZJZvI7mbfeorG/lv":{"chainKey":{"counter":2,"key":"UY+rwBXBKCtG+njMe5695aj/dMtWDr26sEJT3Tm3KRg="},"chainType":1,"messageKeys":{}}},"pendingPreKey":{"signedKeyId":4,"baseKey":"BZWcMUhusa9GpGtak5V77/r2vkYuVoPgjMfHlG6dCQhE","preKeyId":3148008}}},"version":"v1"}