{"_sessions":{"BQHel6WrofOPok3aXxYCE9XR9XMvQ/xIHHDaOCiuvF9I":{"registrationId":1315150007,"currentRatchet":{"ephemeralKeyPair":{"pubKey":"BSsrMZqDGugeEKHZL53+supL9mrw885u4ZyvVmittxUJ","privKey":"0LTt+0gNiuxb7brKYBjlI3IGpGc5lwnJZ8xS1psqKF0="},"lastRemoteEphemeralKey":"Be6dijpeViwlTaYNtpQzC9u2188Glp6T0F5ccO7E6JFr","previousCounter":0,"rootKey":"5880mhxnICzBgv5YEeMcwwJGUk0I0sida8KD2agDflY="},"indexInfo":{"baseKey":"BQHel6WrofOPok3aXxYCE9XR9XMvQ/xIHHDaOCiuvF9I","baseKeyType":1,"closed":-1,"used":1748566371994,"created":1748566371994,"remoteIdentityKey":"BaS+XkzZg71IRephftYrM0HLtVTA8Tq0Dn2OwItUPHRW"},"_chains":{"BSsrMZqDGugeEKHZL53+supL9mrw885u4ZyvVmittxUJ":{"chainKey":{"counter":2,"key":"xnpM29Bp/IWbUqIk9qNs/AC6OQq4DxKLnHhtVSQLElU="},"chainType":1,"messageKeys":{}}},"pendingPreKey":{"signedKeyId":6,"baseKey":"BQHel6WrofOPok3aXxYCE9XR9XMvQ/xIHHDaOCiuvF9I","preKeyId":3236}}},"version":"v1"}