{"_sessions":{"BbmAyy7CDyYuEo0ZJLogTSPXGKEf5yb2U0XBxsBa1oNn":{"registrationId":64495620,"currentRatchet":{"ephemeralKeyPair":{"pubKey":"BahjS+uqiUICimrhiKP6/zXhYcTI47rvVQO8GNwuHK5I","privKey":"sP0TxO7Uhq+TJtpBzoR3C2NIs6+eVuTg2wqA1AKFb2Y="},"lastRemoteEphemeralKey":"BXjOq2VH7Z0RPJuiWfSmM2fxF93hxwc/O9+h3hWUbeZe","previousCounter":0,"rootKey":"8FX3+aTvtNZJu3n5ccB4QOtsw/L+MTNvFjGraNUzzO0="},"indexInfo":{"baseKey":"BbmAyy7CDyYuEo0ZJLogTSPXGKEf5yb2U0XBxsBa1oNn","baseKeyType":1,"closed":-1,"used":1748566372845,"created":1748566372845,"remoteIdentityKey":"BaK/h9jpXJDj3Tf/46i3L1IxOg7fgamEb14KtuFCJyhp"},"_chains":{"BahjS+uqiUICimrhiKP6/zXhYcTI47rvVQO8GNwuHK5I":{"chainKey":{"counter":2,"key":"8aHCih5KMzPQIGMIqMx7i7MF8I+83s5NpK8ydih/h50="},"chainType":1,"messageKeys":{}}},"pendingPreKey":{"signedKeyId":7,"baseKey":"BbmAyy7CDyYuEo0ZJLogTSPXGKEf5yb2U0XBxsBa1oNn","preKeyId":11889253}}},"version":"v1"}