{"_sessions":{"BadfUqob/N1p1IFYFofijo00UZ6wY4Pj3TV+CW+m+x4Y":{"registrationId":665466160,"currentRatchet":{"ephemeralKeyPair":{"pubKey":"BYsKkuTdi73uzKhmzmIFW6SzfDQlX2WAujQTNKTnohR8","privKey":"mBKpD/o2l7/kPaWRN4ci98dDVPyb0+gsPDqhxIBt0U8="},"lastRemoteEphemeralKey":"BctHLojV2KBn1Dx5gzMz+GdMT/1NaI/yk09411pCs1tV","previousCounter":0,"rootKey":"jfdyvkep7gNYqkbf5FcsnuIClbq5SRxplSo2mBq5Ck4="},"indexInfo":{"baseKey":"BadfUqob/N1p1IFYFofijo00UZ6wY4Pj3TV+CW+m+x4Y","baseKeyType":1,"closed":-1,"used":1748566372707,"created":1748566372707,"remoteIdentityKey":"BVyrOUazTkM4Rp7I6frflTBoSNqIDFl/MyFz7wbvPJVk"},"_chains":{"BYsKkuTdi73uzKhmzmIFW6SzfDQlX2WAujQTNKTnohR8":{"chainKey":{"counter":2,"key":"ndYZd+0476cG1xuxgIa5PzkMI4uAZEuusps0O6UI++k="},"chainType":1,"messageKeys":{}}},"pendingPreKey":{"signedKeyId":7,"baseKey":"BadfUqob/N1p1IFYFofijo00UZ6wY4Pj3TV+CW+m+x4Y","preKeyId":6707318}}},"version":"v1"}