{"_sessions":{"BW3PwAn1Gl34JP1ewg42MYQ+XYuPthqYv7bh7vCa2QZl":{"registrationId":425381281,"currentRatchet":{"ephemeralKeyPair":{"pubKey":"Bc1DG2Yx2XxCz31plNjqowvKkfK8JVHrixTSIIxNlTY+","privKey":"gJ/Bz8UqRwrNM2T6+I5ZaT2+tQR2oj/leMZtzx7B0G0="},"lastRemoteEphemeralKey":"BbPy+z4Vtd+5Na+zdBENgOZCoJTjvv8OHfdoFLTJ8gIU","previousCounter":0,"rootKey":"TuwSkExKa2UyQkc61Tki9DN+6/eQon+rTiW8WCR3NU0="},"indexInfo":{"baseKey":"BW3PwAn1Gl34JP1ewg42MYQ+XYuPthqYv7bh7vCa2QZl","baseKeyType":1,"closed":-1,"used":1748566373567,"created":1748566373567,"remoteIdentityKey":"BbDKEYM/jUvxs/nLfsRb4L5trLYwGkWeDP14wYMdCwMm"},"_chains":{"Bc1DG2Yx2XxCz31plNjqowvKkfK8JVHrixTSIIxNlTY+":{"chainKey":{"counter":2,"key":"RhY5defV9dX1cjho65L/+/2/L9ELdiaDdRqLCZupiTM="},"chainType":1,"messageKeys":{}}},"pendingPreKey":{"signedKeyId":0,"baseKey":"BW3PwAn1Gl34JP1ewg42MYQ+XYuPthqYv7bh7vCa2QZl"}}},"version":"v1"}