{"_sessions":{"BQdSzfWAY2DH2GekHSygZyuBa5IPxJTc/EpJ2nNNfGxi":{"registrationId":1595395246,"currentRatchet":{"ephemeralKeyPair":{"pubKey":"BfPvsK4Q+4sx9xxqLQfEWa4movdlCXDz/ab7TN8XwBIw","privKey":"cOtoZKN8qhFH7UwgrR13DIvBSZFUBSMcJxdT+JRhVFE="},"lastRemoteEphemeralKey":"BVpCw+j2J2pXsVSXvPS2S/fd5RReie3+GChwwWucYxEI","previousCounter":0,"rootKey":"WPVQpJbzd1ct3ChkkTOqflcpnpeFG9ukvv9MaHNOLGA="},"indexInfo":{"baseKey":"BQdSzfWAY2DH2GekHSygZyuBa5IPxJTc/EpJ2nNNfGxi","baseKeyType":1,"closed":-1,"used":1748567564754,"created":1748567564754,"remoteIdentityKey":"BRlnuo+/EjTMNXApvosACbTBcYLYg1ha6mSVs342XpR6"},"_chains":{"BfPvsK4Q+4sx9xxqLQfEWa4movdlCXDz/ab7TN8XwBIw":{"chainKey":{"counter":0,"key":"8Ei7Gb708n2d90ettaYeKGHOjfuXrBqL95z9I04dGao="},"chainType":1,"messageKeys":{}}},"pendingPreKey":{"signedKeyId":14,"baseKey":"BQdSzfWAY2DH2GekHSygZyuBa5IPxJTc/EpJ2nNNfGxi","preKeyId":4316059}}},"version":"v1"}