{"_sessions":{"BbXZPahdzyzmGJ6bIevX2Z0gzfY48p5MMm9/nwcCo3hp":{"registrationId":1038076086,"currentRatchet":{"ephemeralKeyPair":{"pubKey":"BXTkZPZtb+1FuLR3UEubsSww3VMEwkYq3ZJMlcDEjKkn","privKey":"GFGAuw6ZjTFRvchIcuR+8lSYuQ7oguIYLiIaYGZzfVs="},"lastRemoteEphemeralKey":"BeI++ftfJKhW+rkfDH9OMW0QvS07f+GM3fnVUEd2bwoT","previousCounter":0,"rootKey":"nY53wrs+mZBzhVNdrEcksrThgJfiplzzTTJyOESxjw0="},"indexInfo":{"baseKey":"BbXZPahdzyzmGJ6bIevX2Z0gzfY48p5MMm9/nwcCo3hp","baseKeyType":1,"closed":-1,"used":1748566373312,"created":1748566373312,"remoteIdentityKey":"BTXxOHV91LGl6TxvwKIRWXjQnwLXim5QjK5YQxeXW7hq"},"_chains":{"BXTkZPZtb+1FuLR3UEubsSww3VMEwkYq3ZJMlcDEjKkn":{"chainKey":{"counter":2,"key":"hUaMGkKegmtrywxXHreY0EFL9TMQit7R9e/+4+rFYvg="},"chainType":1,"messageKeys":{}}},"pendingPreKey":{"signedKeyId":11720272,"baseKey":"BbXZPahdzyzmGJ6bIevX2Z0gzfY48p5MMm9/nwcCo3hp"}}},"version":"v1"}