{"_sessions":{"BY3TQk89Tjcz8JZfTsCAwhdELnRqJlA2cA/tDOY+OqAm":{"registrationId":1078585479,"currentRatchet":{"ephemeralKeyPair":{"pubKey":"BUedCUtZ5UWGFW5hMAX+Nszt1XeYiWmhKZGFJK+sTu81","privKey":"KO7hAIDbOjqDMZ6stwhPahrKgmFr4mqyDOhetjvJcGw="},"lastRemoteEphemeralKey":"BaYip+AeUOWMju6FXt4ADIsaVRFTnQtpqb03ajlI0DJ/","previousCounter":0,"rootKey":"+EqpmH2Bh0E8OC3Su8yxkokD+Phk/oUJaqSQC73aQTo="},"indexInfo":{"baseKey":"BY3TQk89Tjcz8JZfTsCAwhdELnRqJlA2cA/tDOY+OqAm","baseKeyType":1,"closed":-1,"used":1748566372147,"created":1748566372147,"remoteIdentityKey":"BX+zoC6XEoOnFmGAsB7Ei93P9Q5TODLsDYSumxzEAV5O"},"_chains":{"BUedCUtZ5UWGFW5hMAX+Nszt1XeYiWmhKZGFJK+sTu81":{"chainKey":{"counter":2,"key":"nZmez/AqnQ1WFTpYtsHeXkUbESMIhCQxR7Sh8wwcGVQ="},"chainType":1,"messageKeys":{}}},"pendingPreKey":{"signedKeyId":0,"baseKey":"BY3TQk89Tjcz8JZfTsCAwhdELnRqJlA2cA/tDOY+OqAm"}}},"version":"v1"}