{"_sessions":{"BVqQdXEi0kRKj+72Np+yxqrXCZ/vpB3eg7IYxDlG8zs7":{"registrationId":1139939407,"currentRatchet":{"ephemeralKeyPair":{"pubKey":"BT5f9GM67f5oxJO88TW3jNefBIkWCUDX6tFQV/Glecos","privKey":"mMp6nG19q6ysP7GSnemQRWRejWinVzJyK2cPzVjT41Q="},"lastRemoteEphemeralKey":"BeGYqL2n2u2WhTOhMs7iXM2f1AAi9SBjaemPXpjD/5pc","previousCounter":0,"rootKey":"OeSaSvuLB2BtgF1cjqHbggAeFSd0cHI1CQxiLxcUWlI="},"indexInfo":{"baseKey":"BVqQdXEi0kRKj+72Np+yxqrXCZ/vpB3eg7IYxDlG8zs7","baseKeyType":1,"closed":-1,"used":1748566372533,"created":1748566372533,"remoteIdentityKey":"BWtm7QK08x/FFHRlV8pMipKuFStgV9oT4JFLD6UiD9ht"},"_chains":{"BT5f9GM67f5oxJO88TW3jNefBIkWCUDX6tFQV/Glecos":{"chainKey":{"counter":2,"key":"xKn31kVoZd9YAfgtP4DzswYisfRbCT1IrUxNoula00U="},"chainType":1,"messageKeys":{}}},"pendingPreKey":{"signedKeyId":0,"baseKey":"BVqQdXEi0kRKj+72Np+yxqrXCZ/vpB3eg7IYxDlG8zs7"}}},"version":"v1"}