{"_sessions":{"BZualZWu//YzJUECV5otAwbRqspC0e0uCdyccEkddaxz":{"registrationId":265535359,"currentRatchet":{"ephemeralKeyPair":{"pubKey":"BQCopavUL5hgjPOLNbaivTrtNh60J7/g/Y0TZk4WOHY0","privKey":"WEPPZvbRbrHPgBTS4L0lVtFjGB227Cu9zk739sR4enE="},"lastRemoteEphemeralKey":"BREHBAhtLtJjO2XcrqmdUDKjZy/4y7/qIF7Kd9jyyCwL","previousCounter":0,"rootKey":"kLP0VfBYqZJloAhoAC5dYJoo6XUwMEF93hjZprFezZk="},"indexInfo":{"baseKey":"BZualZWu//YzJUECV5otAwbRqspC0e0uCdyccEkddaxz","baseKeyType":1,"closed":-1,"used":1748566372483,"created":1748566372483,"remoteIdentityKey":"BaMiE8j1FVd8F9CyIS+7ENDjQjqi23xBsuw1Y4UiTnJe"},"_chains":{"BQCopavUL5hgjPOLNbaivTrtNh60J7/g/Y0TZk4WOHY0":{"chainKey":{"counter":2,"key":"baHZ0q79k+c4xXdB+5XNDNlDn1Ze31cTQafKKA4phqA="},"chainType":1,"messageKeys":{}}},"pendingPreKey":{"signedKeyId":0,"baseKey":"BZualZWu//YzJUECV5otAwbRqspC0e0uCdyccEkddaxz","preKeyId":9003177}}},"version":"v1"}