{"_sessions":{"BSFVQMZLsLJlcMLfbFJk3Tdw+qHW66qN+/hYnTlkRYsK":{"registrationId":880283699,"currentRatchet":{"ephemeralKeyPair":{"pubKey":"Bfiw0Jaee34KIHgm8lQq3Pl0zsxa1mcQDZVE9aDD1kBW","privKey":"mPL1BnIUV3LANyyZ7/52qYCxaakx71GGNRUTaaGn824="},"lastRemoteEphemeralKey":"BUhdV27caaHP3rmoxhHFaDbQtf/dJUcp8jdFpj19G3dC","previousCounter":0,"rootKey":"Y5eUeEgPaf/3ZONA3g93uB4iY4MayHfqoHRxC7eEQjQ="},"indexInfo":{"baseKey":"BSFVQMZLsLJlcMLfbFJk3Tdw+qHW66qN+/hYnTlkRYsK","baseKeyType":1,"closed":-1,"used":1748566372918,"created":1748566372918,"remoteIdentityKey":"Ba0jV2dsGkr1eXVD5ykL9QAnp5E7VvRpyYUhgCQSk1J+"},"_chains":{"Bfiw0Jaee34KIHgm8lQq3Pl0zsxa1mcQDZVE9aDD1kBW":{"chainKey":{"counter":3,"key":"Uj6xSjqWaMtMaC1lYqnm6ioWV+FI0v92M8cjY2IpDc8="},"chainType":1,"messageKeys":{}}},"pendingPreKey":{"signedKeyId":2,"baseKey":"BSFVQMZLsLJlcMLfbFJk3Tdw+qHW66qN+/hYnTlkRYsK","preKeyId":1544526}}},"version":"v1"}