{"_sessions":{"Bb6JN0/RhCZvhQD65T7gaBRX1T6PCApKV+QTzwFYPiUJ":{"registrationId":155634786,"currentRatchet":{"ephemeralKeyPair":{"pubKey":"BbU1My46cjBx/OzQKWbHKV/wU/wykQS6A0YwtYD5b98F","privKey":"IKUuSdbDSZq8vlDRoxCYG9fdZ2h+ovu8an3YrwmQMEU="},"lastRemoteEphemeralKey":"BUXJdPcWaxF/c05ioRspoJx32nN75iporY36GLbMs0sd","previousCounter":0,"rootKey":"4IoIegIT40/b0ns35opqJ/N27tsWpdPHanqQ5uqCvcY="},"indexInfo":{"baseKey":"Bb6JN0/RhCZvhQD65T7gaBRX1T6PCApKV+QTzwFYPiUJ","baseKeyType":1,"closed":-1,"used":1748566372997,"created":1748566372997,"remoteIdentityKey":"BbHYT5oTD+o9WAgH0s/vbEokvKIfw2/wZoEpDYwWNwh/"},"_chains":{"BbU1My46cjBx/OzQKWbHKV/wU/wykQS6A0YwtYD5b98F":{"chainKey":{"counter":3,"key":"Yt44/i77C5+bnx8JIA+cqYdAliDrHvxtQksDFCfgVRU="},"chainType":1,"messageKeys":{}}},"pendingPreKey":{"signedKeyId":3,"baseKey":"Bb6JN0/RhCZvhQD65T7gaBRX1T6PCApKV+QTzwFYPiUJ","preKeyId":13703914}}},"version":"v1"}