{"_sessions":{"BbtRfanuXIVE4x+M8XcpAZyI0zH0hB6ihHBNCMkwb/U2":{"registrationId":1692030178,"currentRatchet":{"ephemeralKeyPair":{"pubKey":"BRSwQO0z+bUKwri/3xS1mRz9JMZd4cK/sZ4mEciy+v5w","privKey":"UIX1aBAd/KRAAzaeiGAwiGElZowiaLKvFkiG1w9ak0Y="},"lastRemoteEphemeralKey":"BTqnw884+lBzTlrZUL3Ba7uUSm/yNF1wMBkfeM/uZSZA","previousCounter":0,"rootKey":"zJjzn1UI7d5ZbBjC2zgc3L5+Tt5b5YvRJK8lb8f6THI="},"indexInfo":{"baseKey":"BbtRfanuXIVE4x+M8XcpAZyI0zH0hB6ihHBNCMkwb/U2","baseKeyType":1,"closed":-1,"used":1748566372378,"created":1748566372378,"remoteIdentityKey":"BQOzSM40gIMDE0YpFy3kPiUqrkbTmU3cUNtJ6A1xO0o5"},"_chains":{"BRSwQO0z+bUKwri/3xS1mRz9JMZd4cK/sZ4mEciy+v5w":{"chainKey":{"counter":2,"key":"lsOJbmTXZih1YmKCylOMqlWUPWlGPYvtxTRnZHYCT6A="},"chainType":1,"messageKeys":{}}},"pendingPreKey":{"signedKeyId":14,"baseKey":"BbtRfanuXIVE4x+M8XcpAZyI0zH0hB6ihHBNCMkwb/U2","preKeyId":12047092}}},"version":"v1"}