{"_sessions":{"BSXphoKKyZL+Bx/lYcmeInY162iAtTqnPqF1bnitPRY2":{"registrationId":2141191141,"currentRatchet":{"ephemeralKeyPair":{"pubKey":"BQoW6nV0U+EAkh9qAR+IP9MP1vP00DihOIMxU7K0Ai5m","privKey":"+Ey40sSWR2+7MoTSb0iPvkiZzwS+KpGIk08pJ355um4="},"lastRemoteEphemeralKey":"BeSt9oYNtj4IEej9pPdIY5CnzkJY55JLRf+wkmzG9qIW","previousCounter":0,"rootKey":"VzhL2ToD+zg12cMuOItxNfHcxMNHJP06BAoyweGD+J4="},"indexInfo":{"baseKey":"BSXphoKKyZL+Bx/lYcmeInY162iAtTqnPqF1bnitPRY2","baseKeyType":1,"closed":-1,"used":1748567564260,"created":1748567564260,"remoteIdentityKey":"BQP1eQ4PPMRKx6XvgQviBp0ImSZWJM3zec8wu3kvEFgl"},"_chains":{"BQoW6nV0U+EAkh9qAR+IP9MP1vP00DihOIMxU7K0Ai5m":{"chainKey":{"counter":0,"key":"FszypktRbg+HB3XA8Y4PcBUT9+4vjZ7Zy+1XtgbAOb4="},"chainType":1,"messageKeys":{}}},"pendingPreKey":{"signedKeyId":0,"baseKey":"BSXphoKKyZL+Bx/lYcmeInY162iAtTqnPqF1bnitPRY2","preKeyId":13899357}}},"version":"v1"}