{"_sessions":{"BQ8bt5dh893K7Md5f0vbqeY+YJqcQpuZeg1m50U/eysO":{"registrationId":262399502,"currentRatchet":{"ephemeralKeyPair":{"pubKey":"BXUTNWIBdZUaLS9HCe9fjydHNnMBv8XTsdCQJpjMFSpR","privKey":"uGJdkEZmaAMeIi3IUJ3n7BMjD2CwMnCkgCCDGnKWU1M="},"lastRemoteEphemeralKey":"BcURlIAVySQScVHQtueNiB43lj+0hx0sLzvaLH5jPNki","previousCounter":0,"rootKey":"JjPA02WGfKYV1rrqAa13rg8fD9tewgazF2gmHHWhdao="},"indexInfo":{"baseKey":"BQ8bt5dh893K7Md5f0vbqeY+YJqcQpuZeg1m50U/eysO","baseKeyType":1,"closed":-1,"used":1748566372972,"created":1748566372972,"remoteIdentityKey":"BTg8L2m56wOvUEchaWe4LGxaS8imXZ4IhGzfY08QdHsh"},"_chains":{"BXUTNWIBdZUaLS9HCe9fjydHNnMBv8XTsdCQJpjMFSpR":{"chainKey":{"counter":2,"key":"m2YGYirDfB3pscOoTxhODJ9qvXkhmrg4VYEXRRFBtoM="},"chainType":1,"messageKeys":{}}},"pendingPreKey":{"signedKeyId":10,"baseKey":"BQ8bt5dh893K7Md5f0vbqeY+YJqcQpuZeg1m50U/eysO","preKeyId":14791028}}},"version":"v1"}