{"_sessions":{"BdPqL9wwMVaEDIrHovH10mw9jTzHvyF8d1Vk9dQ2Ib8m":{"registrationId":2127385303,"currentRatchet":{"ephemeralKeyPair":{"pubKey":"BXhM1bKgUAwQXv/pde9lpZ0Mk7K+NRgy1cAFcC7gL6IV","privKey":"MLLTTsVApK1cTs0W+lnWVA+yEihUrxIddb77gPSqAGU="},"lastRemoteEphemeralKey":"BSH462QXn9kaDUgphM8/BOgSBTXYy51Zz2dT6rmdynQ0","previousCounter":0,"rootKey":"olqlBE50+Xzl/4ENXwiBZrMaCQUqZ7ghziN9LRmrdjw="},"indexInfo":{"baseKey":"BdPqL9wwMVaEDIrHovH10mw9jTzHvyF8d1Vk9dQ2Ib8m","baseKeyType":1,"closed":-1,"used":1748566373685,"created":1748566373685,"remoteIdentityKey":"BcJx7hG3XrkrGEGv4TfyHWctla7kXHyWZDQaQl/HFl8/"},"_chains":{"BXhM1bKgUAwQXv/pde9lpZ0Mk7K+NRgy1cAFcC7gL6IV":{"chainKey":{"counter":2,"key":"W1n6gUMfuZROGCrcxlHscWfo0AQQrVHXb65NbJl21+U="},"chainType":1,"messageKeys":{}}},"pendingPreKey":{"signedKeyId":3,"baseKey":"BdPqL9wwMVaEDIrHovH10mw9jTzHvyF8d1Vk9dQ2Ib8m","preKeyId":15134046}}},"version":"v1"}