{"_sessions":{"BYKOFEGLWL0pefLDB/vhEafgccIvGoL+mQ4O3+U0N5dO":{"registrationId":1679551313,"currentRatchet":{"ephemeralKeyPair":{"pubKey":"BWXtK31+YL9PH3VDyriwVBNxyZEO3t9aejEW1q3MeYgW","privKey":"yDEA7FjBYNt8UJ1efX0w2LWCL8ca8wCb8nfXOG5112w="},"lastRemoteEphemeralKey":"BX9tcyWqW08d4CxMbCrABte5P69Di+vJwejKpNdh0UJR","previousCounter":0,"rootKey":"F3XyKPxYuG1YjsWfPceFpopLMG7FdsuFcccKsDRxQFo="},"indexInfo":{"baseKey":"BYKOFEGLWL0pefLDB/vhEafgccIvGoL+mQ4O3+U0N5dO","baseKeyType":1,"closed":-1,"used":1748566372702,"created":1748566372702,"remoteIdentityKey":"Bdyq9Xk9jdyjtByYMMQbZ9Sb193RDY9VHRalgBtmXAc1"},"_chains":{"BWXtK31+YL9PH3VDyriwVBNxyZEO3t9aejEW1q3MeYgW":{"chainKey":{"counter":2,"key":"K0IsjISsZy31NPBaqgdGt40NqUt47VExtmjhVp5mJ0k="},"chainType":1,"messageKeys":{}}},"pendingPreKey":{"signedKeyId":2,"baseKey":"BYKOFEGLWL0pefLDB/vhEafgccIvGoL+mQ4O3+U0N5dO","preKeyId":10485397}}},"version":"v1"}