{"_sessions":{"BXKA+1IWveuL3W/SNEzM4tD2k+nIgZTehUfxHmY8QhUa":{"registrationId":965760909,"currentRatchet":{"ephemeralKeyPair":{"pubKey":"BdFN003wyZgDYNZ/2x9MESbbT2hLxFTCrFTPy/50jn1C","privKey":"mK875pRyK+O50qr+vGqk2YxVuLx/XgqJjrRfEyxoq0s="},"lastRemoteEphemeralKey":"BWNCjlEOY2ddNjtZCUcn10G8Hj6tY6Qgm3Yw0yfKuPgT","previousCounter":0,"rootKey":"5W1rX9kSPu5tOmc73w1qC0iTdiCYhTxMtSQvBgejWHA="},"indexInfo":{"baseKey":"BXKA+1IWveuL3W/SNEzM4tD2k+nIgZTehUfxHmY8QhUa","baseKeyType":1,"closed":-1,"used":1748566372302,"created":1748566372302,"remoteIdentityKey":"BToLH6ZDly2CbTSb+THC6bbC4nTO1pMGsUfdbD12nSJV"},"_chains":{"BdFN003wyZgDYNZ/2x9MESbbT2hLxFTCrFTPy/50jn1C":{"chainKey":{"counter":2,"key":"qEDX97lHfivP9qxJVfH/WS6AB80vQGPypEEu9bufY+0="},"chainType":1,"messageKeys":{}}},"pendingPreKey":{"signedKeyId":11306246,"baseKey":"BXKA+1IWveuL3W/SNEzM4tD2k+nIgZTehUfxHmY8QhUa","preKeyId":6501}}},"version":"v1"}