{"_sessions":{"BV7bNDoXb4V7td2H4rxT3e4FxpEjWlMp8IyKy+dW2ll4":{"registrationId":1573629839,"currentRatchet":{"ephemeralKeyPair":{"pubKey":"BaoCAULElmtQJma5I1zGeEx3gaboOkp3J5NO4l2DWZcW","privKey":"QKDqAijoK50KrY1BpQ2mCTNk5SvrE3mligkZA4quB3g="},"lastRemoteEphemeralKey":"BSYKtqTXD46GirB7k1DIMtv1pqkjjdSETpjDG7m7rtVL","previousCounter":0,"rootKey":"sTtRvHhvgOUQs0te7XD/T+XOrfG4ujnnouFtohNIXzE="},"indexInfo":{"baseKey":"BV7bNDoXb4V7td2H4rxT3e4FxpEjWlMp8IyKy+dW2ll4","baseKeyType":1,"closed":-1,"used":1748566372602,"created":1748566372602,"remoteIdentityKey":"Bc1eo1UQ74AlJCy/SmqKGSQdy/HesG7Q7pYvzFRVOKFW"},"_chains":{"BaoCAULElmtQJma5I1zGeEx3gaboOkp3J5NO4l2DWZcW":{"chainKey":{"counter":3,"key":"KqmkngMICRs1effkLdOVy9RIfDwyBrFlPNEZY/nanrE="},"chainType":1,"messageKeys":{}}},"pendingPreKey":{"signedKeyId":2,"baseKey":"BV7bNDoXb4V7td2H4rxT3e4FxpEjWlMp8IyKy+dW2ll4","preKeyId":8246786}}},"version":"v1"}