{"_sessions":{"Bcnds4HS/LqlvAbCz+0VwLMirEEIOZaMr1kHNZFC1V8X":{"registrationId":766377632,"currentRatchet":{"ephemeralKeyPair":{"pubKey":"BZ7zFMfnufQ8ik5ziJ36TWKKT23XB4s5gUafMjpNJaU8","privKey":"wBeNg4tGZ/f8QwxL22ferxV81DOH9u2Nat6gcvKVC24="},"lastRemoteEphemeralKey":"Bd5VfU/vjUuD/up6XFB+10ctz/3CHVpZnB4zcCt+s/Y/","previousCounter":0,"rootKey":"UpTHy4ZLmJbnR6anS2FzeQ9yjYK/jnxiwPtLESmBy1k="},"indexInfo":{"baseKey":"Bcnds4HS/LqlvAbCz+0VwLMirEEIOZaMr1kHNZFC1V8X","baseKeyType":1,"closed":-1,"used":1748566372912,"created":1748566372912,"remoteIdentityKey":"BbmD8uCNCJjVQT1NV9dErCiLiQZf0ZDTE0ubfOCy+61v"},"_chains":{"BZ7zFMfnufQ8ik5ziJ36TWKKT23XB4s5gUafMjpNJaU8":{"chainKey":{"counter":2,"key":"mEhEobFtdjfKrdLL3zgbj1c8euGFdge/UxFunN40oSc="},"chainType":1,"messageKeys":{}}},"pendingPreKey":{"signedKeyId":27,"baseKey":"Bcnds4HS/LqlvAbCz+0VwLMirEEIOZaMr1kHNZFC1V8X","preKeyId":15993987}}},"version":"v1"}