{"_sessions":{"BfBCB0dfz+g002r4ZA3EigNE2WIVB8rofVAWgdcQBqYc":{"registrationId":1478751914,"currentRatchet":{"ephemeralKeyPair":{"pubKey":"BQFYh9j7jXTCl+pZxCtEfsfjJ5lFl2hRvi/0aj1rytQb","privKey":"CP0TlDgRP1Gz37J1m6cqYSMo5yq1RYdmeYwoMt7+qls="},"lastRemoteEphemeralKey":"BT2w0eTV1UCEA2uIOUJtC3ELdqC3Lhyq+BO4JKe1Zt0Z","previousCounter":0,"rootKey":"Kr8jqUdwGTtqqocgbex2Rmuf6XxExhga+Jp+plvW4ms="},"indexInfo":{"baseKey":"BfBCB0dfz+g002r4ZA3EigNE2WIVB8rofVAWgdcQBqYc","baseKeyType":1,"closed":-1,"used":1748566372202,"created":1748566372202,"remoteIdentityKey":"Bfoy7+dAlsuYLw28HuPFVcJpf2nKaQcU+eKAa5ydVPEb"},"_chains":{"BQFYh9j7jXTCl+pZxCtEfsfjJ5lFl2hRvi/0aj1rytQb":{"chainKey":{"counter":2,"key":"aYPXlg/pIiXvKJaC2pA0xfeunZxiHFFetUZm4vOB/gc="},"chainType":1,"messageKeys":{}}},"pendingPreKey":{"signedKeyId":0,"baseKey":"BfBCB0dfz+g002r4ZA3EigNE2WIVB8rofVAWgdcQBqYc","preKeyId":14769894}}},"version":"v1"}