{"_sessions":{"BSnIAwUyBNG/D25afnD8QbOvCyBrH7Fe2bjcVzKSaztb":{"registrationId":1199179430,"currentRatchet":{"ephemeralKeyPair":{"pubKey":"BfcAFPo5tqwLjyhhvjQtGvXgbJgydeYkj4a3k4oiYogj","privKey":"aN7usgMmHZky2aIoAcFJH+Rbqi1Kk5PoKr8661my3nc="},"lastRemoteEphemeralKey":"BZCSmTVlLQFhXS0Na5zn/gJBhHhc/6g3+kGSzsDx66YK","previousCounter":0,"rootKey":"9Jj/ann6ATpw/Z1Br7oi57sXnJ5CZYfgzYNlmFfmrAY="},"indexInfo":{"baseKey":"BSnIAwUyBNG/D25afnD8QbOvCyBrH7Fe2bjcVzKSaztb","baseKeyType":1,"closed":-1,"used":1748566373598,"created":1748566373598,"remoteIdentityKey":"BTEhM+Fg+a/jisDK+YMiIDvUFK4prFyHFXVrpOIOHYYC"},"_chains":{"BfcAFPo5tqwLjyhhvjQtGvXgbJgydeYkj4a3k4oiYogj":{"chainKey":{"counter":2,"key":"zty90soAJcIMcmTKwYzh0vZnt7mKlWuffrB+ROLcs5g="},"chainType":1,"messageKeys":{}}},"pendingPreKey":{"signedKeyId":4,"baseKey":"BSnIAwUyBNG/D25afnD8QbOvCyBrH7Fe2bjcVzKSaztb","preKeyId":15076410}}},"version":"v1"}