{"_sessions":{"BbML7ld880IChChaF4W89pgJrjDnB/i6j2k8q6jmk8BE":{"registrationId":622218655,"currentRatchet":{"ephemeralKeyPair":{"pubKey":"BUwiNqR/5xqoD+l4Ti3kd/01WDtghp1EhC3DR+oWYOYZ","privKey":"OB9TCyoti0hwr1lGOIzEk8rLxTtaWN4P5pdXRnje8lA="},"lastRemoteEphemeralKey":"Bffl+X7GhgUTkbX0ypKszP71j5laHJmkdvjOPSoPWwVh","previousCounter":0,"rootKey":"gHpyM1KmvFK82GKyZ+Y1z1sE48kt6E6G516DHudgc6U="},"indexInfo":{"baseKey":"BbML7ld880IChChaF4W89pgJrjDnB/i6j2k8q6jmk8BE","baseKeyType":1,"closed":-1,"used":1748567564470,"created":1748567564470,"remoteIdentityKey":"Bc3wnC0kkdRQFoe7ftz2DEWEqiJG6e3+ivLYEomrVb0c"},"_chains":{"BUwiNqR/5xqoD+l4Ti3kd/01WDtghp1EhC3DR+oWYOYZ":{"chainKey":{"counter":0,"key":"PvvCAScoQUXBUYnw/4N+MLZyqJxm6++m0eNL5I0hGkM="},"chainType":1,"messageKeys":{}}},"pendingPreKey":{"signedKeyId":2,"baseKey":"BbML7ld880IChChaF4W89pgJrjDnB/i6j2k8q6jmk8BE","preKeyId":14980092}}},"version":"v1"}