{"_sessions":{"BUbPlFIgiT87wxiWftFcSHzJe6Rs4cghNAbDBpHNXhpr":{"registrationId":300907308,"currentRatchet":{"ephemeralKeyPair":{"pubKey":"BY6J1a1gZk7ReNGtIMUDMWR/9EsVjNpjQYWx3WfJcVpU","privKey":"0ObSp76fxDw7I63RJVqpmasgF60RFpBREoSz2Ymw1Xs="},"lastRemoteEphemeralKey":"BRsGB5xFgAyMUqYa3B4QhQ7kmB0EadurDqvpwpomYyY3","previousCounter":0,"rootKey":"8eqScSc/7z4jbqhnEsM/0lcCr3She2/bvK0E/wwJnuQ="},"indexInfo":{"baseKey":"BUbPlFIgiT87wxiWftFcSHzJe6Rs4cghNAbDBpHNXhpr","baseKeyType":1,"closed":-1,"used":1748566372342,"created":1748566372342,"remoteIdentityKey":"BbuRCgtFB3TUnu5Y4U3Kr2w2uYyRpsVAqusWVkQ+OK1R"},"_chains":{"BY6J1a1gZk7ReNGtIMUDMWR/9EsVjNpjQYWx3WfJcVpU":{"chainKey":{"counter":2,"key":"ZIl3dGcc2ndXXiQlxFFu6/DJrxV2nW4cCRmRKEq7M+Y="},"chainType":1,"messageKeys":{}}},"pendingPreKey":{"signedKeyId":0,"baseKey":"BUbPlFIgiT87wxiWftFcSHzJe6Rs4cghNAbDBpHNXhpr","preKeyId":8676742}}},"version":"v1"}