{"_sessions":{"BRXx56k0f23c9AdABIbcohAworrYH9fqL7G8dvDEPsNy":{"registrationId":1539437141,"currentRatchet":{"ephemeralKeyPair":{"pubKey":"BUwn46Sx5raASpX2Zx8k7cVtpdzx1ENkUX5aJDuV3lYL","privKey":"EF+94xk5ZT5OeAdbc9XNIJF2rrfTlrrPMxYkTzfM0nE="},"lastRemoteEphemeralKey":"BS+hBfZ/haCXqFnSgBb0WCGNg6xjRiOPHG4FzWo8bqIv","previousCounter":0,"rootKey":"VeQHya3Ojf9hfiPlT0QvWVXfnsvYmFTlfc+ELu3oiJk="},"indexInfo":{"baseKey":"BRXx56k0f23c9AdABIbcohAworrYH9fqL7G8dvDEPsNy","baseKeyType":1,"closed":-1,"used":1748566373115,"created":1748566373115,"remoteIdentityKey":"BXlXQNJReJ+qdQQNwms+2E2ABkIaLskVgIlgjmYR6JJZ"},"_chains":{"BUwn46Sx5raASpX2Zx8k7cVtpdzx1ENkUX5aJDuV3lYL":{"chainKey":{"counter":2,"key":"bfuPppro8AeYplBdIG7vdprDreIEKUmF2pbJN7Km+D4="},"chainType":1,"messageKeys":{}}},"pendingPreKey":{"signedKeyId":2,"baseKey":"BRXx56k0f23c9AdABIbcohAworrYH9fqL7G8dvDEPsNy","preKeyId":14076218}}},"version":"v1"}