{"_sessions":{"BWiLPS8OqB4gGRXYwcoAgE4UuqmV7QF2c1NcVlC/NIhu":{"registrationId":1855991741,"currentRatchet":{"ephemeralKeyPair":{"pubKey":"BYdXsSMDLMUCIWoCPj28mUntQJpcusp1Ry4AYn9SI8s1","privKey":"mN0inx563gLFHTVoJo8kNg0ceBHlX7xjJisUMz5WBH8="},"lastRemoteEphemeralKey":"BaWfeYGDPGPtSYVUJP0scRDPgHi1q08omV91+RON2sVC","previousCounter":0,"rootKey":"4rmfiCoQY6hoRfLO6lCb+bHJ3tMoy95HpEsxLldJkjw="},"indexInfo":{"baseKey":"BWiLPS8OqB4gGRXYwcoAgE4UuqmV7QF2c1NcVlC/NIhu","baseKeyType":1,"closed":-1,"used":1748567564715,"created":1748567564715,"remoteIdentityKey":"BYGOlwAtkHzrVFLQkJ1pFEQBkXJJdb3EgAwZHr+yQ59N"},"_chains":{"BYdXsSMDLMUCIWoCPj28mUntQJpcusp1Ry4AYn9SI8s1":{"chainKey":{"counter":0,"key":"kWmeum3mbHtzglOa8LIV0RYHtdzceRlqWSHnCbz0MsM="},"chainType":1,"messageKeys":{}}},"pendingPreKey":{"signedKeyId":9,"baseKey":"BWiLPS8OqB4gGRXYwcoAgE4UuqmV7QF2c1NcVlC/NIhu","preKeyId":7610109}}},"version":"v1"}