{"_sessions":{"BchKMN8YPmY//jwcu4KuWrlfx6Knb1eW/zhYSPpQ84wk":{"registrationId":1278644522,"currentRatchet":{"ephemeralKeyPair":{"pubKey":"BakOpIj/pbP0KjdehABn9Nwub5qhu9+a+ZgFVnSjrt05","privKey":"uKK5i8VTiZyfG2KFUfRqviBo/JCpUEUILmLezmTOuWU="},"lastRemoteEphemeralKey":"BePsXjj64jTCOIXLrA6dz1hGwAQtYuFdfh9leEamgwVH","previousCounter":0,"rootKey":"KUMR4muyiU8XIrdGhMQeHsCWRjcpADRnAhd1PUOc4AY="},"indexInfo":{"baseKey":"BchKMN8YPmY//jwcu4KuWrlfx6Knb1eW/zhYSPpQ84wk","baseKeyType":1,"closed":-1,"used":1748566373507,"created":1748566373507,"remoteIdentityKey":"Bfxwfs72+olZvkDxLGON1EjW/aMzeqRg+PEvVXzAZzMY"},"_chains":{"BakOpIj/pbP0KjdehABn9Nwub5qhu9+a+ZgFVnSjrt05":{"chainKey":{"counter":2,"key":"jwSWAUFF+UPAX/HBSp+8bnddhkvTSLK5qKHJBlj7WME="},"chainType":1,"messageKeys":{}}},"pendingPreKey":{"signedKeyId":9999886,"baseKey":"BchKMN8YPmY//jwcu4KuWrlfx6Knb1eW/zhYSPpQ84wk","preKeyId":4683}}},"version":"v1"}