{"_sessions":{"BdcJT79ZvVA4ex2bf5VztGWTt8B5joFhxs10t1Z7sZch":{"registrationId":1400053957,"currentRatchet":{"ephemeralKeyPair":{"pubKey":"BaqA2y+PXC/ouKbOipjaHaCAcPPApb4FV2CB4xkd71I6","privKey":"8C5+j3iP3zQiEQO2H2kKlNhO006dya/yV4cq96TeA2Q="},"lastRemoteEphemeralKey":"BdsGBYdCeCWRXKutF64pn5jmpGp4qd7qRQmLyJE1EKpk","previousCounter":0,"rootKey":"0ohIsxJQmxVMyBe2L7P9LuRxmCvMRc0aG2CYD9m0MUs="},"indexInfo":{"baseKey":"BdcJT79ZvVA4ex2bf5VztGWTt8B5joFhxs10t1Z7sZch","baseKeyType":1,"closed":-1,"used":1748566372661,"created":1748566372661,"remoteIdentityKey":"BZH6z5q0NTOMzcihsWBV6WOkWDjWKPq1y1YfcdQ7DplG"},"_chains":{"BaqA2y+PXC/ouKbOipjaHaCAcPPApb4FV2CB4xkd71I6":{"chainKey":{"counter":2,"key":"n+Ty0AMR9MiaS0FK7gINryNAlgUvTECfIfoif/oWcCw="},"chainType":1,"messageKeys":{}}},"pendingPreKey":{"signedKeyId":15,"baseKey":"BdcJT79ZvVA4ex2bf5VztGWTt8B5joFhxs10t1Z7sZch","preKeyId":14946939}}},"version":"v1"}