{"_sessions":{"BdDsdF/zjwPpy8GQRYiQykzttkInrTB5k4/u7YdH9PRx":{"registrationId":7756,"currentRatchet":{"ephemeralKeyPair":{"pubKey":"BSNQHB+c+T3pvwn+6tpyAYmVkVyqeBZqGmfuGA0elvpe","privKey":"aANr4Z4G3xu/Cv6KRBuw5iOzVd5v1ZdnyLRIFJVdu00="},"lastRemoteEphemeralKey":"BZtgoVfXxAngL/kO/C9yb/lRk/xLfjctw5/P5Nna0Exb","previousCounter":0,"rootKey":"fOOLEZXkTFnJMB5BfIrEuQf5RnxBst2QlrReBV8gHTI="},"indexInfo":{"baseKey":"BdDsdF/zjwPpy8GQRYiQykzttkInrTB5k4/u7YdH9PRx","baseKeyType":1,"closed":-1,"used":1748567564020,"created":1748567564020,"remoteIdentityKey":"BShXaN+yB/J5NMcHqtHc2yNp3bwaScXmjPlBJT7CF1EG"},"_chains":{"BSNQHB+c+T3pvwn+6tpyAYmVkVyqeBZqGmfuGA0elvpe":{"chainKey":{"counter":0,"key":"r1xPu1Zy85ftrW1i3qYrJ3SZ4WKY7wpmGaE7+FumWvQ="},"chainType":1,"messageKeys":{}}},"pendingPreKey":{"signedKeyId":1,"baseKey":"BdDsdF/zjwPpy8GQRYiQykzttkInrTB5k4/u7YdH9PRx"}}},"version":"v1"}