{"_sessions":{"BcjyrC6ZfiYyH1d28gsbJPbZ5CMeVwpn5cmwH3fFTBAp":{"registrationId":1154195277,"currentRatchet":{"ephemeralKeyPair":{"pubKey":"BQ5vFM64CeufvjlDWcEEks8U4W76CxgorATHgv5OTwAm","privKey":"0AlzFatxawcmg8HYNeDcb/SyAdYcofr60/B9EvhA6nc="},"lastRemoteEphemeralKey":"BZg6ZnXUldrHs5H70pV94zvwHPFrP/5R9nH+/A/ZLaBK","previousCounter":0,"rootKey":"DxnUmL4vdhSLPhSbgR7WkX2gw8zy1YUM92Ju9U8DCcc="},"indexInfo":{"baseKey":"BcjyrC6ZfiYyH1d28gsbJPbZ5CMeVwpn5cmwH3fFTBAp","baseKeyType":1,"closed":-1,"used":1748566373319,"created":1748566373319,"remoteIdentityKey":"BfzKGmDtoheGm8+GFynwXUVDGSYVKfEix1LZQo+obZl7"},"_chains":{"BQ5vFM64CeufvjlDWcEEks8U4W76CxgorATHgv5OTwAm":{"chainKey":{"counter":2,"key":"SwmQOuTFlQ4I2J8epsWKzzBwgM0tk5Ffds7wnL57jB8="},"chainType":1,"messageKeys":{}}},"pendingPreKey":{"signedKeyId":0,"baseKey":"BcjyrC6ZfiYyH1d28gsbJPbZ5CMeVwpn5cmwH3fFTBAp","preKeyId":14022660}}},"version":"v1"}