{"_sessions":{"BRrwcrj92XFmuRl3KJtScy4Gy/afc4F/ff6rL0sAund4":{"registrationId":598179916,"currentRatchet":{"ephemeralKeyPair":{"pubKey":"Bc3lwzgDB/XPWDB4+kp0XJ9cNYbo0E+apyRIM5uxRPJe","privKey":"kAhiDXgF23nsstTs3/F7hrNNBZaMnUb0vwHOq39IcUo="},"lastRemoteEphemeralKey":"BaWByeac1pk2qrSl9XwinKh97yOPcSyX2mW+XntGGJJn","previousCounter":0,"rootKey":"WPvm1yEmSYzI8aYINQ89kz7ciAKsssigPB5gijgo9yI="},"indexInfo":{"baseKey":"BRrwcrj92XFmuRl3KJtScy4Gy/afc4F/ff6rL0sAund4","baseKeyType":1,"closed":-1,"used":1748566371968,"created":1748566371968,"remoteIdentityKey":"BWgKW8Bx3tq/LlozJckZuN58SJa2F2Ys477gEI+KsfJA"},"_chains":{"Bc3lwzgDB/XPWDB4+kp0XJ9cNYbo0E+apyRIM5uxRPJe":{"chainKey":{"counter":2,"key":"WzzCRwkcaisJGj7cWpW/yZZpZcrWI50/o2+xGyxG2TY="},"chainType":1,"messageKeys":{}}},"pendingPreKey":{"signedKeyId":1,"baseKey":"BRrwcrj92XFmuRl3KJtScy4Gy/afc4F/ff6rL0sAund4","preKeyId":1851}}},"version":"v1"}