{"_sessions":{"BRPugo+UHtTHflpByazN7cJd1soxF/ENJH9LXanDQMYB":{"registrationId":1858373828,"currentRatchet":{"ephemeralKeyPair":{"pubKey":"BaNIi/vhaBSF7h8waJWUJQiZzFoptp6psBKDdrOwi5c6","privKey":"sOLRJMpsD50Oyf1u1hlfDtcultU75Tn21O80N38T81A="},"lastRemoteEphemeralKey":"BZxDEwuVwDH5vfrTWMaUzKZQ8AObc159t9K0bSk5qKU1","previousCounter":0,"rootKey":"FiNjfHysZi0+WItbTiTdRhNTmV9EFPZRfEwR6CyrDFA="},"indexInfo":{"baseKey":"BRPugo+UHtTHflpByazN7cJd1soxF/ENJH9LXanDQMYB","baseKeyType":1,"closed":-1,"used":1748567564709,"created":1748567564709,"remoteIdentityKey":"BYmALyxcXojchaW/hhs5yAHHg2ZWbss52OypE7dBqOQT"},"_chains":{"BaNIi/vhaBSF7h8waJWUJQiZzFoptp6psBKDdrOwi5c6":{"chainKey":{"counter":0,"key":"V3TRaG3IUf2WKLxZqBe20nytldTVYHYD4uJBIkNWP8E="},"chainType":1,"messageKeys":{}}},"pendingPreKey":{"signedKeyId":16,"baseKey":"BRPugo+UHtTHflpByazN7cJd1soxF/ENJH9LXanDQMYB","preKeyId":16379368}}},"version":"v1"}