{"_sessions":{"BTv3h7jCwwiEQhR3slVJ4wdOa7TSmQ3EvUYOu/hVK9YS":{"registrationId":1288967773,"currentRatchet":{"ephemeralKeyPair":{"pubKey":"Bbd2lFuZocFtQg6/6TuU7Qz4qOWAn+MK4MiuoSURBlMp","privKey":"2FGdSOHYbT41zuRd/i1KylLxiFqRNb/FhHt3eRT9klY="},"lastRemoteEphemeralKey":"Bc5k2g5yrKXXjevSbuxaFfiIIyY/SrX2Qj52gf41DI5I","previousCounter":0,"rootKey":"4PfoeUWT2NBowseh4uu5hXb8kW9QreTNBbP0daJszaM="},"indexInfo":{"baseKey":"BTv3h7jCwwiEQhR3slVJ4wdOa7TSmQ3EvUYOu/hVK9YS","baseKeyType":1,"closed":-1,"used":1748566372761,"created":1748566372761,"remoteIdentityKey":"BVf364Zn5gzC0c9HnC2TRD4e58yyLXN4DcpsUO8m49N0"},"_chains":{"Bbd2lFuZocFtQg6/6TuU7Qz4qOWAn+MK4MiuoSURBlMp":{"chainKey":{"counter":2,"key":"gsAcwRO+BbyzdSEzFUt3B1spBymKR84256USewt1W+w="},"chainType":1,"messageKeys":{}}},"pendingPreKey":{"signedKeyId":2,"baseKey":"BTv3h7jCwwiEQhR3slVJ4wdOa7TSmQ3EvUYOu/hVK9YS","preKeyId":15196921}}},"version":"v1"}