{"_sessions":{"BQ0q4eP/uWfkFx2ktonU6uNJgMPVYn9B2Y2ZPwHRilwy":{"registrationId":813789247,"currentRatchet":{"ephemeralKeyPair":{"pubKey":"BWgondGZPnX2PyTNUEQ2bM6rBuDYS4SPRuQZUHn/pCQE","privKey":"AAPo1mfNHvwHb67at7k7rADLGOma2BXAw5czNuGRjlE="},"lastRemoteEphemeralKey":"BaFQ1wHK9Z1M5JxI2ilM8tlIp22YN7PKNzpJJ+SIDroH","previousCounter":0,"rootKey":"c8L+MMP8kEaIo4kG4kRQH/ozMwDdrp3B27AGHEr556Q="},"indexInfo":{"baseKey":"BQ0q4eP/uWfkFx2ktonU6uNJgMPVYn9B2Y2ZPwHRilwy","baseKeyType":1,"closed":-1,"used":1748567564627,"created":1748567564627,"remoteIdentityKey":"BQBLiUbV7gfUUJ/YmtPAq/e28l23xP5FhA+yqfVgqUZB"},"_chains":{"BWgondGZPnX2PyTNUEQ2bM6rBuDYS4SPRuQZUHn/pCQE":{"chainKey":{"counter":0,"key":"ZziqdWZB5QVgDdJQdupZukXWs33CDLAIP9N7OPedKus="},"chainType":1,"messageKeys":{}}},"pendingPreKey":{"signedKeyId":2,"baseKey":"BQ0q4eP/uWfkFx2ktonU6uNJgMPVYn9B2Y2ZPwHRilwy","preKeyId":12511813}}},"version":"v1"}