{"_sessions":{"BTKCGSirFM34P4vbj0Os7RSN/AzlgYAa1sWs/HzfGy5g":{"registrationId":566549382,"currentRatchet":{"ephemeralKeyPair":{"pubKey":"BdKNtANvmLV5IxR8W8Pbkb5LdEeyzSlYWT23grp1L/94","privKey":"OLef0CF3UYtmNh29/YbZdqJic1L6SRTpwVIwvrZSe2c="},"lastRemoteEphemeralKey":"BSGiS+X5oeRo/hqfEomq9x/7mp7HlMrdlSb6FoHltgxe","previousCounter":0,"rootKey":"B6u6hcDGCyTkVgLhqepTG1YF6WPq+ySzQuEo3mjueZU="},"indexInfo":{"baseKey":"BTKCGSirFM34P4vbj0Os7RSN/AzlgYAa1sWs/HzfGy5g","baseKeyType":1,"closed":-1,"used":1748566373097,"created":1748566373097,"remoteIdentityKey":"BXFkTB5ddcUJG5Z1p94sfiysVrp2ZgXFIhkCrusFnOZj"},"_chains":{"BdKNtANvmLV5IxR8W8Pbkb5LdEeyzSlYWT23grp1L/94":{"chainKey":{"counter":2,"key":"6S1AJcsj/qwJ2nF4XIQfN3nu+x8vvwY9n8qHujzC6ik="},"chainType":1,"messageKeys":{}}},"pendingPreKey":{"signedKeyId":2,"baseKey":"BTKCGSirFM34P4vbj0Os7RSN/AzlgYAa1sWs/HzfGy5g"}}},"version":"v1"}