{"_sessions":{"BelfwBa9zdqTW4Vri/UpKhpR7KNXahj8s+cKukBZrC99":{"registrationId":2139806080,"currentRatchet":{"ephemeralKeyPair":{"pubKey":"BaQ8/Q2RLpF8bpyjrzR4koQMBGg/I1IHrf2o3KlL0Mkc","privKey":"wCvxKrVALijtSxKFzREs0FE/3JNA+H/DM/t6XkvsrW8="},"lastRemoteEphemeralKey":"Bb+WzlDuCcfOjpXFkzsjLdnsF2WlHciavSNGovI03cFw","previousCounter":0,"rootKey":"kJFhEOdxStsRXvFwZupp1ft8bwjxtisc1oV8mbIy+Ko="},"indexInfo":{"baseKey":"BelfwBa9zdqTW4Vri/UpKhpR7KNXahj8s+cKukBZrC99","baseKeyType":1,"closed":-1,"used":1748567564214,"created":1748567564214,"remoteIdentityKey":"BdN7VRPDg2FQdrg7+CkN+Bul/ZAzr1dKWGnBx2m6RsZN"},"_chains":{"BaQ8/Q2RLpF8bpyjrzR4koQMBGg/I1IHrf2o3KlL0Mkc":{"chainKey":{"counter":0,"key":"ZeQRmCQhkXoVOtgaE619RQqBsWwPQQ9sZqdc0TulUFk="},"chainType":1,"messageKeys":{}}},"pendingPreKey":{"signedKeyId":38,"baseKey":"BelfwBa9zdqTW4Vri/UpKhpR7KNXahj8s+cKukBZrC99","preKeyId":703921}}},"version":"v1"}