{"_sessions":{"BeSTdUiOIpWlQqH4qPfa+CA7YkKBMQ8oKBUoPTRWNy0e":{"registrationId":731952972,"currentRatchet":{"ephemeralKeyPair":{"pubKey":"BWrmZEfOzJUc50m6RStyHqmJqR4RocsM/FCVKdGTMB1Q","privKey":"6ALTNQFxPCmYPYrqMtLLCaeXNw8iHMoQHa9qNqTxXnE="},"lastRemoteEphemeralKey":"BR6rMevCNX35DJLMmdI7PtduSnsyJnaqIl6LwSu/7Wsf","previousCounter":0,"rootKey":"3JbI8PMoGiM4CX/pznFOmV8zs+j23n1EznUYo2REYq8="},"indexInfo":{"baseKey":"BeSTdUiOIpWlQqH4qPfa+CA7YkKBMQ8oKBUoPTRWNy0e","baseKeyType":1,"closed":-1,"used":1748567564687,"created":1748567564687,"remoteIdentityKey":"BbUUcgN36c+ioiXP9zfKXd8hIfT/JX9T9je7MhpZ+TZz"},"_chains":{"BWrmZEfOzJUc50m6RStyHqmJqR4RocsM/FCVKdGTMB1Q":{"chainKey":{"counter":0,"key":"3+ApPftcrxLUxhefECkNyZhU5dObI/iMhHKb4I4baSM="},"chainType":1,"messageKeys":{}}},"pendingPreKey":{"signedKeyId":9,"baseKey":"BeSTdUiOIpWlQqH4qPfa+CA7YkKBMQ8oKBUoPTRWNy0e","preKeyId":2761170}}},"version":"v1"}