{"_sessions":{"BSD65X5NQ2+pbBzFubBry4KCDzGLpZG58Znppa3N8Mhe":{"registrationId":1875739256,"currentRatchet":{"ephemeralKeyPair":{"pubKey":"BYGm6S29BmW4ZvHqruwIP+KpVSnXsrd/w9lVvK2/WEgA","privKey":"YHn41TfyTZ9nupWqqW/YzHIlGi1n+MJkBptgXsckLEo="},"lastRemoteEphemeralKey":"BYdnUU6P7XZDUptl6WZjGerUqYXGXbEMmWHVKqlYP64m","previousCounter":0,"rootKey":"Vl6/1MkH6MAFEqtqg7yuJhwAZpvbm+c3+rwxJ1Frosk="},"indexInfo":{"baseKey":"BSD65X5NQ2+pbBzFubBry4KCDzGLpZG58Znppa3N8Mhe","baseKeyType":1,"closed":-1,"used":1748566373489,"created":1748566373489,"remoteIdentityKey":"Bb8op+BL1DrLkbPAi3lWk42VXoN3DcOa/tHXrotfKJt7"},"_chains":{"BYGm6S29BmW4ZvHqruwIP+KpVSnXsrd/w9lVvK2/WEgA":{"chainKey":{"counter":3,"key":"tWEgKWkDifB/r/ix+KOC2yjN4m0T6YmG/Z0pNBnxPIs="},"chainType":1,"messageKeys":{}}},"pendingPreKey":{"signedKeyId":4923008,"baseKey":"BSD65X5NQ2+pbBzFubBry4KCDzGLpZG58Znppa3N8Mhe"}}},"version":"v1"}