{"_sessions":{"BcJf9Xint82ZftqQ5Nwp67zPrtac9x6ka3+EMwV88ZRp":{"registrationId":83612812,"currentRatchet":{"ephemeralKeyPair":{"pubKey":"Ba5iWdI5LF6RncPlnMamdqt3Zqh3mjjz2INmWAYQkjYh","privKey":"kPuely9CZpPK3wKONdE2e+yLigMXSNVh3Z1qTEFht2I="},"lastRemoteEphemeralKey":"BdjQuL81AuZ6MtXcnDDP4xk26W7aKRji/EwZtWeFaHMU","previousCounter":0,"rootKey":"ItE5BKLr5qOh0k/s1iWUtKSSA9z9hO2JksZjh7Y0WXo="},"indexInfo":{"baseKey":"BcJf9Xint82ZftqQ5Nwp67zPrtac9x6ka3+EMwV88ZRp","baseKeyType":1,"closed":-1,"used":1748566372208,"created":1748566372208,"remoteIdentityKey":"BWDhC8g686u2PRcvHAju6u+EVVHsho0aDtRdDDjpY586"},"_chains":{"Ba5iWdI5LF6RncPlnMamdqt3Zqh3mjjz2INmWAYQkjYh":{"chainKey":{"counter":2,"key":"+uH3lYsCGmCVbv6DvL0A3t2VTblHACzbQkoX5Y2Uqfk="},"chainType":1,"messageKeys":{}}},"pendingPreKey":{"signedKeyId":0,"baseKey":"BcJf9Xint82ZftqQ5Nwp67zPrtac9x6ka3+EMwV88ZRp","preKeyId":11530348}}},"version":"v1"}