{"_sessions":{"BS8axisLkcv5PF2bZqFJl7V8FjWADk2VkWAMsVeOLmEd":{"registrationId":1049697381,"currentRatchet":{"ephemeralKeyPair":{"pubKey":"BU+/Z2GZ1RW1oDr2o5CSEqdqSGgKd9mMMkUug00ddVh3","privKey":"6KUc8qOKNFrLSgtCGfh04ejKWd8FDLn95R8ixl4XuW0="},"lastRemoteEphemeralKey":"BeRJk8EL1ai0VKBtMpo+aKQRi6mULZpSvoAx2vmz63F/","previousCounter":0,"rootKey":"hZ+MJzRWOb6h/iv5CwlwaLxKTdwi7rIRKr5LDuUegE0="},"indexInfo":{"baseKey":"BS8axisLkcv5PF2bZqFJl7V8FjWADk2VkWAMsVeOLmEd","baseKeyType":1,"closed":-1,"used":1748566373451,"created":1748566373451,"remoteIdentityKey":"BYpoVwmWEpOnJk78NSzgpbxwke+S3+wQ9xMVyzmN/zQx"},"_chains":{"BU+/Z2GZ1RW1oDr2o5CSEqdqSGgKd9mMMkUug00ddVh3":{"chainKey":{"counter":2,"key":"rkOSq54s687+Q5GdWENwIyUt6oIO1k+7bnWeCtMt/3g="},"chainType":1,"messageKeys":{}}},"pendingPreKey":{"signedKeyId":6,"baseKey":"BS8axisLkcv5PF2bZqFJl7V8FjWADk2VkWAMsVeOLmEd","preKeyId":10695112}}},"version":"v1"}