{"_sessions":{"BcJAyEK7r9AQdViBhCYTlj4hAhyuAEzs12UT3OMRYCtJ":{"registrationId":1763179034,"currentRatchet":{"ephemeralKeyPair":{"pubKey":"BcHxjqbDXuKjfQ3vgnrUDmzTYbkKIjgrv9IQgcOPo8Rj","privKey":"CMc+CN+7B1kYifAQS+q9IxLr6Eik/Bw1+IRnUIMC8n8="},"lastRemoteEphemeralKey":"BTobvCWvW5MORcGl6Wf4cJkW9eE9FWCNhr3iIWaAY2gr","previousCounter":0,"rootKey":"2CcHE3EAgzwOMvpnAvbmZT7sWV/bi8SToGT0/uK+mpY="},"indexInfo":{"baseKey":"BcJAyEK7r9AQdViBhCYTlj4hAhyuAEzs12UT3OMRYCtJ","baseKeyType":1,"closed":-1,"used":1748566372744,"created":1748566372744,"remoteIdentityKey":"BeZcc5Lh3JMypUqie92iPpDjStxY/0EV3SyFGBkv+tdf"},"_chains":{"BcHxjqbDXuKjfQ3vgnrUDmzTYbkKIjgrv9IQgcOPo8Rj":{"chainKey":{"counter":2,"key":"THc0++8gaF4b7fXX69nX+Csc6G8VeSVSZK2PJy3hMOk="},"chainType":1,"messageKeys":{}}},"pendingPreKey":{"signedKeyId":28,"baseKey":"BcJAyEK7r9AQdViBhCYTlj4hAhyuAEzs12UT3OMRYCtJ"}}},"version":"v1"}