{"_sessions":{"BV5IfJ/lMva8dI0yWzHcLhEnAuGc2FZ+9ScTlVD9inV4":{"registrationId":132899945,"currentRatchet":{"ephemeralKeyPair":{"pubKey":"BeHlVugCNwVdAJPo3dW2F4iPTSqts5TG/um2o8kPiAAy","privKey":"OL3yXr//UnnsYHl7qnreL+ahHyMs6CT4mxvG7TiHTHs="},"lastRemoteEphemeralKey":"BTNY+/fvB/4/RvBIK78zcvYgP7Du/tHGoLQwcloFVmAP","previousCounter":0,"rootKey":"2QJRQBXJ3TMukaqYZNx4764/RV6D6gJ9o0hkT1MoOJo="},"indexInfo":{"baseKey":"BV5IfJ/lMva8dI0yWzHcLhEnAuGc2FZ+9ScTlVD9inV4","baseKeyType":1,"closed":-1,"used":1748566372807,"created":1748566372807,"remoteIdentityKey":"BRway9gnYStrP1q0sKr11e5tUr4c6TURbyJAOHzHVRsz"},"_chains":{"BeHlVugCNwVdAJPo3dW2F4iPTSqts5TG/um2o8kPiAAy":{"chainKey":{"counter":2,"key":"WdQQLwW9q2mUT65WjTCitCityGTqZbc8qeA5nG3DWsE="},"chainType":1,"messageKeys":{}}},"pendingPreKey":{"signedKeyId":6,"baseKey":"BV5IfJ/lMva8dI0yWzHcLhEnAuGc2FZ+9ScTlVD9inV4","preKeyId":14394440}}},"version":"v1"}