{"_sessions":{"BQUccWk88t7joaS8OPhDqNJfSmfLJcW32nSTIuYuz3dW":{"registrationId":1369681024,"currentRatchet":{"ephemeralKeyPair":{"pubKey":"BfnVG2Clu6GEjzjrAYcwP/zEnSL6oD7N8rigRRcTLXkv","privKey":"OG+jENgGA5/ARowEbB0UFK+2JB+vCLgpXR0hE4OemmI="},"lastRemoteEphemeralKey":"BX5Xt/EZTjicco4hOoHUCsoowG/TzcXnKMp0Nl7VhmgR","previousCounter":0,"rootKey":"Ki2csfDGowGljLooqnNKHe8mClM2Ws/tGhgW633oPgM="},"indexInfo":{"baseKey":"BQUccWk88t7joaS8OPhDqNJfSmfLJcW32nSTIuYuz3dW","baseKeyType":1,"closed":-1,"used":1748566373356,"created":1748566373356,"remoteIdentityKey":"BWDHudu5okhH8OaYRv0sPMC4EjSUXEy4Oo8Zb4a07WcP"},"_chains":{"BfnVG2Clu6GEjzjrAYcwP/zEnSL6oD7N8rigRRcTLXkv":{"chainKey":{"counter":2,"key":"KpmvzJDQQW6a24VP1bkZBlVQNbHvc4FQdyBajqAoNIw="},"chainType":1,"messageKeys":{}}},"pendingPreKey":{"signedKeyId":2,"baseKey":"BQUccWk88t7joaS8OPhDqNJfSmfLJcW32nSTIuYuz3dW"}}},"version":"v1"}