{"_sessions":{"BTVDWAJhTpWl+9H46n4uFqCOCT+R1+AvD9sIaDGhSYhe":{"registrationId":1600874497,"currentRatchet":{"ephemeralKeyPair":{"pubKey":"BW4XLi5yhqG1X1Y3xnuGufYWllCu2r2Hxcfu3vLG3DwI","privKey":"WOLr0y8WLIZuynfnGpND8N5w+UgwJ8Ad/iX/7WZD200="},"lastRemoteEphemeralKey":"BVaWOvk4WqemM/GsCGF15O+jQfEGfE1XeQnMghdCfusD","previousCounter":0,"rootKey":"Ei+zkmqhxu80G5rAeADOLAbfiBE2mOFYKlmDyfpBY8E="},"indexInfo":{"baseKey":"BTVDWAJhTpWl+9H46n4uFqCOCT+R1+AvD9sIaDGhSYhe","baseKeyType":1,"closed":-1,"used":1748566373525,"created":1748566373525,"remoteIdentityKey":"BWWRuDlYMIAPE/zc6qNJAZbc7wj1b+50nqGXCAeYNy4f"},"_chains":{"BW4XLi5yhqG1X1Y3xnuGufYWllCu2r2Hxcfu3vLG3DwI":{"chainKey":{"counter":2,"key":"TZLxuOEg6TwwNKzie+Tq4b0wENsH8cXSmP9Q3dMauE8="},"chainType":1,"messageKeys":{}}},"pendingPreKey":{"signedKeyId":2639212,"baseKey":"BTVDWAJhTpWl+9H46n4uFqCOCT+R1+AvD9sIaDGhSYhe","preKeyId":1859}}},"version":"v1"}