{"_sessions":{"BeONYJ+u6q3+lXkxVm8zmMvbCMTheHYbiIvn/MXMVUlY":{"registrationId":1339040864,"currentRatchet":{"ephemeralKeyPair":{"pubKey":"BSZYV/W8xEAlu5MDYII/EI0UC+TKjLZP2wybO+dCijE3","privKey":"yAfWluHauDFDFbcLzvSFq5mJTfh3q7CtCU3mKP78F3A="},"lastRemoteEphemeralKey":"BZi9KdNH0DgGczfBEJAXgpj2mmjhy1/sTh2cliEs2TlU","previousCounter":0,"rootKey":"4rDf2TQi5hEkrxhF8rwRTcDn27F5JxTbjY+JSBY+F0U="},"indexInfo":{"baseKey":"BeONYJ+u6q3+lXkxVm8zmMvbCMTheHYbiIvn/MXMVUlY","baseKeyType":1,"closed":-1,"used":1748566373346,"created":1748566373346,"remoteIdentityKey":"BfaBT2NDxz70E4MW4pWEuVlDPUPMwrnw9V9PabZZYOAD"},"_chains":{"BSZYV/W8xEAlu5MDYII/EI0UC+TKjLZP2wybO+dCijE3":{"chainKey":{"counter":2,"key":"3MYDvuBgDhj7Ot1+rwjE8HAMuqOFiBmkXNxV28L3Ysc="},"chainType":1,"messageKeys":{}}},"pendingPreKey":{"signedKeyId":0,"baseKey":"BeONYJ+u6q3+lXkxVm8zmMvbCMTheHYbiIvn/MXMVUlY","preKeyId":2786609}}},"version":"v1"}