{"_sessions":{"BXkJ3aizzCgyXjNfZp9Gl04EJHIyc1TyMmuru8jBy2c9":{"registrationId":1771730526,"currentRatchet":{"ephemeralKeyPair":{"pubKey":"Ba5LlFW9bd4KnaLodMNKOC6PyWdFWi66xLtmCWzXJ+hM","privKey":"IOzBKZk8WeBPbUe9xGUInk6JhdDroYINXI1/O86mME0="},"lastRemoteEphemeralKey":"BckxdtaFNnu9PAxwBPaxwFJSwHJVxaFITvNKhFEuDmYi","previousCounter":0,"rootKey":"oky7LbyUGw9CN009HM2YuaVnGwUgJawv/5i46UefvmQ="},"indexInfo":{"baseKey":"BXkJ3aizzCgyXjNfZp9Gl04EJHIyc1TyMmuru8jBy2c9","baseKeyType":1,"closed":-1,"used":1748567564760,"created":1748567564760,"remoteIdentityKey":"BbmWTCZj6Rtq+25HHM3pcGTPcrxIcRk7jTBFKTNMZll7"},"_chains":{"Ba5LlFW9bd4KnaLodMNKOC6PyWdFWi66xLtmCWzXJ+hM":{"chainKey":{"counter":0,"key":"YnL0gACFJ1cB6KqP4Q9HHBsECSzYCmrToglp/yTBOaA="},"chainType":1,"messageKeys":{}}},"pendingPreKey":{"signedKeyId":4,"baseKey":"BXkJ3aizzCgyXjNfZp9Gl04EJHIyc1TyMmuru8jBy2c9"}}},"version":"v1"}