{"_sessions":{"BVY1oEai89BRB3flv4D/VgJfix6UVH/eLIP6DIqQ8kFm":{"registrationId":5306,"currentRatchet":{"ephemeralKeyPair":{"pubKey":"BZ8htrgFWxZ/DPp5cICh19xNq1dUxbHg63wRAWdtPxVJ","privKey":"IISAVfzKYbwr19v63hxIX67BqzSmzucUOQeXH6d+6Gw="},"lastRemoteEphemeralKey":"BW2VQIvsLGyok9vCOmhu9fjokp7mttrgXZhERuV7Rr1S","previousCounter":0,"rootKey":"TS18oMw+fkfoCn5mCwaCNZcY647j9vf8Ku3p7a+rxKo="},"indexInfo":{"baseKey":"BVY1oEai89BRB3flv4D/VgJfix6UVH/eLIP6DIqQ8kFm","baseKeyType":1,"closed":-1,"used":1748567563864,"created":1748567563864,"remoteIdentityKey":"BQND9pWXpd2n8K9rATPEb0M1L5hjThfCh9AIEr7ScaR0"},"_chains":{"BZ8htrgFWxZ/DPp5cICh19xNq1dUxbHg63wRAWdtPxVJ":{"chainKey":{"counter":0,"key":"FJAlqi/zoU9wER4VCWAIc2u9Fz3DR3M7nJoDY8QJKcM="},"chainType":1,"messageKeys":{}}},"pendingPreKey":{"signedKeyId":1,"baseKey":"BVY1oEai89BRB3flv4D/VgJfix6UVH/eLIP6DIqQ8kFm"}}},"version":"v1"}