{"_sessions":{"BXj7R2B8J1TCr+et8I7G4nZAauSR4FubVEIe8tSCo7Ve":{"registrationId":1112464404,"currentRatchet":{"ephemeralKeyPair":{"pubKey":"BRjnhN+qQnkpnM6QExb1kswDbyyhSw/p5hDgt5REmEkV","privKey":"kCuGYseFRruQOjE/kY5/uDuU4ZswRrsCQqmZbuolvG4="},"lastRemoteEphemeralKey":"BS0E7rZ2O2wlESEqT9NE8tVjF3FetJU7jeESfYtZPKkN","previousCounter":0,"rootKey":"dnfngjt3Ddw2wOf1gpHjt/evbP/TYUjSJ7DVCtRmsTs="},"indexInfo":{"baseKey":"BXj7R2B8J1TCr+et8I7G4nZAauSR4FubVEIe8tSCo7Ve","baseKeyType":1,"closed":-1,"used":1748566372308,"created":1748566372308,"remoteIdentityKey":"BVF5jOFM3JZdYquk+7ztnSI3KfZPChYnSkPlPaAxsfJa"},"_chains":{"BRjnhN+qQnkpnM6QExb1kswDbyyhSw/p5hDgt5REmEkV":{"chainKey":{"counter":2,"key":"1mq80zUdavAWXYZlXut0Nb9eeka7n8Nn6HO2Q6q1CZk="},"chainType":1,"messageKeys":{}}},"pendingPreKey":{"signedKeyId":12,"baseKey":"BXj7R2B8J1TCr+et8I7G4nZAauSR4FubVEIe8tSCo7Ve","preKeyId":15848381}}},"version":"v1"}