{"_sessions":{"BZqqyGTiWBnGxEHXH/w3MxFCALqXILG6WuWQSj2q/Us0":{"registrationId":3681,"currentRatchet":{"ephemeralKeyPair":{"pubKey":"BQKBlUWlfO5xUAcC8zM3aVLBnXUvq69hj7atWwEW5fou","privKey":"iNFSv5/NIsCzJF0+q/GuT8jNEQqphzKfz/9dGBBbRlg="},"lastRemoteEphemeralKey":"BT4s8YWuHseanLtCR24Fe43XuWWNMSaKIgTiVkvwNQZV","previousCounter":0,"rootKey":"U1Q1E8xBax8u49cMiTPuPjGS8RxR3f6zfsKPVgx+NDw="},"indexInfo":{"baseKey":"BZqqyGTiWBnGxEHXH/w3MxFCALqXILG6WuWQSj2q/Us0","baseKeyType":1,"closed":-1,"used":1748566371348,"created":1748566371348,"remoteIdentityKey":"BTUuA4fJPKYkrMvJciUw6hsUZ+Bv1wXE1VjokdMcBHNq"},"_chains":{"BQKBlUWlfO5xUAcC8zM3aVLBnXUvq69hj7atWwEW5fou":{"chainKey":{"counter":2,"key":"ZLQmwQsYExRJvGNUR5Zq41LZlCm1cmhriacxAQj9cfc="},"chainType":1,"messageKeys":{}}},"pendingPreKey":{"signedKeyId":1,"baseKey":"BZqqyGTiWBnGxEHXH/w3MxFCALqXILG6WuWQSj2q/Us0"}}},"version":"v1"}