{"_sessions":{"BYHA0qm38FYu/ZywT/lUtjVPnLQBPOKinaCHF7mr68wD":{"registrationId":304322389,"currentRatchet":{"ephemeralKeyPair":{"pubKey":"BQAxaqkk5UKUnjth9MJCQ0sXRYvue2Bt6pcRDKUuF38i","privKey":"GN14c47+9m9XrE/NTAgIQSk6flvnynUBXy82u58H8VU="},"lastRemoteEphemeralKey":"BSMy9gmMgBVKX73S5BKbSJ279IsdAM6g4oxVmrzqGi0g","previousCounter":0,"rootKey":"6ASJQ1/oFJlvyC7rQaPEyyMFoOzYYviKrB0D7GYLlnI="},"indexInfo":{"baseKey":"BYHA0qm38FYu/ZywT/lUtjVPnLQBPOKinaCHF7mr68wD","baseKeyType":1,"closed":-1,"used":1748566373663,"created":1748566373663,"remoteIdentityKey":"BdgY+fw96ayloVI2oq2IyX/62l+tj+236xTz8CNlZ05k"},"_chains":{"BQAxaqkk5UKUnjth9MJCQ0sXRYvue2Bt6pcRDKUuF38i":{"chainKey":{"counter":2,"key":"o4J25Jb9abcipRvdWWTSC90jOwmBPsKPnWwHiTQrZd8="},"chainType":1,"messageKeys":{}}},"pendingPreKey":{"signedKeyId":2,"baseKey":"BYHA0qm38FYu/ZywT/lUtjVPnLQBPOKinaCHF7mr68wD","preKeyId":16390655}}},"version":"v1"}