{"_sessions":{"BWMfUB1l8OQf89sfID5rB0qP38chfc/fVQFijBbpZKYw":{"registrationId":230195139,"currentRatchet":{"ephemeralKeyPair":{"pubKey":"BRP9VAgmJmbS6kdF8bUFDhtwVBZIdFE5PxDIWEFMbX1i","privKey":"sEW+KwJebgr5cGRoPw09X4vUj1DFnO05DhevoCtGt1k="},"lastRemoteEphemeralKey":"BVLUKpobxH7OvEWse6sv39lO6WD/rhwdF160BWzUMh0T","previousCounter":0,"rootKey":"cLKH1mGgNH+DIpJP4N0IeBzLZRs1zEoqW7TfW8ycWIc="},"indexInfo":{"baseKey":"BWMfUB1l8OQf89sfID5rB0qP38chfc/fVQFijBbpZKYw","baseKeyType":1,"closed":-1,"used":1748566373024,"created":1748566373024,"remoteIdentityKey":"BX5TWlk9wPDwcblMlZ9i4WvRKs5BJUOxY5f1TUlF8ONr"},"_chains":{"BRP9VAgmJmbS6kdF8bUFDhtwVBZIdFE5PxDIWEFMbX1i":{"chainKey":{"counter":2,"key":"qx/YCwVVvNHxq1GnR8MaH+ZwHeQVy7jJzII0mbC1h/k="},"chainType":1,"messageKeys":{}}},"pendingPreKey":{"signedKeyId":5,"baseKey":"BWMfUB1l8OQf89sfID5rB0qP38chfc/fVQFijBbpZKYw","preKeyId":3309774}}},"version":"v1"}