{"_sessions":{"BSUXelJAoY2wzEbiKDx/ME5VgtSBMmT+hGP9Xmzb56dO":{"registrationId":1467966358,"currentRatchet":{"ephemeralKeyPair":{"pubKey":"BXJcr0hw4Guo9T5ExFxJYUahswS/DFTyvHsxFl3vaGIi","privKey":"AL7wVnuyKDCn4jVQEVVXax9aiVygRIVaZ6yqqj1hZ0c="},"lastRemoteEphemeralKey":"BVm2V5sB1TjKZdRx42GBRJbLfrMWaSxRXTXewkYKNuMx","previousCounter":0,"rootKey":"zbN++vTAmq0/TXDsGJioCWVcUT1E9KiF2gFROARzgd4="},"indexInfo":{"baseKey":"BSUXelJAoY2wzEbiKDx/ME5VgtSBMmT+hGP9Xmzb56dO","baseKeyType":1,"closed":-1,"used":1748566372580,"created":1748566372580,"remoteIdentityKey":"BXMLb+3bXUJV3eWi5/6JEY1I1Eg4T1LFPsHlvPUvldBN"},"_chains":{"BXJcr0hw4Guo9T5ExFxJYUahswS/DFTyvHsxFl3vaGIi":{"chainKey":{"counter":2,"key":"JkylAglqxl5G1mtIBV1UlhNBHyE2RYt8AapaOQIwcfc="},"chainType":1,"messageKeys":{}}},"pendingPreKey":{"signedKeyId":3,"baseKey":"BSUXelJAoY2wzEbiKDx/ME5VgtSBMmT+hGP9Xmzb56dO","preKeyId":9362062}}},"version":"v1"}