{"_sessions":{"BTEdCWxqn5jABFwdIrXS6mwn7K33qXDeL5rjfRBWUGgU":{"registrationId":490,"currentRatchet":{"ephemeralKeyPair":{"pubKey":"BVQDeinQ199CEB1jqrZ/Dxk0A+dv+0YylDg39dx9ODVn","privKey":"WDBnlnGoeP80hJ7++yUunYbOwnb4my+nGznwalAiM3g="},"lastRemoteEphemeralKey":"BU0oBtTkHmrp3WlSxYyOifjYIKxbRetXyERmh60XSIh7","previousCounter":0,"rootKey":"BVdsnfnHBkow7hndro9d/VYlxqyYxxtlhfx4eeoKDm8="},"indexInfo":{"baseKey":"BTEdCWxqn5jABFwdIrXS6mwn7K33qXDeL5rjfRBWUGgU","baseKeyType":1,"closed":-1,"used":1748567563923,"created":1748567563923,"remoteIdentityKey":"BdvOkOdOzoODSD5aZQ3XAxNFswJzstlJU6uriNxGl313"},"_chains":{"BVQDeinQ199CEB1jqrZ/Dxk0A+dv+0YylDg39dx9ODVn":{"chainKey":{"counter":0,"key":"WFQoeuGCXzzFB84ZcFXv+xcSK0mFcJPm3U686+puXwk="},"chainType":1,"messageKeys":{}}},"pendingPreKey":{"signedKeyId":1,"baseKey":"BTEdCWxqn5jABFwdIrXS6mwn7K33qXDeL5rjfRBWUGgU","preKeyId":389}}},"version":"v1"}