{"_sessions":{"BQwkTp7TLbTHIs+XYOuuR5Q2JCFmJnlFlZ4yDEzYhDkV":{"registrationId":1045136147,"currentRatchet":{"ephemeralKeyPair":{"pubKey":"BZZ7xqW4MaZWbQbh73LB9dx3x+hua2Zn3w3Ro5+Z5ko2","privKey":"QAHkSp5dR4db+WB634pVzuwT5tNJKMjmyhYdRWFBKlw="},"lastRemoteEphemeralKey":"BYIAasqq05+oVkecPieU8q7PBrggdocfxGmctymlpgoP","previousCounter":0,"rootKey":"6lW1V3xZddUS/1pl/fgd2/XuUvOrNVDPLW0Ids4JJyY="},"indexInfo":{"baseKey":"BQwkTp7TLbTHIs+XYOuuR5Q2JCFmJnlFlZ4yDEzYhDkV","baseKeyType":1,"closed":-1,"used":1748566372723,"created":1748566372723,"remoteIdentityKey":"BWaK73M6zqGOcZ/tKPl2LbN17q9FpLvyaFmnVTOrhEpy"},"_chains":{"BZZ7xqW4MaZWbQbh73LB9dx3x+hua2Zn3w3Ro5+Z5ko2":{"chainKey":{"counter":2,"key":"P//KoljpUhVQENIDTWSudshg9I5I2frAyFou9WTV7fk="},"chainType":1,"messageKeys":{}}},"pendingPreKey":{"signedKeyId":2,"baseKey":"BQwkTp7TLbTHIs+XYOuuR5Q2JCFmJnlFlZ4yDEzYhDkV","preKeyId":2851536}}},"version":"v1"}