{"_sessions":{"BeGW2BXj4vHbU2fI7XJsPTDS5GEBsv4ON5g99JQXuvxu":{"registrationId":2116892392,"currentRatchet":{"ephemeralKeyPair":{"pubKey":"BWt6sKW0h27uNz7FbZ5mh6Dz6+G5WIAyhvyMZOq9L70T","privKey":"2BoHH9mYWpTf2DHjV/4C3FBTCBSQqN7FBGVaZ69wlmk="},"lastRemoteEphemeralKey":"BZ07rx8Z5rPFbTrQqVrezS6X99OdksPWAhC5gECrJ/MT","previousCounter":0,"rootKey":"1kF7lkaEF3/5mHR6mmgSKFF68O46X8KrWfbhe7msrHc="},"indexInfo":{"baseKey":"BeGW2BXj4vHbU2fI7XJsPTDS5GEBsv4ON5g99JQXuvxu","baseKeyType":1,"closed":-1,"used":1748567564748,"created":1748567564748,"remoteIdentityKey":"BU27HJXFMCOPxA+1Y3PxrSxdmmDUgXLIEzSYQofs7llb"},"_chains":{"BWt6sKW0h27uNz7FbZ5mh6Dz6+G5WIAyhvyMZOq9L70T":{"chainKey":{"counter":0,"key":"2wmxBaqMMfiUO2PQgd5RvbV0oeINrCF+CXzxpdpevAo="},"chainType":1,"messageKeys":{}}},"pendingPreKey":{"signedKeyId":0,"baseKey":"BeGW2BXj4vHbU2fI7XJsPTDS5GEBsv4ON5g99JQXuvxu","preKeyId":2527502}}},"version":"v1"}