{"_sessions":{"BdFdYKuQk1VhkbG5aAR0xH/I5jWS7xsZyjpt1q/eY/df":{"registrationId":79181778,"currentRatchet":{"ephemeralKeyPair":{"pubKey":"BekTN/HDfOosocw4eoTrJur5I0FDkfJ7Ly4y0mGtdTk7","privKey":"IIlP0PBDdjkxyMjJSA6O/BIMkyTiz+a0XENuCiTMCU4="},"lastRemoteEphemeralKey":"BbX9pq40ccCEJRpmDwR9tqe5CKsy/V+9A/M5y1s4Vldx","previousCounter":0,"rootKey":"fyrK5gOy9Vc60A1ezzR6193Xf0MY87PU3+idej1/AO0="},"indexInfo":{"baseKey":"BdFdYKuQk1VhkbG5aAR0xH/I5jWS7xsZyjpt1q/eY/df","baseKeyType":1,"closed":-1,"used":1748566372712,"created":1748566372712,"remoteIdentityKey":"BeR2zHnyXT8cRMq1kMkdwzrpksfKD2Jc9zchP6QFjvxm"},"_chains":{"BekTN/HDfOosocw4eoTrJur5I0FDkfJ7Ly4y0mGtdTk7":{"chainKey":{"counter":2,"key":"u1gO/2blPAB1fv/LHGKpSgEjECneN2I0DXQxNF7hO9I="},"chainType":1,"messageKeys":{}}},"pendingPreKey":{"signedKeyId":40,"baseKey":"BdFdYKuQk1VhkbG5aAR0xH/I5jWS7xsZyjpt1q/eY/df"}}},"version":"v1"}