{"_sessions":{"BZZvlWmh8tpzUGcviCmt/zDYQRozxyz6PW0oRHjWsL0Y":{"registrationId":1170352724,"currentRatchet":{"ephemeralKeyPair":{"pubKey":"Bf3St8AK/jvbEW/979MhMirR5oqY0zzjDoi1aP407p1O","privKey":"eB6pHvivytPoixuIZ2iliIrXw5Obk3u8LFqVx1Ujzk4="},"lastRemoteEphemeralKey":"BcjtU7FD/etxD/XN1CeHhsfwJt9ayd2xHzcjRdTEyMwZ","previousCounter":0,"rootKey":"LnU/iTTfTyjsaI1KpBv4Gf0d8n9tSLqpy6t5y7/nuIM="},"indexInfo":{"baseKey":"BZZvlWmh8tpzUGcviCmt/zDYQRozxyz6PW0oRHjWsL0Y","baseKeyType":1,"closed":-1,"used":1748566372817,"created":1748566372817,"remoteIdentityKey":"BerhpKNj4wlFhe75o6NhgWj1JagA7rmf2QX6qSSnF4kn"},"_chains":{"Bf3St8AK/jvbEW/979MhMirR5oqY0zzjDoi1aP407p1O":{"chainKey":{"counter":2,"key":"gGpWRsMwVcaWtYArA35qvAfStkclp0wieHRMHTtHz8k="},"chainType":1,"messageKeys":{}}},"pendingPreKey":{"signedKeyId":0,"baseKey":"BZZvlWmh8tpzUGcviCmt/zDYQRozxyz6PW0oRHjWsL0Y","preKeyId":7724812}}},"version":"v1"}