{"_sessions":{"BcmUNK0J+MbmaM9/44V3pCnhcNxoCwK6IL8Q/wz43zcu":{"registrationId":1920361484,"currentRatchet":{"ephemeralKeyPair":{"pubKey":"BT568EfWBFM85uojOEh3NgQ5QfzHvnGMOV1QYUiUyUs9","privKey":"qDoRGYIa4h9R3Xgjbwbk2vTdUXO7vxofyNLG0xhH03s="},"lastRemoteEphemeralKey":"BaouELlOUgOPPWup6/3VQTD7QPHnVsbYfHrbBwY/Pcpk","previousCounter":0,"rootKey":"oy1xMIG9YOkcQNK1twmC5JIm1h+PNnYP9IDntCm4Liw="},"indexInfo":{"baseKey":"BcmUNK0J+MbmaM9/44V3pCnhcNxoCwK6IL8Q/wz43zcu","baseKeyType":1,"closed":-1,"used":1748567564411,"created":1748567564411,"remoteIdentityKey":"BVzLHE82MyRYX02v1qoviaWg0flMWf0rZF0Je6Ugsv96"},"_chains":{"BT568EfWBFM85uojOEh3NgQ5QfzHvnGMOV1QYUiUyUs9":{"chainKey":{"counter":0,"key":"RWceAjcQkvnkFnb9L4eg9obJPXFbMyrX6gnQmts3fhU="},"chainType":1,"messageKeys":{}}},"pendingPreKey":{"signedKeyId":1,"baseKey":"BcmUNK0J+MbmaM9/44V3pCnhcNxoCwK6IL8Q/wz43zcu","preKeyId":399996}}},"version":"v1"}