{"_sessions":{"BRd7KUy36B+YjmvxU2oXfNmZeHOs07goSdRTX+3L6i0b":{"registrationId":303778123,"currentRatchet":{"ephemeralKeyPair":{"pubKey":"BYybBsdcPAA+kEu6NczB2ub5TZdf+hAz0+q6pReBeAR9","privKey":"0KUK8DeLKVoaDJpOZb38IHWXZmCV99AC91MAlqi622Q="},"lastRemoteEphemeralKey":"BXZ6k8rROcs+H0A9IzjjhTnl6djRFSelLV9X62FNtbJS","previousCounter":0,"rootKey":"YD7ZiY4/n1ik8PstYGx34dHF2bk6oWqeOwp3MKBTO60="},"indexInfo":{"baseKey":"BRd7KUy36B+YjmvxU2oXfNmZeHOs07goSdRTX+3L6i0b","baseKeyType":1,"closed":-1,"used":1748566373369,"created":1748566373369,"remoteIdentityKey":"Bb5OZV0MdHCD8kfb0tbRtVDbaPeRAYTOumV5BJdrwQJX"},"_chains":{"BYybBsdcPAA+kEu6NczB2ub5TZdf+hAz0+q6pReBeAR9":{"chainKey":{"counter":2,"key":"zU6cKmicyq3GHpzBE7xoYn/coM4EJBqoRoKykEVMtfc="},"chainType":1,"messageKeys":{}}},"pendingPreKey":{"signedKeyId":1,"baseKey":"BRd7KUy36B+YjmvxU2oXfNmZeHOs07goSdRTX+3L6i0b","preKeyId":13211248}}},"version":"v1"}