{"_sessions":{"BWHFNrABT3ehtPMEFYwlg5GgY8keX6tnyNjn/mm19W9R":{"registrationId":245268835,"currentRatchet":{"ephemeralKeyPair":{"pubKey":"BeOqqm81moXKerNKKZXCVpjOaNogcFcE4273tFHM+GlN","privKey":"IAZCwhVdzOqhHi7ktCaJgXOQGZ6XCk8zWg3zxGNvZks="},"lastRemoteEphemeralKey":"BaykaSK5KAlKqlrD+2l8/ZlgpDxXPaVlhMamMskB5zFe","previousCounter":0,"rootKey":"m06Agl9yyq0seLKtTePH0P3u6GEmIkXoDdWAOPFSL60="},"indexInfo":{"baseKey":"BWHFNrABT3ehtPMEFYwlg5GgY8keX6tnyNjn/mm19W9R","baseKeyType":1,"closed":-1,"used":1748566372551,"created":1748566372551,"remoteIdentityKey":"BYPoYjkm2hICOYo28i8xbG3k6HwLT+xer8Mywwdyrxg1"},"_chains":{"BeOqqm81moXKerNKKZXCVpjOaNogcFcE4273tFHM+GlN":{"chainKey":{"counter":2,"key":"cQcbgul4s2TuRbKZjgS1CsdZ9brvB+sKjk8+Tvce7ig="},"chainType":1,"messageKeys":{}}},"pendingPreKey":{"signedKeyId":1,"baseKey":"BWHFNrABT3ehtPMEFYwlg5GgY8keX6tnyNjn/mm19W9R","preKeyId":14209529}}},"version":"v1"}