{"_sessions":{"BcYg6OhtojUD80+klFiL4YbfHphlePt8vf1DOzS9t6NB":{"registrationId":572389985,"currentRatchet":{"ephemeralKeyPair":{"pubKey":"BXNJRZpLdm5+G8hBjpTY6fLDqS61BU9vjA55+T+/gLh4","privKey":"uGpGKQORgVtnUsFcwOCw1oFARTrkCU3ojbd3bRxNqVo="},"lastRemoteEphemeralKey":"BTAjzWfGB12UxixpDFOMf03hi6U2Zb6XGGgnrEeLWKhs","previousCounter":0,"rootKey":"gMB1IK4KfbiqrW1dqPbj11bQDwdow0BIi9SS3nAuwpI="},"indexInfo":{"baseKey":"BcYg6OhtojUD80+klFiL4YbfHphlePt8vf1DOzS9t6NB","baseKeyType":1,"closed":-1,"used":1748566373550,"created":1748566373550,"remoteIdentityKey":"BVmnaMxol7hAA1A19vLbSA03BAusULTr1JIcI0kWvPQD"},"_chains":{"BXNJRZpLdm5+G8hBjpTY6fLDqS61BU9vjA55+T+/gLh4":{"chainKey":{"counter":2,"key":"ScR58jTTreq/vrOiUcx6bKi4EaORADhX70W23VCnedU="},"chainType":1,"messageKeys":{}}},"pendingPreKey":{"signedKeyId":0,"baseKey":"BcYg6OhtojUD80+klFiL4YbfHphlePt8vf1DOzS9t6NB"}}},"version":"v1"}