{"_sessions":{"Bb0JFZxdl/c5CppwuqpzrIJAALmUt7VnMNwzDfrfuc4n":{"registrationId":1165904915,"currentRatchet":{"ephemeralKeyPair":{"pubKey":"BdHTP1ychaWknyEIThGhcgKVDtl7qS/Z1HussjZTgMIB","privKey":"YE5QbMoGrDVe6ZgdGCOxSdPvFacu/NuEgV/WVW8dZ28="},"lastRemoteEphemeralKey":"BespnrExP5sDFumlZtlvyICHRzmkJQRqRfK5AdZJqCAj","previousCounter":0,"rootKey":"kJiBvztrkNE4BN+jC0nnp/w/M5wr2/KBr+e14Pc6HdE="},"indexInfo":{"baseKey":"Bb0JFZxdl/c5CppwuqpzrIJAALmUt7VnMNwzDfrfuc4n","baseKeyType":1,"closed":-1,"used":1748566373018,"created":1748566373018,"remoteIdentityKey":"BUS9G+6Nh0TbnWDIVTMDXgudwzFnVPNkP7D1pHFroLQ3"},"_chains":{"BdHTP1ychaWknyEIThGhcgKVDtl7qS/Z1HussjZTgMIB":{"chainKey":{"counter":2,"key":"3c2pKbQB4ASXY1lF9PG6xiuZG9c90lLZpgEmzS+nj9E="},"chainType":1,"messageKeys":{}}},"pendingPreKey":{"signedKeyId":8,"baseKey":"Bb0JFZxdl/c5CppwuqpzrIJAALmUt7VnMNwzDfrfuc4n","preKeyId":4598610}}},"version":"v1"}