{"_sessions":{"BUIlr8zJncBxek1YlSbJWvz7iBj/FpJksHoT18eJRfxI":{"registrationId":1803187977,"currentRatchet":{"ephemeralKeyPair":{"pubKey":"BfQt1lAjgS5oPsx6r2pWitJhb6J1+R8Ba/ara1IN3g5D","privKey":"6MXlNvRZ6CeG9r0FJo8ZAR6Qs2oz9KqIinbmhOakIVw="},"lastRemoteEphemeralKey":"BRQ+IPwM2ZDDz5N70CTGDVAJ7fdFnP9K/VSJ4zLop0dG","previousCounter":0,"rootKey":"PB1WfiR+Sv2aav2NSO0gmwQA5aQOi+1g8VAug1KAgKY="},"indexInfo":{"baseKey":"BUIlr8zJncBxek1YlSbJWvz7iBj/FpJksHoT18eJRfxI","baseKeyType":1,"closed":-1,"used":1748566372750,"created":1748566372750,"remoteIdentityKey":"BTaqQmhEM/Gx0mHK/5vRFw0FUw2xRwjiDYr7TUZjap5n"},"_chains":{"BfQt1lAjgS5oPsx6r2pWitJhb6J1+R8Ba/ara1IN3g5D":{"chainKey":{"counter":2,"key":"tezmqa+9Ukc3IB3fRurhhq5mpGmltfAGxHJ5r6YI/SM="},"chainType":1,"messageKeys":{}}},"pendingPreKey":{"signedKeyId":9,"baseKey":"BUIlr8zJncBxek1YlSbJWvz7iBj/FpJksHoT18eJRfxI","preKeyId":4196407}}},"version":"v1"}