{"_sessions":{"BdUqDtDdpMxOre+qsx1Ol2K4Ayg4/xFVqCWIwKXTn3Yk":{"registrationId":1090,"currentRatchet":{"ephemeralKeyPair":{"pubKey":"Bbp0qwgqy0H5L+Mci3so9cTjmLd11w/w6Xbq2xao4MpJ","privKey":"6Fd/WlKL+/x1A2mqGrgIo27xjbOcZURJoxWbm3ccSVU="},"lastRemoteEphemeralKey":"BQaRINZgfYv8Uirgij4iZCJa7bX1bNj4RlUkpN9JY+ll","previousCounter":0,"rootKey":"m0aSu1Z8xz7RTw+MvqhjbuaYBRcZewzwf6OyAoUDRW4="},"indexInfo":{"baseKey":"BdUqDtDdpMxOre+qsx1Ol2K4Ayg4/xFVqCWIwKXTn3Yk","baseKeyType":1,"closed":-1,"used":1748567563928,"created":1748567563928,"remoteIdentityKey":"BeW0+kDpJ7eVakpG1dvK7G7fP9uuaDWGRMM87+O1r8Y0"},"_chains":{"Bbp0qwgqy0H5L+Mci3so9cTjmLd11w/w6Xbq2xao4MpJ":{"chainKey":{"counter":0,"key":"574vybLPP2+/uEuvAuwgxbaO49ENbfm3pPcbfIMaZk4="},"chainType":1,"messageKeys":{}}},"pendingPreKey":{"signedKeyId":1,"baseKey":"BdUqDtDdpMxOre+qsx1Ol2K4Ayg4/xFVqCWIwKXTn3Yk"}}},"version":"v1"}